Date;MSCI-Net;STOXX-Net;MSCI-Price;STOXX-Price;;;
1/31/2019;1000.00;1000.00;1000.00;1000.00;;;
2/1/2019;1004.81;1001.42;1004.80;1001.42;;;
2/4/2019;1006.51;1003.96;1006.51;1003.96;;;
2/5/2019;1019.36;1018.89;1019.36;1018.89;;;
2/6/2019;1020.60;1019.05;1020.60;1019.05;;;
2/7/2019;1003.94;999.09;1003.85;998.98;;;
2/8/2019;995.14;989.35;995.05;989.24;;;
2/11/2019;1006.64;1001.77;1006.53;1001.66;;;
2/12/2019;1009.66;1004.61;1009.55;1004.50;;;
2/13/2019;1018.00;1011.15;1017.72;1011.04;;;
2/14/2019;1016.39;1009.37;1016.09;1009.21;;;
2/15/2019;1026.22;1020.83;1025.93;1020.67;;;
2/18/2019;1029.86;1027.11;1029.49;1026.96;;;
2/19/2019;1028.30;1025.97;1027.93;1025.81;;;
2/20/2019;1034.51;1031.18;1034.09;1031.02;;;
2/21/2019;1032.74;1027.99;1032.28;1027.78;;;
2/22/2019;1036.51;1031.59;1035.97;1031.37;;;
2/25/2019;1039.65;1035.20;1039.11;1034.98;;;
2/26/2019;1044.57;1041.58;1044.03;1041.36;;;
2/27/2019;1039.63;1037.03;1039.10;1036.81;;;
2/28/2019;1040.82;1041.22;1039.99;1040.69;;;
3/1/2019;1050.00;1049.54;1049.16;1049.00;;;
3/4/2019;1054.56;1053.16;1053.66;1052.54;;;
3/5/2019;1051.50;1051.26;1050.60;1050.64;;;
3/6/2019;1048.95;1049.63;1048.06;1049.00;;;
3/7/2019;1040.45;1041.84;1039.04;1040.45;;;
3/8/2019;1029.70;1031.83;1028.25;1030.46;;;
3/11/2019;1038.05;1041.02;1036.59;1039.64;;;
3/12/2019;1039.47;1041.19;1038.00;1039.81;;;
3/13/2019;1045.97;1046.16;1044.49;1044.77;;;
3/14/2019;1055.14;1055.97;1053.47;1054.33;;;
3/15/2019;1062.87;1062.02;1061.05;1060.36;;;
3/18/2019;1064.55;1064.46;1062.67;1062.77;;;
3/19/2019;1072.05;1071.88;1070.14;1070.14;;;
3/20/2019;1059.36;1059.21;1057.47;1057.50;;;
3/21/2019;1058.52;1057.38;1056.30;1055.32;;;
3/22/2019;1046.50;1045.39;1044.32;1043.25;;;
3/25/2019;1038.93;1038.19;1036.76;1036.06;;;
3/26/2019;1045.28;1047.74;1043.07;1045.55;;;
3/27/2019;1045.18;1047.19;1042.85;1044.85;;;
3/28/2019;1043.52;1045.20;1040.80;1042.31;;;
3/29/2019;1051.54;1052.85;1048.45;1049.78;;;
4/1/2019;1067.52;1067.96;1064.14;1064.85;;;
4/2/2019;1072.32;1072.27;1068.74;1069.14;;;
4/3/2019;1087.30;1087.09;1083.57;1083.87;;;
4/4/2019;1082.85;1082.43;1077.91;1078.09;;;
4/5/2019;1086.62;1085.54;1081.17;1081.00;;;
4/8/2019;1081.74;1080.21;1076.31;1075.68;;;
4/9/2019;1072.85;1071.78;1067.30;1067.15;;;
4/10/2019;1079.23;1078.31;1073.46;1073.41;;;
4/11/2019;1084.59;1083.48;1077.61;1077.30;;;
4/12/2019;1089.70;1088.48;1082.23;1081.63;;;
4/15/2019;1093.26;1092.59;1085.53;1085.47;;;
4/16/2019;1096.67;1096.20;1088.92;1089.06;;;
4/17/2019;1096.38;1095.43;1088.63;1088.30;;;
4/18/2019;1099.67;1098.23;1091.81;1090.98;;;
4/19/2019;1099.67;1098.23;1091.81;1090.98;;;
4/22/2019;1098.07;1096.77;1090.21;1089.52;;;
4/23/2019;1102.11;1101.28;1093.62;1093.55;;;
4/24/2019;1101.89;1102.45;1093.10;1094.58;;;
4/25/2019;1097.82;1098.59;1088.59;1090.50;;;
4/26/2019;1101.44;1103.04;1092.03;1094.74;;;
4/29/2019;1102.72;1105.48;1093.05;1096.96;;;
4/30/2019;1098.20;1100.50;1088.43;1091.54;;;
5/1/2019;1098.94;1100.66;1089.17;1091.70;;;
5/2/2019;1093.94;1095.55;1083.70;1086.41;;;
5/3/2019;1097.04;1098.66;1086.79;1089.11;;;
5/6/2019;1086.25;1088.60;1075.53;1078.78;;;
5/7/2019;1075.94;1079.27;1064.98;1069.31;;;
5/8/2019;1076.34;1080.09;1064.94;1069.93;;;
5/9/2019;1059.11;1062.46;1047.13;1052.08;;;
5/10/2019;1064.36;1066.25;1052.09;1055.38;;;
5/13/2019;1047.29;1048.56;1035.07;1037.61;;;
5/14/2019;1060.91;1061.66;1048.21;1050.27;;;
5/15/2019;1064.11;1065.09;1051.34;1053.59;;;
5/16/2019;1075.87;1076.42;1062.82;1064.73;;;
5/17/2019;1071.17;1071.40;1057.92;1059.44;;;
5/20/2019;1058.83;1059.98;1045.31;1047.48;;;
5/21/2019;1068.18;1068.96;1054.18;1055.96;;;
5/22/2019;1066.37;1066.16;1052.24;1052.91;;;
5/23/2019;1047.06;1047.47;1032.46;1033.73;;;
5/24/2019;1051.37;1052.30;1036.58;1038.29;;;
5/27/2019;1052.53;1054.52;1037.43;1040.08;;;
5/28/2019;1054.87;1055.74;1039.74;1041.26;;;
5/29/2019;1036.92;1037.82;1022.01;1023.50;;;
5/30/2019;1042.55;1043.73;1027.17;1028.85;;;
5/31/2019;1037.16;1036.72;1021.59;1021.59;;;
6/3/2019;1037.87;1037.30;1022.05;1022.09;;;
6/4/2019;1042.40;1042.95;1026.51;1027.56;;;
6/5/2019;1050.23;1050.37;1034.09;1034.84;;;
6/6/2019;1046.95;1046.18;1030.54;1030.25;;;
6/7/2019;1057.69;1055.51;1041.06;1039.36;;;
6/10/2019;1059.26;1058.03;1042.60;1041.83;;;
6/11/2019;1068.85;1066.73;1052.04;1050.40;;;
6/12/2019;1066.05;1063.56;1049.29;1047.28;;;
6/13/2019;1067.89;1065.54;1050.56;1048.40;;;
6/14/2019;1062.00;1060.14;1044.69;1042.95;;;
6/17/2019;1060.91;1059.16;1043.50;1041.88;;;
6/18/2019;1078.18;1075.33;1060.49;1057.78;;;
6/19/2019;1078.76;1075.26;1060.79;1057.47;;;
6/20/2019;1083.38;1077.70;1065.14;1059.48;;;
6/21/2019;1079.06;1073.92;1060.85;1055.70;;;
6/24/2019;1077.15;1070.54;1058.64;1051.95;;;
6/25/2019;1078.49;1070.10;1059.96;1051.25;;;
6/26/2019;1073.32;1065.69;1054.87;1046.92;;;
6/27/2019;1072.64;1065.86;1053.78;1046.65;;;
6/28/2019;1082.31;1075.46;1063.28;1055.87;;;
7/1/2019;1091.41;1084.81;1072.06;1064.82;;;
7/2/2019;1092.16;1086.07;1072.73;1066.03;;;
7/3/2019;1103.28;1097.38;1083.63;1077.03;;;
7/4/2019;1104.69;1099.56;1084.78;1078.88;;;
7/5/2019;1093.46;1090.79;1073.76;1070.27;;;
7/8/2019;1091.26;1088.01;1071.50;1067.41;;;
7/9/2019;1083.50;1080.23;1063.87;1059.77;;;
7/10/2019;1081.46;1077.78;1061.87;1057.37;;;
7/11/2019;1081.36;1078.26;1061.67;1057.79;;;
7/12/2019;1086.71;1084.47;1066.92;1063.85;;;
7/15/2019;1090.87;1089.07;1071.18;1068.36;;;
7/16/2019;1096.15;1093.53;1076.36;1072.74;;;
7/17/2019;1092.08;1088.78;1072.36;1068.08;;;
7/18/2019;1086.53;1084.21;1066.91;1063.60;;;
7/19/2019;1090.89;1088.69;1071.19;1067.99;;;
7/22/2019;1091.35;1090.13;1071.64;1069.41;;;
7/23/2019;1102.87;1099.03;1082.96;1078.14;;;
7/24/2019;1109.23;1103.92;1089.20;1082.93;;;
7/25/2019;1101.45;1098.54;1081.50;1077.50;;;
7/26/2019;1103.06;1100.59;1083.00;1079.40;;;
7/29/2019;1103.49;1099.62;1083.42;1078.46;;;
7/30/2019;1085.22;1080.71;1065.48;1059.90;;;
7/31/2019;1087.51;1081.16;1067.72;1060.35;;;
8/1/2019;1094.86;1086.90;1074.92;1065.96;;;
8/2/2019;1068.66;1062.10;1049.19;1041.64;;;
8/5/2019;1040.34;1034.59;1021.39;1014.56;;;
8/6/2019;1038.05;1032.87;1019.14;1012.88;;;
8/7/2019;1041.81;1036.03;1022.83;1015.98;;;
8/8/2019;1059.35;1052.20;1039.89;1031.72;;;
8/9/2019;1049.98;1043.45;1030.69;1023.13;;;
8/12/2019;1044.52;1036.56;1025.32;1016.38;;;
8/13/2019;1047.36;1039.69;1028.06;1019.39;;;
8/14/2019;1028.73;1020.78;1009.78;1000.84;;;
8/15/2019;1023.93;1015.18;1004.54;994.86;;;
8/16/2019;1038.07;1029.87;1018.41;1009.25;;;
8/19/2019;1051.94;1043.76;1031.89;1022.65;;;
8/20/2019;1043.84;1036.32;1023.94;1015.37;;;
8/21/2019;1060.98;1052.21;1040.75;1030.93;;;
8/22/2019;1058.87;1050.16;1038.43;1028.63;;;
8/23/2019;1051.60;1043.37;1031.13;1021.79;;;
8/26/2019;1050.17;1041.48;1029.73;1019.95;;;
8/27/2019;1058.87;1050.52;1038.20;1028.73;;;
8/28/2019;1052.68;1044.28;1032.13;1022.62;;;
8/29/2019;1063.35;1054.20;1042.40;1032.10;;;
8/30/2019;1075.54;1065.03;1054.24;1042.63;;;
9/2/2019;1078.05;1067.55;1056.69;1045.10;;;
9/3/2019;1074.55;1063.97;1053.26;1041.60;;;
9/4/2019;1085.50;1075.11;1063.99;1052.50;;;
9/5/2019;1098.03;1086.92;1075.82;1063.49;;;
9/6/2019;1101.75;1089.41;1079.38;1065.93;;;
9/9/2019;1098.78;1086.30;1076.47;1062.88;;;
9/10/2019;1098.82;1087.76;1076.51;1064.32;;;
9/11/2019;1111.77;1098.98;1089.20;1075.29;;;
9/12/2019;1112.24;1097.67;1089.57;1073.91;;;
9/13/2019;1118.84;1105.39;1096.03;1081.47;;;
9/16/2019;1113.31;1099.48;1090.59;1075.68;;;
9/17/2019;1110.68;1096.86;1088.02;1073.12;;;
9/18/2019;1109.04;1096.58;1086.42;1072.85;;;
9/19/2019;1114.31;1100.59;1091.53;1076.73;;;
9/20/2019;1114.88;1101.92;1092.08;1077.99;;;
9/23/2019;1104.26;1089.96;1081.66;1066.27;;;
9/24/2019;1107.06;1091.71;1084.41;1067.97;;;
9/25/2019;1098.48;1083.01;1076.00;1059.46;;;
9/26/2019;1105.45;1089.88;1082.61;1066.04;;;
9/27/2019;1112.22;1096.86;1089.13;1072.87;;;
9/30/2019;1114.19;1099.39;1091.06;1075.35;;;
10/1/2019;1103.00;1087.45;1080.03;1063.62;;;
10/2/2019;1073.68;1058.67;1051.32;1035.47;;;
10/3/2019;1072.90;1055.67;1050.28;1032.15;;;
10/4/2019;1081.72;1064.24;1058.92;1040.52;;;
10/7/2019;1088.92;1070.18;1065.97;1046.33;;;
10/8/2019;1073.89;1056.44;1051.25;1032.90;;;
10/9/2019;1076.62;1058.68;1053.93;1035.04;;;
10/10/2019;1083.86;1065.56;1060.56;1041.37;;;
10/11/2019;1115.14;1095.45;1091.14;1070.57;;;
10/14/2019;1109.77;1090.87;1085.89;1066.10;;;
10/15/2019;1127.40;1106.63;1103.15;1081.50;;;
10/16/2019;1124.04;1104.43;1099.85;1079.35;;;
10/17/2019;1124.92;1104.26;1100.60;1079.06;;;
10/18/2019;1121.58;1101.10;1097.33;1075.98;;;
10/21/2019;1127.99;1108.55;1103.60;1083.26;;;
10/22/2019;1126.00;1107.51;1101.66;1082.24;;;
10/23/2019;1125.43;1108.58;1101.10;1083.29;;;
10/24/2019;1132.90;1113.93;1108.13;1088.42;;;
10/25/2019;1132.79;1113.92;1108.02;1088.41;;;
10/28/2019;1140.86;1120.38;1115.89;1094.68;;;
10/29/2019;1139.62;1119.29;1114.63;1093.62;;;
10/30/2019;1140.43;1117.35;1115.43;1091.72;;;
10/31/2019;1135.26;1113.84;1110.34;1088.29;;;
11/1/2019;1144.77;1121.74;1119.65;1096.01;;;
11/4/2019;1154.92;1130.80;1129.57;1104.86;;;
11/5/2019;1155.99;1132.68;1130.57;1106.69;;;
11/6/2019;1154.94;1132.72;1129.54;1106.71;;;
11/7/2019;1161.58;1138.88;1135.96;1112.65;;;
11/8/2019;1158.96;1134.43;1133.34;1108.30;;;
11/11/2019;1159.34;1134.37;1133.72;1108.24;;;
11/12/2019;1162.52;1139.02;1136.82;1112.79;;;
11/13/2019;1159.70;1135.46;1134.34;1109.31;;;
11/14/2019;1156.47;1132.91;1131.03;1106.65;;;
11/15/2019;1162.95;1139.83;1137.36;1113.41;;;
11/18/2019;1163.70;1140.02;1137.83;1113.32;;;
11/19/2019;1161.95;1140.41;1136.12;1113.70;;;
11/20/2019;1159.02;1136.41;1133.24;1109.79;;;
11/21/2019;1152.87;1130.33;1127.06;1103.65;;;
11/22/2019;1158.92;1135.70;1132.97;1108.89;;;
11/25/2019;1173.30;1149.90;1147.02;1122.76;;;
11/26/2019;1182.92;1157.98;1156.43;1130.65;;;
11/27/2019;1186.22;1161.53;1159.66;1134.12;;;
11/28/2019;1184.58;1160.91;1157.84;1133.26;;;
11/29/2019;1177.46;1154.53;1150.88;1127.03;;;
12/2/2019;1160.33;1137.42;1134.10;1110.29;;;
12/3/2019;1153.51;1131.27;1127.44;1104.29;;;
12/4/2019;1166.83;1145.00;1140.42;1117.69;;;
12/5/2019;1169.46;1147.17;1142.90;1119.69;;;
12/6/2019;1181.50;1160.00;1154.67;1132.20;;;
12/9/2019;1180.26;1158.82;1153.46;1131.05;;;
12/10/2019;1174.48;1153.68;1147.81;1126.03;;;
12/11/2019;1174.90;1154.02;1148.22;1126.36;;;
12/12/2019;1177.42;1156.18;1150.55;1128.31;;;
12/13/2019;1196.25;1174.54;1168.95;1146.23;;;
12/16/2019;1211.29;1190.34;1183.62;1161.65;;;
12/17/2019;1203.45;1180.66;1175.96;1152.20;;;
12/18/2019;1199.51;1176.26;1172.12;1147.91;;;
12/19/2019;1201.31;1177.27;1173.65;1148.63;;;
12/20/2019;1208.14;1183.18;1180.32;1154.32;;;
12/23/2019;1210.55;1185.31;1182.65;1156.37;;;
12/24/2019;1214.51;1189.30;1186.50;1160.24;;;
12/25/2019;1214.51;1189.30;1186.50;1160.24;;;
12/26/2019;1214.97;1189.98;1186.94;1160.90;;;
12/27/2019;1216.43;1192.74;1188.37;1163.59;;;
12/30/2019;1206.86;1185.15;1179.02;1156.19;;;
12/31/2019;1205.72;1184.09;1177.91;1155.16;;;
1/2/2020;1215.99;1194.94;1187.85;1165.69;;;
1/3/2020;1208.75;1187.45;1180.71;1158.31;;;
1/6/2020;1202.16;1181.09;1174.25;1152.07;;;
1/7/2020;1206.27;1186.35;1178.25;1157.20;;;
1/8/2020;1207.19;1188.24;1179.16;1159.05;;;
1/9/2020;1208.88;1189.84;1180.80;1160.60;;;
1/10/2020;1207.18;1187.30;1179.14;1158.12;;;
1/13/2020;1206.35;1186.35;1178.33;1157.19;;;
1/14/2020;1212.41;1192.63;1184.24;1163.32;;;
1/15/2020;1211.41;1191.52;1183.28;1162.23;;;
1/16/2020;1214.86;1194.83;1186.56;1165.46;;;
1/17/2020;1224.94;1203.44;1196.40;1173.86;;;
1/20/2020;1225.84;1204.28;1197.29;1174.68;;;
1/21/2020;1225.11;1203.05;1196.57;1173.48;;;
1/22/2020;1229.05;1204.87;1200.43;1175.25;;;
1/23/2020;1219.02;1195.14;1190.60;1165.74;;;
1/24/2020;1229.96;1206.09;1201.28;1176.42;;;
1/27/2020;1204.10;1180.70;1176.03;1151.65;;;
1/28/2020;1212.57;1189.72;1184.30;1160.46;;;
1/29/2020;1219.24;1195.53;1190.82;1166.12;;;
1/30/2020;1208.22;1184.91;1179.92;1155.62;;;
1/31/2020;1194.16;1172.81;1166.19;1143.82;;;
2/3/2020;1198.87;1175.99;1170.80;1146.93;;;
2/4/2020;1216.54;1190.78;1188.05;1161.35;;;
2/5/2020;1232.02;1205.05;1203.17;1175.27;;;
2/6/2020;1232.44;1204.34;1203.48;1174.45;;;
2/7/2020;1225.49;1199.42;1196.69;1169.65;;;
2/10/2020;1228.51;1202.92;1199.64;1173.07;;;
2/11/2020;1242.74;1215.84;1213.53;1185.67;;;
2/12/2020;1250.13;1224.55;1220.63;1194.17;;;
2/13/2020;1251.03;1226.48;1221.45;1196.02;;;
2/14/2020;1252.62;1228.25;1223.00;1197.74;;;
2/17/2020;1255.77;1231.37;1226.02;1200.78;;;
2/18/2020;1251.80;1226.99;1222.15;1196.44;;;
2/19/2020;1263.59;1238.81;1233.65;1207.94;;;
2/20/2020;1256.18;1230.32;1226.37;1199.60;;;
2/21/2020;1251.35;1225.00;1221.59;1194.41;;;
2/24/2020;1204.10;1179.34;1175.47;1149.89;;;
2/25/2020;1184.84;1158.45;1156.67;1129.53;;;
2/26/2020;1182.91;1155.75;1154.77;1126.89;;;
2/27/2020;1138.66;1113.79;1111.46;1085.87;;;
2/28/2020;1101.73;1075.76;1075.41;1048.79;;;
3/2/2020;1098.14;1074.71;1071.90;1047.77;;;
3/3/2020;1118.90;1093.41;1092.17;1066.00;;;
3/4/2020;1127.43;1103.16;1100.39;1075.39;;;
3/5/2020;1109.50;1085.26;1082.33;1057.27;;;
3/6/2020;1070.44;1048.43;1044.19;1021.40;;;
3/9/2020;994.24;972.69;969.75;947.46;;;
3/10/2020;982.43;960.70;958.22;935.79;;;
3/11/2020;966.07;945.62;942.27;921.10;;;
3/12/2020;852.11;832.20;830.92;810.43;;;
3/13/2020;861.33;840.41;839.91;818.42;;;
3/16/2020;809.78;787.38;789.62;766.78;;;
3/17/2020;815.66;793.58;795.33;772.82;;;
3/18/2020;788.26;769.53;768.61;749.40;;;
3/19/2020;807.27;784.49;786.90;763.61;;;
3/20/2020;825.43;805.54;804.60;784.04;;;
3/23/2020;783.25;768.00;763.49;747.46;;;
3/24/2020;852.25;832.90;830.70;810.58;;;
3/25/2020;878.24;855.53;856.02;832.59;;;
3/26/2020;909.31;886.63;886.28;862.63;;;
3/27/2020;879.47;856.94;857.15;833.68;;;
3/30/2020;883.67;861.06;861.09;837.69;;;
3/31/2020;902.19;876.57;879.17;852.70;;;
4/1/2020;874.24;847.13;851.56;823.99;;;
4/2/2020;873.66;850.69;850.43;826.97;;;
4/3/2020;862.70;838.85;839.32;814.94;;;
4/6/2020;895.85;873.71;871.62;848.80;;;
4/7/2020;922.51;897.45;897.63;871.87;;;
4/8/2020;928.84;904.63;903.70;878.84;;;
4/9/2020;949.37;925.75;923.77;899.33;;;
4/10/2020;949.37;925.75;923.77;899.33;;;
4/13/2020;950.71;926.61;925.08;900.16;;;
4/14/2020;952.66;928.20;927.15;901.71;;;
4/15/2020;918.32;893.53;893.73;868.03;;;
4/16/2020;917.87;892.99;892.76;867.30;;;
4/17/2020;947.85;923.25;921.75;896.50;;;
4/20/2020;949.55;925.65;923.38;898.82;;;
4/21/2020;923.55;900.55;898.02;874.45;;;
4/22/2020;937.47;916.22;911.29;889.43;;;
4/23/2020;951.58;930.15;924.74;902.78;;;
4/24/2020;943.02;922.08;916.42;894.94;;;
4/27/2020;960.67;939.58;933.34;911.64;;;
4/28/2020;979.56;953.80;951.57;925.29;;;
4/29/2020;1001.93;975.25;972.96;945.81;;;
4/30/2020;983.70;957.99;954.83;928.85;;;
5/1/2020;975.77;950.04;947.14;921.29;;;
5/4/2020;951.07;925.51;923.54;897.47;;;
5/5/2020;973.28;946.28;944.90;917.62;;;
5/6/2020;971.14;942.67;942.78;914.11;;;
5/7/2020;985.80;958.27;956.61;928.68;;;
5/8/2020;996.69;968.97;967.04;939.01;;;
5/11/2020;990.98;962.64;961.50;932.87;;;
5/12/2020;994.19;963.03;964.43;933.03;;;
5/13/2020;975.20;944.21;945.87;914.68;;;
5/14/2020;949.09;920.54;920.53;891.73;;;
5/15/2020;957.21;929.10;928.17;899.71;;;
5/18/2020;994.92;966.77;964.48;935.72;;;
5/19/2020;986.21;958.47;955.95;927.69;;;
5/20/2020;995.54;966.15;964.89;935.01;;;
5/21/2020;992.34;963.39;961.32;931.93;;;
5/22/2020;996.01;966.87;964.83;935.21;;;
5/25/2020;1010.96;982.46;979.24;950.21;;;
5/26/2020;1032.34;1003.40;999.95;970.45;;;
5/27/2020;1026.12;998.96;993.93;966.17;;;
5/28/2020;1044.82;1015.86;1011.99;982.33;;;
5/29/2020;1032.77;1006.72;1000.32;973.40;;;
6/1/2020;1046.06;1018.51;1012.97;984.76;;;
6/2/2020;1064.42;1034.63;1030.73;1000.32;;;
6/3/2020;1089.35;1058.47;1054.74;1023.37;;;
6/4/2020;1083.46;1052.34;1049.01;1017.41;;;
6/5/2020;1106.37;1071.94;1071.10;1036.31;;;
6/8/2020;1102.25;1067.00;1066.91;1031.22;;;
6/9/2020;1083.92;1047.42;1049.16;1012.26;;;
6/10/2020;1075.21;1041.95;1040.73;1006.98;;;
6/11/2020;1027.68;999.29;994.37;965.39;;;
6/12/2020;1033.91;1004.32;1000.40;970.25;;;
6/15/2020;1033.57;1004.36;1000.06;970.27;;;
6/16/2020;1062.25;1029.73;1028.03;994.78;;;
6/17/2020;1068.00;1034.64;1033.31;999.42;;;
6/18/2020;1063.33;1024.98;1028.66;989.94;;;
6/19/2020;1064.85;1024.00;1030.09;988.99;;;
6/22/2020;1060.50;1020.63;1025.46;985.71;;;
6/23/2020;1071.49;1030.27;1036.01;994.73;;;
6/24/2020;1040.93;1001.31;1006.48;966.77;;;
6/25/2020;1048.67;1009.49;1013.80;974.48;;;
6/26/2020;1046.39;1008.18;1011.58;973.21;;;
6/29/2020;1050.61;1011.60;1015.18;975.97;;;
6/30/2020;1055.08;1016.50;1019.51;980.67;;;
7/1/2020;1059.93;1020.92;1024.14;984.78;;;
7/2/2020;1078.47;1038.67;1041.85;1001.79;;;
7/3/2020;1071.97;1033.12;1035.57;996.43;;;
7/6/2020;1090.41;1048.92;1053.38;1011.59;;;
7/7/2020;1086.98;1047.37;1049.78;1009.79;;;
7/8/2020;1078.25;1039.10;1041.35;1001.82;;;
7/9/2020;1070.21;1031.14;1033.54;994.10;;;
7/10/2020;1078.59;1040.25;1041.63;1002.88;;;
7/13/2020;1089.56;1051.18;1052.20;1013.42;;;
7/14/2020;1079.74;1043.49;1042.71;1006.00;;;
7/15/2020;1100.08;1062.77;1062.36;1024.59;;;
7/16/2020;1095.92;1059.71;1058.34;1021.64;;;
7/17/2020;1096.03;1059.66;1058.44;1021.59;;;
7/20/2020;1105.98;1069.42;1068.06;1030.99;;;
7/21/2020;1109.62;1071.12;1071.57;1032.62;;;
7/22/2020;1105.79;1070.11;1067.77;1031.53;;;
7/23/2020;1105.60;1068.13;1067.58;1029.62;;;
7/24/2020;1086.44;1049.57;1049.08;1011.73;;;
7/27/2020;1082.89;1046.36;1045.62;1008.62;;;
7/28/2020;1086.59;1050.95;1049.18;1013.02;;;
7/29/2020;1087.06;1052.31;1049.55;1014.23;;;
7/30/2020;1064.88;1031.35;1028.13;994.03;;;
7/31/2020;1058.60;1026.86;1021.95;989.58;;;
8/3/2020;1080.49;1048.41;1043.09;1010.35;;;
8/4/2020;1077.98;1045.46;1040.66;1007.51;;;
8/5/2020;1091.87;1057.73;1054.07;1019.34;;;
8/6/2020;1088.42;1054.28;1050.74;1015.92;;;
8/7/2020;1096.13;1061.32;1058.18;1022.70;;;
8/10/2020;1099.99;1064.60;1061.49;1025.39;;;
8/11/2020;1119.71;1078.63;1080.45;1038.84;;;
8/12/2020;1129.80;1088.51;1090.19;1048.35;;;
8/13/2020;1127.02;1086.46;1086.96;1046.09;;;
8/14/2020;1112.34;1072.78;1072.81;1032.92;;;
8/17/2020;1116.57;1076.71;1076.90;1036.70;;;
8/18/2020;1110.65;1070.50;1071.18;1030.73;;;
8/19/2020;1113.98;1074.09;1074.39;1034.18;;;
8/20/2020;1103.09;1063.04;1063.02;1022.92;;;
8/21/2020;1104.52;1064.72;1064.31;1024.47;;;
8/24/2020;1120.05;1078.05;1079.28;1037.29;;;
8/25/2020;1117.16;1075.53;1076.41;1034.87;;;
8/26/2020;1130.53;1087.91;1089.29;1046.78;;;
8/27/2020;1121.57;1078.99;1080.53;1038.03;;;
8/28/2020;1116.48;1074.84;1075.59;1033.99;;;
8/31/2020;1113.55;1071.73;1072.76;1031.00;;;
9/1/2020;1108.00;1066.26;1067.41;1025.59;;;
9/2/2020;1125.30;1083.10;1084.07;1041.78;;;
9/3/2020;1106.51;1063.85;1065.82;1023.06;;;
9/4/2020;1093.42;1052.78;1053.21;1012.42;;;
9/7/2020;1114.06;1072.27;1072.97;1031.02;;;
9/8/2020;1100.54;1061.29;1059.93;1020.47;;;
9/9/2020;1116.30;1075.23;1075.06;1033.58;;;
9/10/2020;1109.28;1069.32;1068.31;1027.90;;;
9/11/2020;1109.15;1069.88;1068.18;1028.44;;;
9/14/2020;1113.16;1073.22;1072.04;1031.65;;;
9/15/2020;1120.60;1080.09;1079.20;1038.26;;;
9/16/2020;1132.16;1090.35;1090.33;1048.12;;;
9/17/2020;1126.75;1086.62;1085.08;1044.46;;;
9/18/2020;1120.29;1080.37;1078.81;1038.41;;;
9/21/2020;1081.56;1043.34;1041.52;1002.81;;;
9/22/2020;1082.84;1044.29;1042.63;1003.73;;;
9/23/2020;1089.34;1050.90;1048.86;1010.05;;;
9/24/2020;1077.79;1040.75;1037.59;1000.16;;;
9/25/2020;1080.09;1045.34;1039.80;1004.57;;;
9/28/2020;1106.75;1069.22;1065.47;1027.52;;;
9/29/2020;1102.94;1063.97;1061.81;1022.47;;;
9/30/2020;1104.84;1067.29;1063.63;1025.60;;;
10/1/2020;1109.37;1071.98;1067.73;1030.04;;;
10/2/2020;1113.60;1077.23;1071.78;1035.08;;;
10/5/2020;1126.75;1090.20;1084.43;1047.35;;;
10/6/2020;1127.07;1093.40;1084.60;1050.42;;;
10/7/2020;1127.90;1094.40;1085.40;1051.38;;;
10/8/2020;1137.29;1104.06;1094.33;1060.65;;;
10/9/2020;1143.16;1109.47;1099.97;1065.85;;;
10/12/2020;1152.59;1117.05;1109.04;1073.12;;;
10/13/2020;1144.52;1109.63;1101.28;1066.00;;;
10/14/2020;1148.42;1111.14;1105.04;1067.45;;;
10/15/2020;1126.32;1092.90;1083.68;1049.83;;;
10/16/2020;1138.42;1103.89;1095.31;1060.39;;;
10/19/2020;1136.96;1101.82;1093.91;1058.40;;;
10/20/2020;1134.45;1100.12;1091.50;1056.77;;;
10/21/2020;1119.17;1086.13;1076.79;1043.33;;;
10/22/2020;1118.19;1086.78;1075.74;1043.84;;;
10/23/2020;1124.47;1092.16;1081.73;1048.89;;;
10/26/2020;1103.54;1070.71;1061.56;1028.21;;;
10/27/2020;1096.53;1063.20;1054.81;1020.99;;;
10/28/2020;1065.65;1033.78;1025.11;992.72;;;
10/29/2020;1063.44;1033.06;1022.98;992.03;;;
10/30/2020;1065.62;1035.85;1025.07;994.71;;;
11/2/2020;1077.29;1047.56;1036.31;1005.96;;;
11/3/2020;1102.09;1070.26;1059.94;1027.53;;;
11/4/2020;1123.06;1092.55;1079.94;1048.76;;;
11/5/2020;1140.50;1106.77;1096.73;1062.41;;;
11/6/2020;1136.50;1103.31;1092.87;1059.08;;;
11/9/2020;1172.69;1136.37;1127.68;1090.82;;;
11/10/2020;1181.63;1145.49;1136.22;1099.53;;;
11/11/2020;1191.94;1155.21;1146.14;1108.85;;;
11/12/2020;1185.23;1147.93;1139.19;1101.73;;;
11/13/2020;1187.31;1151.03;1141.19;1104.71;;;
11/16/2020;1202.53;1163.62;1155.82;1116.80;;;
11/17/2020;1202.09;1161.00;1155.32;1114.28;;;
11/18/2020;1208.29;1166.52;1161.11;1119.58;;;
11/19/2020;1200.41;1158.30;1153.47;1111.62;;;
11/20/2020;1207.11;1164.93;1159.91;1117.92;;;
11/23/2020;1204.85;1163.95;1157.59;1116.94;;;
11/24/2020;1210.69;1170.62;1163.19;1123.34;;;
11/25/2020;1209.76;1170.37;1162.31;1123.10;;;
11/26/2020;1208.74;1169.98;1161.05;1122.46;;;
11/27/2020;1216.22;1176.09;1168.20;1128.31;;;
11/30/2020;1210.97;1172.04;1163.07;1124.42;;;
12/1/2020;1218.04;1177.69;1169.87;1129.84;;;
12/2/2020;1210.64;1172.40;1162.76;1124.76;;;
12/3/2020;1214.46;1177.16;1166.17;1129.08;;;
12/4/2020;1216.49;1179.57;1168.12;1131.36;;;
12/7/2020;1210.97;1173.89;1162.82;1125.88;;;
12/8/2020;1216.93;1177.84;1168.55;1129.65;;;
12/9/2020;1224.18;1182.34;1175.41;1133.97;;;
12/10/2020;1215.97;1173.91;1167.47;1125.81;;;
12/11/2020;1209.35;1166.29;1161.10;1118.50;;;
12/14/2020;1221.02;1174.11;1172.29;1126.01;;;
12/15/2020;1225.20;1179.28;1176.30;1130.96;;;
12/16/2020;1235.68;1189.60;1186.28;1140.76;;;
12/17/2020;1241.08;1196.02;1191.30;1146.57;;;
12/18/2020;1239.70;1191.00;1189.96;1141.73;;;
12/21/2020;1217.75;1169.19;1168.80;1120.73;;;
12/22/2020;1231.17;1180.96;1181.68;1132.02;;;
12/23/2020;1245.47;1196.43;1195.41;1146.84;;;
12/24/2020;1247.11;1197.49;1196.96;1147.84;;;
12/25/2020;1247.11;1197.49;1196.96;1147.84;;;
12/28/2020;1253.02;1202.53;1202.63;1152.67;;;
12/29/2020;1264.26;1213.20;1213.42;1162.90;;;
12/30/2020;1259.81;1206.81;1209.13;1156.77;;;
12/31/2020;1256.68;1203.70;1206.13;1153.79;;;
1/4/2021;1265.41;1214.10;1214.51;1163.76;;;
1/5/2021;1265.81;1214.51;1214.80;1164.06;;;
1/6/2021;1277.22;1227.97;1225.75;1176.96;;;
1/7/2021;1284.27;1232.38;1232.46;1181.13;;;
1/8/2021;1294.54;1241.91;1242.31;1190.27;;;
1/11/2021;1282.37;1232.64;1230.63;1181.38;;;
1/12/2021;1284.75;1234.78;1232.91;1183.43;;;
1/13/2021;1288.06;1236.81;1236.09;1185.38;;;
1/14/2021;1296.71;1245.29;1244.21;1193.41;;;
1/15/2021;1281.08;1230.30;1229.20;1179.04;;;
1/18/2021;1286.12;1233.69;1234.04;1182.29;;;
1/19/2021;1283.21;1229.92;1231.25;1178.68;;;
1/20/2021;1293.98;1238.60;1241.59;1187.00;;;
1/21/2021;1298.97;1242.50;1246.37;1190.73;;;
1/22/2021;1288.67;1230.81;1236.48;1179.47;;;
1/25/2021;1277.18;1218.87;1225.47;1168.03;;;
1/26/2021;1281.32;1222.56;1229.43;1171.57;;;
1/27/2021;1271.09;1211.50;1219.58;1160.76;;;
1/28/2021;1271.16;1214.22;1219.66;1163.79;;;
1/29/2021;1253.88;1199.08;1203.07;1149.94;;;
2/1/2021;1271.64;1215.55;1220.10;1165.69;;;
2/2/2021;1289.83;1233.17;1237.56;1182.52;;;
2/3/2021;1294.65;1235.94;1242.18;1185.54;;;
2/4/2021;1301.04;1241.70;1248.32;1191.07;;;
2/5/2021;1302.28;1242.31;1249.50;1191.78;;;
2/8/2021;1304.81;1244.45;1251.94;1193.92;;;
2/9/2021;1302.59;1242.05;1249.81;1191.47;;;
2/10/2021;1297.19;1238.60;1244.63;1188.42;;;
2/11/2021;1304.96;1244.83;1252.04;1194.23;;;
2/12/2021;1310.80;1250.54;1257.65;1199.82;;;
2/15/2021;1327.55;1266.71;1273.71;1215.47;;;
2/16/2021;1325.61;1265.27;1271.86;1214.09;;;
2/17/2021;1312.29;1253.51;1259.07;1202.85;;;
2/18/2021;1303.26;1243.02;1250.42;1192.41;;;
2/19/2021;1314.44;1252.98;1261.14;1202.31;;;
2/22/2021;1305.78;1249.34;1252.82;1198.52;;;
2/23/2021;1297.98;1241.97;1245.34;1191.13;;;
2/24/2021;1304.41;1247.27;1251.51;1196.39;;;
2/25/2021;1299.83;1245.18;1247.09;1194.24;;;
2/26/2021;1276.66;1223.36;1224.86;1172.92;;;
3/1/2021;1302.41;1247.92;1249.57;1196.71;;;
3/2/2021;1304.51;1250.15;1251.58;1198.19;;;
3/3/2021;1305.47;1253.53;1252.43;1200.56;;;
3/4/2021;1298.43;1249.21;1245.62;1195.97;;;
3/5/2021;1284.77;1236.24;1232.49;1183.57;;;
3/8/2021;1310.02;1258.53;1256.72;1204.19;;;
3/9/2021;1324.51;1270.50;1270.62;1216.50;;;
3/10/2021;1325.57;1271.54;1271.63;1217.52;;;
3/11/2021;1336.06;1280.89;1281.28;1226.64;;;
3/12/2021;1330.87;1277.35;1276.22;1223.15;;;
3/15/2021;1330.10;1277.93;1275.48;1224.24;;;
3/16/2021;1344.63;1292.14;1289.42;1237.98;;;
3/17/2021;1333.37;1282.27;1278.52;1228.15;;;
3/18/2021;1337.15;1289.75;1281.70;1234.90;;;
3/19/2021;1327.32;1281.77;1272.28;1227.72;;;
3/22/2021;1330.41;1284.64;1275.16;1230.34;;;
3/23/2021;1328.21;1282.00;1273.05;1227.79;;;
3/24/2021;1329.51;1283.21;1274.29;1228.66;;;
3/25/2021;1328.01;1280.79;1271.99;1226.00;;;
3/26/2021;1341.34;1291.75;1284.51;1236.22;;;
3/29/2021;1338.85;1288.15;1282.13;1232.64;;;
3/30/2021;1347.42;1297.53;1290.33;1241.57;;;
3/31/2021;1346.68;1295.56;1289.11;1239.60;;;
4/1/2021;1362.51;1309.19;1303.86;1252.45;;;
4/2/2021;1362.51;1309.23;1303.86;1252.45;;;
4/5/2021;1363.38;1310.08;1304.71;1253.23;;;
4/6/2021;1371.11;1318.46;1312.10;1261.20;;;
4/7/2021;1370.40;1319.54;1311.42;1262.11;;;
4/8/2021;1377.23;1324.58;1317.39;1266.24;;;
4/9/2021;1381.16;1327.78;1321.02;1269.09;;;
4/12/2021;1374.24;1321.21;1314.40;1262.72;;;
4/13/2021;1381.92;1328.84;1321.67;1270.01;;;
4/14/2021;1383.01;1329.78;1322.43;1270.58;;;
4/15/2021;1390.26;1334.99;1328.98;1275.24;;;
4/16/2021;1403.01;1347.36;1340.33;1286.34;;;
4/19/2021;1404.66;1346.85;1341.60;1285.49;;;
4/20/2021;1380.88;1323.54;1318.80;1263.08;;;
4/21/2021;1384.00;1325.42;1321.64;1264.73;;;
4/22/2021;1393.50;1336.47;1330.38;1275.30;;;
4/23/2021;1394.39;1338.05;1331.11;1276.60;;;
4/26/2021;1400.62;1344.64;1336.97;1282.54;;;
4/27/2021;1399.18;1344.68;1335.21;1282.25;;;
4/28/2021;1397.11;1342.92;1332.95;1280.32;;;
4/29/2021;1391.87;1337.54;1327.60;1274.86;;;
4/30/2021;1386.22;1332.49;1322.18;1270.12;;;
5/3/2021;1392.22;1338.85;1327.70;1276.07;;;
5/4/2021;1372.36;1317.83;1308.61;1255.43;;;
5/5/2021;1395.30;1340.31;1330.45;1276.80;;;
5/6/2021;1392.24;1336.50;1327.11;1272.25;;;
5/7/2021;1406.43;1350.52;1340.12;1285.25;;;
5/10/2021;1406.74;1351.35;1340.18;1285.77;;;
5/11/2021;1374.82;1321.26;1309.73;1256.95;;;
5/12/2021;1374.30;1321.56;1309.17;1257.10;;;
5/13/2021;1373.75;1319.49;1308.52;1254.79;;;
5/14/2021;1389.01;1335.44;1322.69;1269.87;;;
5/17/2021;1385.93;1331.09;1320.39;1265.40;;;
5/18/2021;1394.37;1339.65;1328.27;1273.62;;;
5/19/2021;1373.02;1319.37;1307.88;1254.18;;;
5/20/2021;1390.57;1336.29;1324.18;1270.03;;;
5/21/2021;1395.70;1343.25;1328.94;1276.44;;;
5/24/2021;1399.43;1346.48;1331.97;1278.84;;;
5/25/2021;1405.12;1351.33;1337.23;1283.34;;;
5/26/2021;1405.09;1351.73;1337.11;1283.46;;;
5/27/2021;1411.43;1358.35;1342.75;1289.35;;;
5/28/2021;1419.30;1365.17;1349.73;1295.54;;;
5/31/2021;1415.54;1362.59;1346.12;1293.03;;;
6/1/2021;1427.37;1373.70;1357.35;1303.56;;;
6/2/2021;1427.78;1373.49;1357.07;1302.73;;;
6/3/2021;1425.20;1371.22;1354.41;1300.22;;;
6/4/2021;1431.01;1376.89;1359.93;1305.66;;;
6/7/2021;1436.31;1381.51;1364.89;1310.08;;;
6/8/2021;1438.76;1383.97;1367.22;1312.46;;;
6/9/2021;1436.60;1381.65;1365.03;1310.21;;;
6/10/2021;1432.55;1377.77;1360.83;1306.27;;;
6/11/2021;1443.26;1387.95;1370.89;1315.91;;;
6/14/2021;1447.53;1391.27;1374.94;1319.06;;;
6/15/2021;1447.43;1388.23;1374.61;1315.96;;;
6/16/2021;1452.54;1392.98;1379.45;1320.44;;;
6/17/2021;1448.45;1387.53;1375.28;1315.08;;;
6/18/2021;1426.19;1367.76;1354.15;1296.30;;;
6/21/2021;1437.91;1378.21;1364.68;1305.95;;;
6/22/2021;1444.86;1383.37;1371.25;1310.56;;;
6/23/2021;1435.87;1374.14;1362.73;1301.70;;;
6/24/2021;1447.79;1386.63;1373.93;1313.44;;;
6/25/2021;1449.81;1388.59;1375.84;1315.28;;;
6/28/2021;1439.92;1376.42;1366.45;1303.69;;;
6/29/2021;1444.90;1380.36;1371.11;1307.35;;;
6/30/2021;1436.72;1370.95;1363.06;1298.13;;;
7/1/2021;1447.14;1381.79;1372.47;1308.07;;;
7/2/2021;1455.04;1388.95;1379.81;1314.69;;;
7/5/2021;1461.70;1395.94;1385.81;1320.92;;;
7/6/2021;1457.77;1391.60;1381.82;1316.54;;;
7/7/2021;1469.88;1400.97;1393.30;1325.40;;;
7/8/2021;1444.30;1375.23;1368.90;1300.91;;;
7/9/2021;1460.10;1390.81;1383.82;1315.62;;;
7/12/2021;1470.25;1399.37;1393.41;1323.62;;;
7/13/2021;1470.96;1399.15;1394.07;1323.41;;;
7/14/2021;1467.58;1396.56;1390.87;1320.96;;;
7/15/2021;1452.79;1382.61;1376.83;1307.74;;;
7/16/2021;1449.16;1380.76;1373.39;1305.99;;;
7/19/2021;1419.62;1352.21;1345.39;1278.98;;;
7/20/2021;1425.75;1357.22;1351.20;1283.71;;;
7/21/2021;1451.69;1381.87;1375.78;1307.03;;;
7/22/2021;1468.37;1396.72;1391.31;1320.74;;;
7/23/2021;1481.60;1409.92;1403.84;1333.21;;;
7/26/2021;1480.62;1410.41;1402.90;1333.50;;;
7/27/2021;1474.08;1406.86;1396.71;1330.14;;;
7/28/2021;1482.58;1415.42;1404.76;1338.24;;;
7/29/2021;1486.76;1420.94;1408.63;1343.37;;;
7/30/2021;1480.76;1414.61;1402.94;1337.38;;;
8/2/2021;1489.03;1423.34;1410.74;1345.59;;;
8/3/2021;1488.40;1418.88;1410.15;1341.38;;;
8/4/2021;1497.58;1426.32;1418.83;1348.41;;;
8/5/2021;1506.57;1434.26;1427.33;1355.88;;;
8/6/2021;1503.40;1432.76;1424.31;1354.47;;;
8/9/2021;1501.26;1430.19;1422.30;1352.04;;;
8/10/2021;1507.99;1438.99;1428.62;1360.31;;;
8/11/2021;1512.94;1442.46;1433.31;1363.59;;;
8/12/2021;1513.96;1444.35;1433.79;1364.97;;;
8/13/2021;1515.25;1447.14;1435.02;1367.60;;;
8/16/2021;1507.67;1439.80;1427.67;1360.50;;;
8/17/2021;1505.44;1437.63;1425.57;1358.45;;;
8/18/2021;1511.12;1444.62;1430.94;1365.05;;;
8/19/2021;1490.03;1424.92;1410.38;1346.09;;;
8/20/2021;1494.33;1428.16;1414.33;1349.07;;;
8/23/2021;1505.51;1438.56;1424.92;1358.90;;;
8/24/2021;1507.95;1441.58;1427.24;1361.74;;;
8/25/2021;1507.42;1443.12;1426.73;1363.20;;;
8/26/2021;1502.58;1438.99;1421.95;1359.09;;;
8/27/2021;1508.72;1444.54;1427.73;1364.33;;;
8/30/2021;1510.22;1446.46;1429.15;1366.15;;;
8/31/2021;1503.64;1440.26;1422.92;1360.21;;;
9/1/2021;1514.69;1448.79;1433.36;1368.25;;;
9/2/2021;1520.58;1455.82;1438.61;1374.72;;;
9/3/2021;1510.68;1446.74;1429.21;1366.15;;;
9/6/2021;1518.79;1453.48;1436.88;1372.51;;;
9/7/2021;1514.07;1449.58;1432.24;1368.83;;;
9/8/2021;1498.89;1434.41;1417.88;1354.51;;;
9/9/2021;1499.58;1435.79;1418.44;1355.62;;;
9/10/2021;1495.24;1430.35;1414.31;1350.46;;;
9/13/2021;1493.85;1429.48;1412.99;1349.64;;;
9/14/2021;1495.64;1431.24;1414.61;1351.30;;;
9/15/2021;1481.25;1418.48;1401.01;1339.25;;;
9/16/2021;1491.06;1428.77;1410.23;1348.97;;;
9/17/2021;1479.06;1419.68;1398.89;1340.39;;;
9/20/2021;1453.54;1394.52;1374.69;1316.63;;;
9/21/2021;1467.24;1403.43;1387.64;1325.05;;;
9/22/2021;1479.85;1414.35;1399.57;1335.35;;;
9/23/2021;1492.81;1425.91;1411.67;1346.11;;;
9/24/2021;1476.32;1411.89;1395.96;1332.69;;;
9/27/2021;1468.86;1408.31;1388.91;1329.31;;;
9/28/2021;1436.49;1378.26;1358.25;1300.87;;;
9/29/2021;1439.19;1380.21;1360.78;1302.66;;;
9/30/2021;1440.26;1379.97;1361.49;1302.15;;;
10/1/2021;1433.64;1374.22;1354.98;1296.67;;;
10/4/2021;1427.11;1369.12;1348.53;1291.83;;;
10/5/2021;1441.00;1380.60;1361.67;1302.67;;;
10/6/2021;1421.59;1363.23;1343.32;1285.98;;;
10/7/2021;1440.00;1382.02;1360.51;1303.34;;;
10/8/2021;1434.52;1377.66;1355.34;1299.23;;;
10/11/2021;1431.40;1373.81;1352.40;1295.59;;;
10/12/2021;1434.88;1375.55;1355.69;1297.23;;;
10/13/2021;1449.54;1387.15;1369.50;1308.15;;;
10/14/2021;1464.12;1401.40;1383.13;1321.56;;;
10/15/2021;1475.74;1410.02;1394.07;1329.65;;;
10/18/2021;1468.37;1403.17;1387.11;1323.09;;;
10/19/2021;1477.49;1410.97;1395.73;1330.44;;;
10/20/2021;1481.02;1414.34;1399.06;1333.62;;;
10/21/2021;1480.96;1414.80;1398.92;1333.95;;;
10/22/2021;1485.94;1417.80;1403.63;1336.73;;;
10/25/2021;1487.60;1417.41;1405.19;1336.36;;;
10/26/2021;1498.16;1429.72;1415.16;1347.97;;;
10/27/2021;1492.17;1422.63;1409.44;1341.28;;;
10/28/2021;1496.53;1423.81;1413.33;1342.36;;;
10/29/2021;1492.40;1417.17;1409.42;1336.10;;;
11/1/2021;1502.88;1426.09;1419.32;1344.50;;;
11/2/2021;1504.88;1428.01;1421.22;1346.25;;;
11/3/2021;1510.07;1430.15;1426.12;1348.12;;;
11/4/2021;1518.90;1439.22;1434.45;1356.67;;;
11/5/2021;1514.90;1439.01;1430.68;1356.46;;;
11/8/2021;1517.26;1438.68;1432.86;1356.13;;;
11/9/2021;1514.80;1435.62;1430.54;1353.25;;;
11/10/2021;1516.90;1440.20;1432.52;1357.57;;;
11/11/2021;1524.40;1440.95;1439.56;1358.22;;;
11/12/2021;1533.72;1447.57;1448.36;1364.43;;;
11/15/2021;1536.70;1453.59;1451.08;1370.11;;;
11/16/2021;1538.00;1455.08;1452.31;1371.52;;;
11/17/2021;1538.74;1454.58;1453.01;1371.03;;;
11/18/2021;1533.50;1450.12;1447.99;1366.68;;;
11/19/2021;1528.92;1445.45;1443.62;1362.29;;;
11/22/2021;1525.36;1442.76;1439.68;1359.20;;;
11/23/2021;1499.94;1423.69;1415.68;1341.23;;;
11/24/2021;1502.89;1426.10;1418.46;1343.50;;;
11/25/2021;1512.29;1435.93;1427.19;1352.60;;;
11/26/2021;1465.08;1389.22;1382.64;1308.59;;;
11/29/2021;1475.21;1395.06;1392.19;1314.09;;;
11/30/2021;1461.89;1380.33;1379.38;1300.22;;;
12/1/2021;1479.34;1397.41;1395.84;1316.31;;;
12/2/2021;1463.54;1384.50;1380.64;1304.01;;;
12/3/2021;1452.93;1374.73;1370.63;1294.81;;;
12/6/2021;1469.73;1392.07;1386.48;1311.10;;;
12/7/2021;1505.79;1420.25;1420.50;1337.60;;;
12/8/2021;1496.01;1411.41;1411.24;1329.23;;;
12/9/2021;1496.11;1409.42;1411.33;1327.30;;;
12/10/2021;1487.36;1402.64;1403.08;1320.85;;;
12/13/2021;1480.06;1394.61;1396.19;1313.29;;;
12/14/2021;1463.43;1382.88;1380.50;1302.25;;;
12/15/2021;1465.67;1382.70;1382.61;1302.05;;;
12/16/2021;1477.16;1394.56;1393.32;1313.08;;;
12/17/2021;1473.34;1392.38;1389.53;1310.97;;;
12/20/2021;1456.31;1372.40;1373.47;1292.16;;;
12/21/2021;1476.85;1393.73;1392.83;1312.25;;;
12/22/2021;1492.44;1408.21;1407.53;1325.87;;;
12/23/2021;1507.07;1421.34;1421.24;1338.15;;;
12/24/2021;1507.70;1422.15;1421.84;1338.91;;;
12/27/2021;1515.74;1429.49;1429.42;1345.81;;;
12/28/2021;1525.06;1438.55;1438.21;1354.35;;;
12/29/2021;1528.32;1440.53;1441.28;1356.19;;;
12/30/2021;1530.34;1441.90;1443.19;1357.48;;;
12/31/2021;1528.18;1439.95;1441.15;1355.65;;;
1/3/2022;1534.23;1448.34;1446.85;1363.54;;;
1/4/2022;1542.98;1457.99;1455.03;1372.58;;;
1/5/2022;1544.49;1459.60;1456.37;1374.02;;;
1/6/2022;1521.84;1442.43;1434.97;1357.84;;;
1/7/2022;1512.57;1435.70;1425.98;1351.19;;;
1/10/2022;1481.45;1411.24;1396.63;1328.17;;;
1/11/2022;1494.59;1422.34;1409.02;1338.62;;;
1/12/2022;1501.89;1428.08;1415.90;1344.03;;;
1/13/2022;1499.42;1426.95;1413.22;1342.84;;;
1/14/2022;1478.18;1409.43;1393.21;1326.28;;;
1/17/2022;1487.03;1417.56;1401.54;1333.93;;;
1/18/2022;1470.63;1401.42;1386.08;1318.73;;;
1/19/2022;1475.18;1405.65;1390.37;1322.71;;;
1/20/2022;1482.74;1412.82;1397.50;1329.47;;;
1/21/2022;1449.90;1379.81;1366.55;1298.40;;;
1/24/2022;1392.15;1325.39;1312.10;1247.17;;;
1/25/2022;1396.29;1331.39;1315.99;1252.81;;;
1/26/2022;1421.22;1354.65;1339.46;1274.67;;;
1/27/2022;1423.52;1360.30;1341.63;1279.99;;;
1/28/2022;1412.23;1350.21;1331.00;1270.49;;;
1/31/2022;1427.29;1362.21;1345.18;1281.78;;;
2/1/2022;1442.97;1377.17;1359.96;1295.86;;;
2/2/2022;1453.15;1384.42;1369.56;1302.68;;;
2/3/2022;1424.67;1359.89;1342.72;1279.60;;;
2/4/2022;1402.99;1339.27;1322.29;1260.19;;;
2/7/2022;1406.90;1343.10;1325.97;1263.80;;;
2/8/2022;1404.20;1343.43;1323.43;1264.11;;;
2/9/2022;1432.29;1367.72;1349.90;1286.96;;;
2/10/2022;1430.87;1368.26;1348.56;1287.46;;;
2/11/2022;1418.66;1360.50;1337.05;1280.16;;;
2/14/2022;1395.49;1337.70;1315.22;1258.70;;;
2/15/2022;1417.47;1357.46;1335.91;1277.27;;;
2/16/2022;1421.11;1359.59;1339.34;1279.27;;;
2/17/2022;1409.18;1349.63;1328.10;1269.89;;;
2/18/2022;1396.07;1338.23;1315.74;1259.17;;;
2/21/2022;1376.16;1320.53;1296.98;1242.51;;;
2/22/2022;1377.72;1322.25;1298.43;1244.13;;;
2/23/2022;1371.83;1316.99;1292.88;1239.18;;;
2/24/2022;1328.45;1270.72;1252.01;1195.59;;;
2/25/2022;1370.88;1311.61;1291.96;1234.01;;;
2/28/2022;1379.50;1318.88;1300.09;1240.86;;;
3/1/2022;1346.26;1283.59;1268.69;1207.57;;;
3/2/2022;1353.50;1289.90;1275.51;1213.51;;;
3/3/2022;1320.55;1256.83;1244.42;1182.34;;;
3/4/2022;1276.48;1212.69;1202.87;1140.79;;;
3/7/2022;1258.64;1194.57;1186.04;1123.74;;;
3/8/2022;1247.51;1188.16;1175.56;1117.72;;;
3/9/2022;1307.85;1243.97;1232.43;1170.22;;;
3/10/2022;1292.81;1228.74;1217.84;1155.46;;;
3/11/2022;1309.23;1242.84;1233.20;1168.72;;;
3/14/2022;1329.64;1262.98;1252.42;1187.65;;;
3/15/2022;1320.63;1256.15;1243.94;1181.23;;;
3/16/2022;1366.64;1299.22;1287.12;1221.73;;;
3/17/2022;1371.21;1302.29;1290.87;1224.12;;;
3/18/2022;1386.75;1314.71;1305.40;1235.68;;;
3/21/2022;1386.07;1312.19;1304.77;1233.32;;;
3/22/2022;1396.39;1322.10;1314.47;1242.64;;;
3/23/2022;1380.31;1304.12;1299.34;1225.66;;;
3/24/2022;1372.10;1296.95;1291.21;1218.61;;;
3/25/2022;1372.32;1298.34;1291.19;1219.91;;;
3/28/2022;1375.25;1300.69;1293.89;1222.11;;;
3/29/2022;1404.55;1331.04;1321.44;1250.63;;;
3/30/2022;1395.48;1319.63;1312.40;1239.88;;;
3/31/2022;1381.70;1306.55;1298.68;1226.59;;;
4/1/2022;1387.87;1313.16;1304.32;1232.50;;;
4/4/2022;1400.02;1324.22;1315.74;1242.88;;;
4/5/2022;1403.26;1325.41;1318.79;1244.00;;;
4/6/2022;1375.58;1301.09;1292.78;1221.18;;;
4/7/2022;1375.79;1297.87;1292.07;1216.74;;;
4/8/2022;1389.04;1310.95;1304.46;1228.97;;;
4/11/2022;1376.39;1304.05;1292.58;1222.44;;;
4/12/2022;1375.72;1300.43;1291.95;1219.05;;;
4/13/2022;1375.53;1297.68;1291.78;1216.47;;;
4/14/2022;1386.43;1309.45;1301.67;1227.00;;;
4/15/2022;1386.43;1309.45;1301.67;1227.00;;;
4/18/2022;1384.03;1307.33;1299.42;1225.01;;;
4/19/2022;1381.96;1303.65;1296.53;1220.72;;;
4/20/2022;1393.98;1314.69;1307.81;1231.08;;;
4/21/2022;1403.19;1323.54;1315.93;1239.29;;;
4/22/2022;1374.50;1296.95;1288.41;1213.96;;;
4/25/2022;1350.13;1277.50;1265.45;1195.43;;;
4/26/2022;1332.96;1261.50;1248.69;1179.69;;;
4/27/2022;1339.68;1263.68;1254.66;1181.50;;;
4/28/2022;1349.61;1276.08;1263.69;1192.59;;;
4/29/2022;1359.89;1284.31;1272.75;1199.73;;;
5/2/2022;1341.83;1266.96;1255.64;1183.29;;;
5/3/2022;1346.88;1275.02;1259.96;1190.34;;;
5/4/2022;1332.52;1264.06;1246.35;1180.03;;;
5/5/2022;1321.58;1250.07;1235.81;1166.37;;;
5/6/2022;1290.71;1224.38;1206.74;1142.14;;;
5/9/2022;1248.24;1187.17;1167.03;1107.28;;;
5/10/2022;1260.38;1193.68;1178.38;1113.35;;;
5/11/2022;1281.54;1212.02;1197.26;1130.31;;;
5/12/2022;1273.49;1204.27;1189.36;1122.96;;;
5/13/2022;1301.96;1231.67;1215.72;1148.16;;;
5/16/2022;1303.47;1233.70;1216.87;1149.30;;;
5/17/2022;1321.15;1247.97;1233.28;1162.47;;;
5/18/2022;1305.07;1233.30;1218.17;1148.80;;;
5/19/2022;1289.12;1218.79;1202.92;1134.98;;;
5/20/2022;1300.29;1229.43;1212.92;1144.29;;;
5/23/2022;1313.40;1242.89;1223.60;1155.58;;;
5/24/2022;1291.77;1223.62;1203.45;1137.62;;;
5/25/2022;1299.63;1231.20;1210.77;1144.57;;;
5/26/2022;1310.43;1242.58;1220.36;1154.70;;;
5/27/2022;1329.61;1260.46;1238.07;1171.21;;;
5/30/2022;1343.60;1271.16;1250.77;1181.05;;;
5/31/2022;1328.01;1256.31;1236.19;1167.18;;;
6/1/2022;1314.33;1242.37;1223.10;1153.82;;;
6/2/2022;1324.86;1249.70;1232.78;1160.52;;;
6/3/2022;1321.46;1246.23;1229.60;1157.28;;;
6/6/2022;1334.54;1259.47;1241.63;1169.55;;;
6/7/2022;1331.03;1255.94;1238.03;1165.93;;;
6/8/2022;1324.81;1247.68;1232.25;1158.26;;;
6/9/2022;1304.03;1229.46;1212.30;1141.10;;;
6/10/2022;1270.55;1198.81;1180.87;1112.52;;;
6/13/2022;1234.75;1166.55;1147.60;1082.57;;;
6/14/2022;1214.21;1147.67;1128.50;1065.05;;;
6/15/2022;1234.24;1168.10;1147.12;1084.02;;;
6/16/2022;1198.63;1134.95;1113.42;1052.73;;;
6/17/2022;1205.32;1142.38;1119.63;1059.51;;;
6/20/2022;1213.99;1151.33;1127.34;1067.75;;;
6/21/2022;1216.83;1151.48;1129.94;1067.89;;;
6/22/2022;1203.39;1141.27;1117.46;1058.42;;;
6/23/2022;1188.62;1127.61;1103.49;1045.50;;;
6/24/2022;1217.68;1155.90;1130.48;1071.74;;;
6/27/2022;1227.21;1162.18;1139.33;1077.56;;;
6/28/2022;1231.65;1165.54;1143.45;1080.68;;;
6/29/2022;1214.79;1149.34;1127.61;1065.44;;;
6/30/2022;1199.89;1134.59;1113.50;1051.40;;;
7/1/2022;1200.52;1138.88;1114.05;1055.12;;;
7/4/2022;1203.21;1140.97;1116.17;1056.64;;;
7/5/2022;1182.07;1119.55;1095.49;1035.90;;;
7/6/2022;1202.33;1139.41;1114.25;1054.27;;;
7/7/2022;1227.87;1163.84;1137.64;1076.57;;;
7/8/2022;1237.53;1174.13;1146.59;1086.09;;;
7/11/2022;1224.99;1164.07;1134.95;1076.76;;;
7/12/2022;1232.12;1170.34;1141.55;1082.45;;;
7/13/2022;1221.16;1157.58;1131.36;1070.61;;;
7/14/2022;1200.92;1139.05;1112.50;1053.26;;;
7/15/2022;1220.32;1158.15;1130.46;1070.92;;;
7/18/2022;1236.26;1172.60;1145.22;1084.29;;;
7/19/2022;1252.87;1189.94;1160.62;1100.32;;;
7/20/2022;1254.14;1189.40;1161.75;1099.78;;;
7/21/2022;1264.04;1195.98;1170.92;1105.83;;;
7/22/2022;1270.07;1203.84;1176.51;1113.11;;;
7/25/2022;1266.17;1199.43;1172.89;1109.03;;;
7/26/2022;1256.52;1191.27;1163.94;1101.48;;;
7/27/2022;1266.61;1198.63;1173.25;1108.27;;;
7/28/2022;1283.78;1214.04;1189.16;1122.50;;;
7/29/2022;1306.07;1233.42;1209.70;1140.28;;;
8/1/2022;1302.95;1230.54;1206.82;1137.61;;;
8/2/2022;1295.69;1222.05;1200.08;1129.75;;;
8/3/2022;1306.69;1233.89;1210.26;1140.70;;;
8/4/2022;1312.76;1237.42;1215.82;1143.87;;;
8/5/2022;1293.71;1223.30;1198.17;1130.83;;;
8/8/2022;1306.43;1235.02;1209.96;1141.65;;;
8/9/2022;1290.24;1221.95;1194.97;1129.57;;;
8/10/2022;1314.91;1244.88;1217.80;1150.78;;;
8/11/2022;1321.28;1249.37;1223.55;1154.83;;;
8/12/2022;1318.93;1249.52;1221.36;1154.97;;;
8/15/2022;1322.86;1251.44;1224.81;1156.55;;;
8/16/2022;1321.22;1247.96;1223.22;1153.27;;;
8/17/2022;1300.89;1227.78;1204.31;1134.63;;;
8/18/2022;1306.10;1231.50;1208.75;1137.72;;;
8/19/2022;1291.45;1218.02;1195.16;1125.27;;;
8/22/2022;1270.23;1199.41;1175.53;1108.07;;;
8/23/2022;1264.04;1192.87;1169.67;1101.90;;;
8/24/2022;1265.64;1193.45;1171.15;1102.44;;;
8/25/2022;1268.64;1195.03;1173.51;1103.46;;;
8/26/2022;1243.25;1169.96;1150.03;1080.25;;;
8/29/2022;1233.57;1162.89;1141.07;1073.73;;;
8/30/2022;1228.44;1158.32;1136.31;1069.38;;;
8/31/2022;1218.89;1148.02;1127.48;1059.87;;;
9/1/2022;1192.15;1125.73;1102.49;1039.13;;;
9/2/2022;1221.25;1151.20;1129.34;1062.63;;;
9/5/2022;1208.37;1137.76;1117.44;1050.23;;;
9/6/2022;1216.18;1145.68;1124.66;1057.54;;;
9/7/2022;1209.91;1140.54;1118.86;1052.80;;;
9/8/2022;1214.72;1144.50;1123.17;1056.45;;;
9/9/2022;1236.37;1163.81;1143.19;1074.27;;;
9/12/2022;1259.59;1186.61;1164.61;1095.32;;;
9/13/2022;1232.86;1162.79;1139.90;1073.33;;;
9/14/2022;1217.01;1146.71;1125.24;1058.49;;;
9/15/2022;1207.04;1139.90;1115.95;1052.13;;;
9/16/2022;1188.40;1120.91;1098.63;1034.52;;;
9/19/2022;1185.70;1120.56;1096.14;1034.20;;;
9/20/2022;1165.76;1101.48;1077.70;1016.59;;;
9/21/2022;1176.39;1110.78;1087.43;1025.17;;;
9/22/2022;1147.98;1086.19;1061.08;1002.46;;;
9/23/2022;1118.18;1056.40;1033.53;974.96;;;
9/26/2022;1114.95;1052.21;1030.46;971.09;;;
9/27/2022;1112.04;1045.63;1027.77;965.01;;;
9/28/2022;1114.36;1044.93;1029.89;964.34;;;
9/29/2022;1088.07;1020.25;1005.21;941.10;;;
9/30/2022;1112.44;1041.87;1027.74;961.00;;;
10/3/2022;1125.16;1051.25;1039.48;969.65;;;
10/4/2022;1161.84;1084.96;1073.37;1000.75;;;
10/5/2022;1144.44;1067.24;1057.28;984.37;;;
10/6/2022;1140.06;1061.58;1053.17;979.08;;;
10/7/2022;1117.98;1043.59;1032.78;962.50;;;
10/10/2022;1117.79;1043.03;1032.47;961.92;;;
10/11/2022;1109.41;1036.00;1024.73;955.44;;;
10/12/2022;1098.84;1025.89;1014.98;946.11;;;
10/13/2022;1114.70;1040.64;1029.31;959.55;;;
10/14/2022;1124.20;1049.73;1038.03;967.88;;;
10/17/2022;1150.70;1073.56;1062.51;989.85;;;
10/18/2022;1159.57;1082.59;1070.69;998.19;;;
10/19/2022;1146.66;1072.02;1058.78;988.43;;;
10/20/2022;1152.56;1076.75;1064.14;992.71;;;
10/21/2022;1140.93;1066.10;1053.31;982.89;;;
10/24/2022;1159.39;1084.45;1070.37;999.76;;;
10/25/2022;1181.78;1104.50;1091.03;1018.24;;;
10/26/2022;1193.45;1113.09;1101.40;1026.01;;;
10/27/2022;1191.77;1113.80;1099.84;1026.67;;;
10/28/2022;1190.11;1112.03;1098.31;1024.99;;;
10/31/2022;1190.98;1115.50;1099.12;1028.18;;;
11/1/2022;1199.83;1121.86;1107.27;1034.04;;;
11/2/2022;1193.37;1116.79;1101.33;1029.38;;;
11/3/2022;1178.26;1101.60;1087.38;1015.24;;;
11/4/2022;1202.80;1122.14;1110.03;1034.17;;;
11/7/2022;1211.32;1128.59;1117.89;1040.12;;;
11/8/2022;1226.85;1142.42;1132.22;1052.84;;;
11/9/2022;1222.87;1137.94;1128.54;1048.71;;;
11/10/2022;1261.61;1172.87;1164.19;1080.80;;;
11/11/2022;1272.65;1180.13;1174.31;1087.48;;;
11/14/2022;1271.80;1180.13;1173.52;1087.46;;;
11/15/2022;1273.33;1183.13;1174.95;1090.23;;;
11/16/2022;1253.34;1165.82;1156.50;1074.28;;;
11/17/2022;1242.51;1156.72;1146.40;1065.78;;;
11/18/2022;1257.90;1170.80;1160.56;1078.76;;;
11/21/2022;1254.73;1169.01;1157.15;1076.76;;;
11/22/2022;1262.72;1175.30;1164.53;1082.55;;;
11/23/2022;1273.04;1183.89;1174.04;1090.47;;;
11/24/2022;1284.91;1194.15;1184.82;1099.75;;;
11/25/2022;1283.39;1192.04;1183.41;1097.78;;;
11/28/2022;1268.49;1179.76;1169.68;1086.48;;;
11/29/2022;1261.53;1173.02;1163.26;1080.26;;;
11/30/2022;1267.95;1177.42;1169.19;1084.32;;;
12/1/2022;1286.27;1191.38;1185.69;1097.00;;;
12/2/2022;1289.16;1195.35;1188.35;1100.66;;;
12/5/2022;1281.41;1187.26;1181.21;1093.21;;;
12/6/2022;1272.66;1178.83;1173.15;1085.41;;;
12/7/2022;1264.87;1171.59;1165.87;1078.69;;;
12/8/2022;1260.94;1167.66;1162.21;1075.05;;;
12/9/2022;1276.44;1181.89;1176.50;1088.15;;;
12/12/2022;1267.43;1173.77;1168.16;1080.64;;;
12/13/2022;1286.32;1188.35;1185.56;1094.07;;;
12/14/2022;1285.14;1186.98;1184.48;1092.80;;;
12/15/2022;1250.64;1155.43;1152.63;1063.70;;;
12/16/2022;1229.73;1137.29;1133.35;1047.00;;;
12/19/2022;1232.29;1139.00;1135.60;1048.58;;;
12/20/2022;1225.12;1133.16;1128.99;1043.20;;;
12/21/2022;1248.48;1154.14;1150.52;1062.52;;;
12/22/2022;1234.71;1142.72;1137.72;1051.89;;;
12/23/2022;1238.90;1146.92;1141.45;1055.64;;;
12/27/2022;1240.52;1147.85;1142.94;1056.49;;;
12/28/2022;1240.45;1147.19;1142.87;1055.88;;;
12/29/2022;1249.44;1155.78;1151.16;1063.75;;;
12/30/2022;1233.72;1142.45;1136.68;1051.49;;;
1/2/2023;1245.76;1152.58;1147.77;1060.81;;;
1/3/2023;1262.07;1168.59;1162.79;1075.55;;;
1/4/2023;1280.67;1187.51;1179.93;1092.95;;;
1/5/2023;1280.17;1184.46;1179.38;1090.05;;;
1/6/2023;1294.89;1196.38;1192.94;1101.02;;;
1/9/2023;1312.12;1209.02;1208.46;1112.30;;;
1/10/2023;1304.23;1202.51;1201.19;1106.31;;;
1/11/2023;1311.75;1207.92;1208.11;1111.29;;;
1/12/2023;1321.10;1218.39;1216.62;1120.81;;;
1/13/2023;1324.96;1221.64;1220.17;1123.80;;;
1/16/2023;1334.11;1231.78;1228.54;1133.13;;;
1/17/2023;1338.75;1235.33;1232.80;1136.40;;;
1/18/2023;1346.47;1240.86;1239.91;1141.48;;;
1/19/2023;1321.21;1220.69;1216.65;1122.93;;;
1/20/2023;1329.94;1227.69;1224.70;1129.31;;;
1/23/2023;1339.26;1233.93;1233.26;1135.02;;;
1/24/2023;1340.42;1236.23;1234.32;1137.13;;;
1/25/2023;1333.07;1228.70;1227.56;1130.21;;;
1/26/2023;1346.11;1239.32;1239.56;1139.97;;;
1/27/2023;1353.79;1246.35;1246.59;1146.40;;;
1/30/2023;1348.00;1243.96;1241.26;1144.19;;;
1/31/2023;1340.13;1236.46;1234.01;1137.30;;;
2/1/2023;1345.70;1242.23;1239.13;1142.60;;;
2/2/2023;1382.10;1274.29;1272.65;1172.09;;;
2/3/2023;1380.28;1272.46;1270.98;1170.41;;;
2/6/2023;1363.82;1257.90;1255.83;1157.01;;;
2/7/2023;1362.63;1256.22;1254.73;1155.46;;;
2/8/2023;1364.85;1259.80;1256.76;1158.75;;;
2/9/2023;1370.09;1261.57;1261.60;1160.38;;;
2/10/2023;1348.68;1243.08;1241.88;1143.37;;;
2/13/2023;1359.53;1251.73;1251.86;1151.33;;;
2/14/2023;1359.96;1253.82;1252.27;1153.25;;;
2/15/2023;1369.56;1261.72;1261.11;1160.51;;;
2/16/2023;1374.93;1268.20;1266.05;1166.48;;;
2/17/2023;1369.51;1263.76;1261.07;1162.40;;;
2/20/2023;1370.40;1263.57;1261.88;1162.22;;;
2/21/2023;1363.68;1258.43;1255.69;1157.48;;;
2/22/2023;1355.31;1252.91;1248.00;1152.41;;;
2/23/2023;1359.48;1257.64;1251.78;1156.72;;;
2/24/2023;1348.21;1249.30;1241.36;1149.03;;;
2/27/2023;1365.01;1263.36;1256.84;1161.95;;;
2/28/2023;1363.23;1260.86;1255.20;1159.65;;;
3/1/2023;1351.71;1249.36;1244.59;1149.08;;;
3/2/2023;1356.26;1253.16;1248.67;1152.50;;;
3/3/2023;1371.92;1267.00;1262.99;1165.11;;;
3/6/2023;1372.62;1268.16;1263.56;1166.11;;;
3/7/2023;1360.61;1257.46;1252.51;1156.27;;;
3/8/2023;1361.53;1258.15;1253.35;1156.90;;;
3/9/2023;1353.51;1254.62;1245.92;1153.60;;;
3/10/2023;1330.05;1233.19;1224.29;1133.87;;;
3/13/2023;1297.15;1202.34;1194.01;1105.51;;;
3/14/2023;1317.99;1221.47;1213.19;1122.90;;;
3/15/2023;1276.98;1182.58;1175.44;1087.06;;;
3/16/2023;1293.52;1199.27;1190.15;1101.92;;;
3/17/2023;1272.59;1182.60;1170.61;1086.47;;;
3/20/2023;1286.70;1191.04;1183.59;1094.22;;;
3/21/2023;1306.08;1208.62;1201.41;1110.37;;;
3/22/2023;1301.95;1205.39;1197.61;1107.41;;;
3/23/2023;1300.26;1202.17;1195.69;1104.05;;;
3/24/2023;1275.83;1178.56;1173.01;1082.36;;;
3/27/2023;1289.39;1191.43;1185.48;1094.17;;;
3/28/2023;1288.04;1187.97;1183.92;1091.00;;;
3/29/2023;1305.08;1204.39;1199.51;1106.05;;;
3/30/2023;1323.83;1221.56;1215.37;1120.08;;;
3/31/2023;1333.44;1230.11;1224.09;1127.76;;;
4/3/2023;1328.03;1226.07;1219.13;1124.06;;;
4/4/2023;1325.61;1225.71;1216.90;1123.50;;;
4/5/2023;1311.09;1215.44;1203.55;1114.07;;;
4/6/2023;1319.79;1225.34;1211.04;1122.72;;;
4/10/2023;1319.82;1225.41;1211.09;1122.79;;;
4/11/2023;1332.28;1235.41;1222.46;1131.91;;;
4/12/2023;1332.67;1236.88;1222.82;1133.25;;;
4/13/2023;1338.13;1240.69;1227.28;1136.42;;;
4/14/2023;1346.95;1247.96;1235.04;1142.73;;;
4/17/2023;1350.56;1251.42;1238.05;1145.62;;;
4/18/2023;1359.27;1259.31;1245.70;1152.84;;;
4/19/2023;1356.58;1257.95;1243.23;1151.23;;;
4/20/2023;1353.72;1255.43;1240.15;1148.71;;;
4/21/2023;1354.91;1257.51;1240.61;1150.18;;;
4/24/2023;1357.75;1261.48;1242.71;1153.60;;;
4/25/2023;1349.63;1253.19;1235.06;1145.74;;;
4/26/2023;1341.54;1245.25;1227.36;1138.47;;;
4/27/2023;1344.35;1247.18;1229.72;1139.95;;;
4/28/2023;1358.66;1258.88;1242.44;1150.47;;;
5/1/2023;1359.67;1259.90;1243.37;1151.40;;;
5/2/2023;1343.20;1242.95;1228.23;1135.49;;;
5/3/2023;1347.35;1247.39;1231.12;1138.62;;;
5/4/2023;1338.92;1238.89;1223.09;1130.38;;;
5/5/2023;1356.28;1254.35;1238.78;1144.36;;;
5/8/2023;1359.71;1256.84;1241.80;1146.57;;;
5/9/2023;1353.30;1253.19;1235.34;1142.74;;;
5/10/2023;1348.83;1251.21;1231.13;1140.91;;;
5/11/2023;1349.27;1251.78;1230.85;1140.96;;;
5/12/2023;1352.48;1254.57;1233.24;1142.87;;;
5/15/2023;1359.91;1260.82;1239.53;1148.25;;;
5/16/2023;1352.18;1252.61;1232.00;1140.68;;;
5/17/2023;1348.45;1250.00;1228.27;1137.60;;;
5/18/2023;1352.51;1254.48;1231.65;1140.43;;;
5/19/2023;1360.15;1261.03;1238.35;1146.28;;;
5/22/2023;1361.64;1262.77;1239.00;1147.34;;;
5/23/2023;1352.73;1256.14;1230.66;1141.12;;;
5/24/2023;1325.01;1230.15;1205.43;1117.47;;;
5/25/2023;1320.75;1224.39;1200.94;1111.60;;;
5/26/2023;1332.89;1234.42;1211.95;1120.69;;;
5/29/2023;1332.02;1233.85;1210.97;1119.97;;;
5/30/2023;1325.50;1228.51;1204.87;1114.23;;;
5/31/2023;1311.38;1214.95;1191.87;1101.80;;;
6/1/2023;1319.48;1225.49;1198.66;1110.74;;;
6/2/2023;1343.52;1247.94;1220.35;1131.00;;;
6/5/2023;1335.37;1239.46;1212.90;1123.28;;;
6/6/2023;1342.45;1246.25;1218.61;1128.93;;;
6/7/2023;1342.68;1246.29;1218.67;1128.82;;;
6/8/2023;1342.34;1246.37;1217.76;1128.49;;;
6/9/2023;1339.01;1244.34;1214.67;1126.58;;;
6/12/2023;1343.36;1247.44;1218.62;1129.36;;;
6/13/2023;1350.67;1253.78;1224.74;1135.07;;;
6/14/2023;1353.61;1259.13;1227.41;1139.80;;;
6/15/2023;1345.64;1252.36;1220.11;1133.56;;;
6/16/2023;1351.21;1257.24;1224.94;1137.76;;;
6/19/2023;1333.29;1241.99;1208.34;1123.85;;;
6/20/2023;1323.40;1234.15;1199.33;1116.72;;;
6/21/2023;1311.79;1224.33;1188.81;1107.80;;;
6/22/2023;1305.69;1217.23;1182.75;1100.82;;;
6/23/2023;1295.11;1209.59;1173.12;1093.91;;;
6/26/2023;1295.70;1209.32;1173.66;1093.67;;;
6/27/2023;1298.68;1213.43;1176.36;1097.39;;;
6/28/2023;1309.13;1225.37;1185.81;1108.19;;;
6/29/2023;1307.33;1222.25;1183.84;1104.72;;;
6/30/2023;1323.61;1237.12;1198.59;1118.16;;;
7/3/2023;1323.72;1235.55;1198.21;1116.07;;;
7/4/2023;1328.81;1239.59;1202.03;1118.94;;;
7/5/2023;1317.59;1229.87;1191.88;1110.07;;;
7/6/2023;1288.01;1201.80;1164.95;1084.57;;;
7/7/2023;1296.91;1207.38;1172.86;1089.61;;;
7/10/2023;1298.96;1208.51;1174.67;1090.59;;;
7/11/2023;1313.54;1221.29;1187.85;1102.13;;;
7/12/2023;1337.43;1241.53;1209.41;1120.35;;;
7/13/2023;1345.66;1249.56;1216.70;1127.46;;;
7/14/2023;1339.40;1244.62;1211.04;1123.00;;;
7/17/2023;1332.82;1238.04;1205.05;1117.03;;;
7/18/2023;1344.51;1247.43;1215.62;1125.50;;;
7/19/2023;1353.93;1256.16;1224.13;1133.37;;;
7/20/2023;1355.47;1258.68;1225.53;1135.65;;;
7/21/2023;1355.24;1259.66;1225.31;1136.53;;;
7/24/2023;1359.20;1261.41;1228.52;1137.76;;;
7/25/2023;1368.78;1267.76;1237.18;1143.49;;;
7/26/2023;1372.74;1270.90;1240.65;1146.21;;;
7/27/2023;1387.47;1283.33;1253.95;1157.42;;;
7/28/2023;1383.15;1280.04;1249.99;1154.45;;;
7/31/2023;1381.38;1278.06;1248.39;1152.67;;;
8/1/2023;1370.45;1268.89;1238.51;1144.40;;;
8/2/2023;1351.18;1252.05;1221.10;1129.21;;;
8/3/2023;1345.71;1248.78;1216.10;1126.20;;;
8/4/2023;1352.76;1255.01;1222.46;1131.82;;;
8/7/2023;1351.42;1253.76;1221.25;1130.69;;;
8/8/2023;1341.12;1244.80;1211.94;1122.61;;;
8/9/2023;1344.83;1249.18;1215.30;1126.56;;;
8/10/2023;1355.69;1259.69;1224.89;1135.84;;;
8/11/2023;1338.64;1245.04;1209.48;1122.63;;;
8/14/2023;1338.71;1246.07;1209.55;1123.57;;;
8/15/2023;1327.39;1235.99;1199.25;1114.43;;;
8/16/2023;1325.25;1234.33;1197.15;1112.92;;;
8/17/2023;1310.93;1222.27;1183.90;1101.90;;;
8/18/2023;1301.30;1213.92;1175.18;1094.34;;;
8/21/2023;1299.55;1212.02;1173.61;1092.63;;;
8/22/2023;1307.74;1217.46;1181.00;1097.53;;;
8/23/2023;1312.34;1221.70;1185.08;1101.28;;;
8/24/2023;1307.90;1218.01;1180.79;1097.42;;;
8/25/2023;1307.34;1217.84;1180.29;1097.25;;;
8/28/2023;1319.32;1228.34;1191.11;1106.71;;;
8/29/2023;1336.19;1242.90;1206.18;1119.56;;;
8/30/2023;1337.98;1243.51;1207.79;1120.11;;;
8/31/2023;1342.45;1245.25;1211.42;1121.33;;;
9/1/2023;1341.17;1242.46;1210.22;1118.82;;;
9/4/2023;1342.06;1242.61;1211.03;1118.95;;;
9/5/2023;1337.51;1237.54;1206.91;1114.38;;;
9/6/2023;1330.67;1232.48;1200.62;1109.79;;;
9/7/2023;1324.79;1228.01;1195.18;1105.67;;;
9/8/2023;1325.71;1228.69;1196.01;1106.28;;;
9/11/2023;1330.78;1235.02;1200.55;1111.94;;;
9/12/2023;1323.61;1229.74;1194.05;1107.16;;;
9/13/2023;1321.11;1227.57;1191.79;1105.21;;;
9/14/2023;1338.35;1243.72;1207.26;1119.61;;;
9/15/2023;1340.76;1246.42;1209.44;1122.05;;;
9/18/2023;1325.10;1230.68;1195.32;1107.87;;;
9/19/2023;1323.17;1229.46;1193.57;1106.77;;;
9/20/2023;1334.26;1241.07;1203.58;1117.23;;;
9/21/2023;1315.55;1226.38;1186.70;1103.98;;;
9/22/2023;1310.12;1219.99;1181.80;1098.23;;;
9/25/2023;1299.06;1210.38;1171.73;1089.59;;;
9/26/2023;1290.19;1202.66;1163.73;1082.63;;;
9/27/2023;1286.42;1197.06;1160.33;1077.59;;;
9/28/2023;1291.29;1197.84;1164.10;1077.70;;;
9/29/2023;1303.62;1208.42;1175.10;1087.14;;;
10/2/2023;1284.88;1192.37;1158.21;1072.70;;;
10/3/2023;1266.94;1177.10;1142.03;1058.95;;;
10/4/2023;1263.56;1174.23;1138.99;1056.35;;;
10/5/2023;1266.82;1178.05;1141.73;1059.61;;;
10/6/2023;1278.32;1186.26;1152.10;1067.00;;;
10/9/2023;1271.55;1180.18;1145.90;1061.44;;;
10/10/2023;1297.09;1201.87;1168.91;1080.94;;;
10/11/2023;1295.73;1200.94;1167.69;1080.10;;;
10/12/2023;1295.00;1201.85;1166.57;1080.70;;;
10/13/2023;1278.49;1187.16;1151.57;1067.38;;;
10/16/2023;1282.82;1190.95;1155.41;1070.74;;;
10/17/2023;1279.97;1187.89;1152.85;1067.98;;;
10/18/2023;1264.96;1174.78;1139.33;1056.19;;;
10/19/2023;1247.98;1159.48;1123.94;1042.35;;;
10/20/2023;1227.77;1141.39;1105.74;1026.09;;;
10/23/2023;1227.20;1140.94;1105.22;1025.66;;;
10/24/2023;1233.93;1143.82;1111.28;1028.25;;;
10/25/2023;1226.34;1137.28;1104.04;1022.10;;;
10/26/2023;1223.71;1133.81;1101.60;1018.98;;;
10/27/2023;1222.78;1133.86;1100.70;1018.99;;;
10/30/2023;1227.64;1137.51;1105.08;1022.22;;;
10/31/2023;1240.97;1150.40;1117.08;1033.79;;;
11/1/2023;1248.40;1158.47;1123.77;1041.05;;;
11/2/2023;1270.06;1179.58;1143.21;1059.97;;;
11/3/2023;1283.93;1190.60;1155.69;1069.86;;;
11/6/2023;1277.61;1183.52;1150.01;1063.50;;;
11/7/2023;1274.00;1181.00;1146.75;1061.22;;;
11/8/2023;1276.45;1183.87;1148.96;1063.80;;;
11/9/2023;1290.24;1195.74;1161.31;1074.39;;;
11/10/2023;1275.83;1183.18;1148.33;1063.11;;;
11/13/2023;1285.94;1193.62;1157.43;1072.49;;;
11/14/2023;1314.95;1220.06;1183.56;1096.24;;;
11/15/2023;1321.55;1226.11;1189.50;1101.68;;;
11/16/2023;1307.31;1215.14;1176.52;1091.77;;;
11/17/2023;1320.07;1227.61;1187.93;1102.94;;;
11/20/2023;1321.71;1230.47;1188.85;1105.14;;;
11/21/2023;1315.82;1226.94;1183.57;1101.97;;;
11/22/2023;1320.88;1231.96;1188.10;1106.48;;;
11/23/2023;1322.78;1234.30;1189.74;1108.51;;;
11/24/2023;1327.70;1238.84;1194.16;1112.58;;;
11/27/2023;1325.03;1237.53;1191.75;1111.41;;;
11/28/2023;1322.95;1234.66;1189.88;1108.83;;;
11/29/2023;1332.78;1242.73;1198.71;1116.08;;;
11/30/2023;1340.36;1247.62;1205.39;1120.37;;;
12/1/2023;1356.15;1261.08;1219.58;1132.46;;;
12/4/2023;1351.96;1258.48;1215.82;1130.13;;;
12/5/2023;1357.38;1264.59;1220.69;1135.57;;;
12/6/2023;1369.43;1273.48;1231.52;1143.55;;;
12/7/2023;1367.08;1271.25;1229.34;1141.48;;;
12/8/2023;1376.60;1279.85;1237.89;1149.06;;;
12/11/2023;1382.41;1283.68;1243.08;1152.47;;;
12/12/2023;1377.71;1280.57;1238.85;1149.65;;;
12/13/2023;1375.72;1278.18;1237.07;1147.50;;;
12/14/2023;1402.56;1305.08;1261.14;1171.57;;;
12/15/2023;1401.58;1303.89;1260.27;1170.50;;;
12/18/2023;1396.24;1298.38;1255.46;1165.55;;;
12/19/2023;1404.65;1306.40;1263.02;1172.76;;;
12/20/2023;1408.64;1312.26;1266.34;1177.88;;;
12/21/2023;1403.70;1307.73;1261.78;1173.69;;;
12/22/2023;1405.97;1309.99;1263.82;1175.72;;;
12/25/2023;1405.97;1309.99;1263.82;1175.72;;;
12/26/2023;1404.78;1308.97;1262.75;1174.80;;;
12/27/2023;1411.30;1313.75;1268.61;1179.09;;;
12/28/2023;1407.91;1311.25;1265.43;1176.64;;;
12/29/2023;1408.81;1312.52;1266.24;1177.77;;;
1/2/2024;1405.63;1310.24;1263.38;1175.73;;;
1/3/2024;1386.21;1293.64;1245.85;1160.77;;;
1/4/2024;1396.90;1304.43;1255.43;1170.43;;;
1/5/2024;1395.20;1301.63;1253.91;1167.91;;;
1/8/2024;1404.45;1310.94;1262.17;1176.21;;;
1/9/2024;1399.07;1307.47;1257.01;1172.80;;;
1/10/2024;1394.40;1304.14;1252.82;1169.81;;;
1/11/2024;1383.98;1293.98;1243.35;1160.59;;;
1/12/2024;1395.60;1306.62;1253.78;1171.93;;;
1/15/2024;1388.30;1299.31;1247.23;1165.37;;;
1/16/2024;1382.42;1294.55;1241.94;1161.10;;;
1/17/2024;1364.85;1279.02;1226.16;1147.17;;;
1/18/2024;1373.94;1284.77;1234.32;1152.33;;;
1/19/2024;1367.24;1278.36;1228.30;1146.52;;;
1/22/2024;1382.50;1293.22;1241.99;1159.83;;;
1/23/2024;1378.90;1289.75;1238.76;1156.71;;;
1/24/2024;1390.80;1301.21;1249.45;1166.99;;;
1/25/2024;1393.84;1305.00;1252.18;1170.39;;;
1/26/2024;1405.16;1316.98;1262.30;1181.09;;;
1/29/2024;1402.99;1314.17;1260.35;1178.57;;;
1/30/2024;1402.44;1313.85;1259.86;1178.29;;;
1/31/2024;1404.81;1315.66;1261.97;1179.91;;;
2/1/2024;1395.17;1307.76;1253.33;1172.82;;;
2/2/2024;1396.07;1307.04;1254.08;1172.18;;;
2/5/2024;1389.97;1303.38;1248.60;1168.89;;;
2/6/2024;1398.34;1310.38;1256.12;1175.17;;;
2/7/2024;1396.07;1306.39;1254.07;1171.58;;;
2/8/2024;1394.80;1304.81;1252.94;1170.16;;;
2/9/2024;1394.65;1303.88;1252.80;1169.33;;;
2/12/2024;1406.80;1313.34;1263.71;1177.82;;;
2/13/2024;1389.54;1299.52;1248.21;1165.42;;;
2/14/2024;1398.34;1308.79;1256.12;1173.73;;;
2/15/2024;1410.74;1323.06;1267.26;1186.53;;;
2/16/2024;1418.82;1331.23;1274.52;1193.86;;;
2/19/2024;1420.45;1331.41;1275.97;1194.02;;;
2/20/2024;1419.00;1331.64;1274.68;1194.23;;;
2/21/2024;1417.80;1330.28;1273.60;1193.00;;;
2/22/2024;1428.17;1339.08;1282.80;1200.85;;;
2/23/2024;1432.58;1343.60;1286.72;1204.90;;;
2/26/2024;1424.86;1338.28;1279.79;1200.11;;;
2/27/2024;1426.96;1338.66;1281.67;1200.46;;;
2/28/2024;1418.86;1331.96;1274.40;1194.45;;;
2/29/2024;1421.13;1333.42;1276.40;1195.75;;;
3/1/2024;1428.98;1342.19;1283.45;1203.63;;;
3/4/2024;1423.05;1337.04;1278.05;1198.94;;;
3/5/2024;1420.19;1337.50;1275.48;1199.34;;;
3/6/2024;1424.43;1339.48;1279.29;1201.12;;;
3/7/2024;1435.56;1350.17;1289.25;1210.68;;;
3/8/2024;1437.42;1354.69;1290.88;1214.69;;;
3/11/2024;1431.12;1350.12;1285.23;1210.56;;;
3/12/2024;1443.53;1361.22;1296.38;1220.33;;;
3/13/2024;1443.59;1361.95;1296.43;1220.99;;;
3/14/2024;1441.35;1358.17;1294.00;1217.38;;;
3/15/2024;1440.25;1354.65;1292.90;1214.12;;;
3/18/2024;1437.18;1352.48;1290.16;1212.17;;;
3/19/2024;1443.02;1358.33;1295.40;1217.42;;;
3/20/2024;1446.47;1361.30;1298.49;1220.08;;;
3/21/2024;1463.48;1375.71;1313.09;1232.59;;;
3/22/2024;1466.11;1379.78;1314.91;1235.85;;;
3/25/2024;1464.54;1378.28;1313.42;1234.36;;;
3/26/2024;1470.29;1382.79;1318.28;1238.39;;;
3/27/2024;1472.21;1385.21;1319.84;1240.53;;;
3/28/2024;1475.89;1388.05;1322.26;1242.36;;;
4/1/2024;1474.94;1387.50;1321.41;1241.87;;;
4/2/2024;1464.75;1374.48;1312.03;1229.96;;;
4/3/2024;1470.36;1377.67;1317.05;1232.81;;;
4/4/2024;1474.49;1381.00;1320.28;1235.37;;;
4/5/2024;1463.17;1368.83;1309.94;1224.35;;;
4/8/2024;1471.04;1375.13;1316.98;1229.99;;;
4/9/2024;1464.25;1368.88;1310.90;1224.40;;;
4/10/2024;1462.36;1366.02;1309.18;1221.55;;;
4/11/2024;1457.08;1362.18;1303.28;1217.23;;;
4/12/2024;1456.63;1363.47;1302.76;1218.31;;;
4/15/2024;1459.07;1365.35;1304.57;1219.64;;;
4/16/2024;1438.29;1346.79;1285.78;1203.00;;;
4/17/2024;1436.92;1344.70;1284.52;1201.10;;;
4/18/2024;1440.11;1347.51;1287.16;1203.40;;;
4/19/2024;1437.51;1347.35;1284.07;1202.73;;;
4/22/2024;1450.32;1359.32;1294.99;1212.69;;;
4/23/2024;1463.88;1373.27;1307.05;1225.08;;;
4/24/2024;1458.47;1370.49;1302.07;1222.50;;;
4/25/2024;1445.79;1358.52;1290.50;1210.67;;;
4/26/2024;1461.17;1375.74;1303.65;1225.93;;;
4/29/2024;1468.09;1384.45;1309.25;1233.04;;;
4/30/2024;1459.57;1375.93;1301.16;1225.02;;;
5/1/2024;1458.20;1374.21;1299.94;1223.44;;;
5/2/2024;1460.46;1375.39;1301.55;1224.17;;;
5/3/2024;1473.66;1386.54;1313.11;1234.01;;;
5/6/2024;1482.70;1393.51;1321.17;1239.79;;;
5/7/2024;1494.90;1404.39;1332.04;1249.45;;;
5/8/2024;1499.63;1410.37;1335.71;1254.13;;;
5/9/2024;1503.35;1415.60;1338.28;1257.88;;;
5/10/2024;1515.92;1425.49;1349.35;1266.24;;;
5/13/2024;1515.34;1425.96;1348.59;1266.48;;;
5/14/2024;1522.31;1431.35;1354.56;1271.13;;;
5/15/2024;1534.34;1445.96;1364.84;1283.88;;;
5/16/2024;1535.85;1446.14;1365.49;1283.73;;;
5/17/2024;1532.92;1442.28;1361.78;1278.99;;;
5/20/2024;1537.85;1446.94;1365.09;1282.33;;;
5/21/2024;1534.34;1441.31;1361.80;1277.19;;;
5/22/2024;1529.72;1439.85;1357.47;1275.21;;;
5/23/2024;1531.75;1438.89;1359.03;1274.26;;;
5/24/2024;1533.12;1438.71;1359.89;1273.91;;;
5/27/2024;1537.38;1444.49;1363.13;1278.58;;;
5/28/2024;1530.43;1438.70;1356.05;1272.72;;;
5/29/2024;1512.46;1421.07;1339.94;1257.02;;;
5/30/2024;1523.50;1430.30;1348.80;1264.44;;;
5/31/2024;1525.32;1432.95;1350.22;1266.47;;;
6/3/2024;1531.74;1437.60;1355.71;1270.44;;;
6/4/2024;1521.72;1430.43;1346.85;1264.10;;;
6/5/2024;1525.98;1434.87;1349.74;1267.60;;;
6/6/2024;1530.44;1439.31;1353.09;1271.01;;;
6/7/2024;1527.25;1434.50;1350.13;1266.60;;;
6/10/2024;1523.76;1428.31;1346.80;1260.93;;;
6/11/2024;1509.10;1412.96;1333.79;1247.38;;;
6/12/2024;1527.44;1427.24;1349.75;1259.77;;;
6/13/2024;1508.02;1409.92;1332.39;1244.32;;;
6/14/2024;1485.86;1391.57;1312.64;1227.93;;;
6/17/2024;1485.60;1390.18;1312.42;1226.71;;;
6/18/2024;1499.67;1402.89;1324.85;1237.40;;;
6/19/2024;1497.05;1398.50;1322.54;1233.51;;;
6/20/2024;1513.16;1414.79;1336.44;1247.68;;;
6/21/2024;1499.67;1402.89;1324.53;1237.19;;;
6/24/2024;1509.99;1413.49;1333.24;1246.33;;;
6/25/2024;1501.80;1401.94;1325.98;1236.13;;;
6/26/2024;1493.89;1395.66;1319.00;1230.59;;;
6/27/2024;1489.45;1390.88;1314.72;1225.95;;;
6/28/2024;1484.19;1385.61;1310.07;1221.29;;;
7/1/2024;1488.62;1389.73;1313.51;1224.44;;;
7/2/2024;1484.89;1385.79;1309.93;1220.61;;;
7/3/2024;1501.44;1402.38;1324.48;1235.19;;;
7/4/2024;1511.41;1413.17;1332.73;1244.17;;;
7/5/2024;1510.01;1412.81;1331.50;1243.86;;;
7/8/2024;1508.17;1409.65;1329.85;1241.05;;;
7/9/2024;1499.03;1402.62;1321.66;1234.85;;;
7/10/2024;1511.82;1413.80;1332.94;1244.70;;;
7/11/2024;1524.04;1426.60;1343.62;1255.88;;;
7/12/2024;1533.27;1432.46;1351.71;1260.99;;;
7/15/2024;1518.07;1416.48;1338.28;1246.90;;;
7/16/2024;1520.75;1418.18;1340.64;1248.39;;;
7/17/2024;1512.15;1411.51;1333.06;1242.52;;;
7/18/2024;1515.68;1417.44;1336.17;1247.74;;;
7/19/2024;1502.37;1404.63;1324.43;1236.46;;;
7/22/2024;1515.21;1416.78;1335.35;1246.79;;;
7/23/2024;1515.45;1418.04;1335.56;1247.90;;;
7/24/2024;1507.12;1412.35;1328.20;1242.89;;;
7/25/2024;1492.38;1404.11;1315.20;1235.64;;;
7/26/2024;1502.51;1413.22;1323.96;1243.49;;;
7/29/2024;1504.09;1417.32;1325.35;1247.09;;;
7/30/2024;1511.26;1427.24;1331.67;1255.77;;;
7/31/2024;1522.43;1436.92;1341.45;1264.23;;;
8/1/2024;1502.36;1418.92;1323.77;1248.40;;;
8/2/2024;1458.08;1380.99;1284.75;1215.03;;;
8/5/2024;1424.64;1347.73;1255.28;1185.77;;;
8/6/2024;1428.90;1350.44;1259.04;1188.15;;;
8/7/2024;1452.36;1371.54;1279.72;1206.71;;;
8/8/2024;1447.26;1367.34;1274.56;1202.41;;;
8/9/2024;1456.50;1375.16;1282.69;1209.29;;;
8/12/2024;1459.47;1377.20;1285.31;1211.08;;;
8/13/2024;1467.01;1383.13;1291.88;1216.25;;;
8/14/2024;1476.25;1391.48;1299.82;1223.59;;;
8/15/2024;1491.25;1403.09;1312.86;1233.68;;;
8/16/2024;1494.95;1406.37;1316.10;1236.57;;;
8/19/2024;1506.05;1416.46;1325.62;1245.19;;;
8/20/2024;1497.80;1406.87;1318.35;1236.76;;;
8/21/2024;1501.73;1411.72;1321.81;1241.02;;;
8/22/2024;1506.44;1417.92;1325.79;1246.04;;;
8/23/2024;1516.25;1427.87;1334.42;1254.75;;;
8/26/2024;1517.12;1428.35;1335.18;1255.17;;;
8/27/2024;1518.85;1431.78;1336.82;1258.19;;;
8/28/2024;1523.57;1436.96;1340.84;1262.74;;;
8/29/2024;1532.94;1444.63;1348.98;1269.37;;;
8/30/2024;1537.91;1448.83;1353.31;1272.99;;;
9/2/2024;1535.18;1445.90;1350.90;1270.36;;;
9/3/2024;1521.68;1434.09;1339.03;1259.98;;;
9/4/2024;1510.50;1426.30;1329.01;1253.00;;;
9/5/2024;1510.28;1428.10;1328.24;1254.06;;;
9/6/2024;1496.92;1417.35;1316.49;1244.60;;;
9/9/2024;1509.26;1430.09;1327.17;1255.79;;;
9/10/2024;1502.81;1424.36;1321.45;1250.72;;;
9/11/2024;1498.81;1421.73;1317.93;1248.41;;;
9/12/2024;1509.81;1430.99;1327.34;1256.28;;;
9/13/2024;1526.81;1447.24;1342.27;1270.55;;;
9/16/2024;1524.69;1444.28;1340.42;1267.95;;;
9/17/2024;1533.25;1450.03;1347.95;1273.00;;;
9/18/2024;1526.88;1443.30;1342.34;1267.09;;;
9/19/2024;1547.55;1458.16;1360.51;1280.11;;;
9/20/2024;1528.04;1440.12;1343.35;1264.27;;;
9/23/2024;1533.60;1444.67;1348.16;1268.27;;;
9/24/2024;1539.46;1449.16;1353.30;1272.21;;;
9/25/2024;1543.38;1450.66;1356.75;1273.47;;;
9/26/2024;1559.60;1463.14;1370.76;1284.28;;;
9/27/2024;1569.41;1472.91;1379.10;1292.83;;;
9/30/2024;1555.85;1459.31;1367.19;1280.84;;;
10/1/2024;1549.68;1453.28;1361.50;1275.55;;;
10/2/2024;1546.53;1449.10;1358.73;1271.89;;;
10/3/2024;1533.32;1434.47;1346.68;1258.68;;;
10/4/2024;1543.31;1441.08;1355.46;1264.45;;;
10/7/2024;1540.42;1438.02;1352.91;1261.76;;;
10/8/2024;1533.79;1434.71;1347.09;1258.86;;;
10/9/2024;1545.03;1444.56;1356.92;1267.50;;;
10/10/2024;1538.01;1437.10;1350.13;1260.81;;;
10/11/2024;1545.20;1441.92;1356.45;1265.04;;;
10/14/2024;1550.64;1447.29;1361.05;1269.59;;;
10/15/2024;1547.54;1442.49;1358.28;1265.33;;;
10/16/2024;1550.44;1444.78;1360.82;1267.34;;;
10/17/2024;1561.09;1458.49;1369.84;1279.24;;;
10/18/2024;1561.93;1458.38;1370.57;1279.14;;;
10/21/2024;1551.38;1447.91;1361.28;1269.92;;;
10/22/2024;1545.92;1442.37;1356.41;1264.99;;;
10/23/2024;1541.11;1438.55;1352.19;1261.64;;;
10/24/2024;1539.74;1435.33;1350.92;1258.74;;;
10/25/2024;1540.24;1432.45;1351.36;1256.21;;;
10/28/2024;1550.77;1439.10;1360.54;1262.00;;;
10/29/2024;1540.44;1429.81;1351.48;1253.85;;;
10/30/2024;1524.00;1415.44;1336.79;1241.21;;;
10/31/2024;1504.60;1401.61;1319.72;1229.02;;;
