Date;MSCI_Price;SAMCO_Price;MSCI_Gross;SAMCO_Gross;V25_Gross
3/15/2019;1000;1000;1000;1000;1000
3/18/2019;1007.5;1007.9;1007.62;1007.86;1008.757501
3/19/2019;1005.5;1007.5;1005.82;1007.68;1009.252089
3/20/2019;1006.2;1007.1;1006.69;1007.34;1007.734095
3/21/2019;1004.5;1005.1;1005.06;1005.39;1006.200158
3/22/2019;996.9;992.7;997.44;992.91;991.8425939
3/25/2019;985.6;982;986.19;982.25;982.898563
3/26/2019;990.9;986.4;991.51;986.71;986.8857396
3/27/2019;987.3;981.1;987.98;981.53;979.6160928
3/28/2019;985.2;979.4;985.86;980.01;979.3628927
3/29/2019;994;990.6;994.75;991.25;991.9648
4/1/2019;1004.7;1000.5;1005.47;1001.08;1003.190894
4/2/2019;1005.3;1000.7;1006.16;1001.38;1003.486835
4/3/2019;1010.1;1006.7;1011.09;1007.56;1010.409518
4/4/2019;1009.5;1005.7;1010.51;1006.6;1009.273315
4/5/2019;1011.8;1008.3;1012.88;1009.31;1012.293177
4/8/2019;1010.5;1008.1;1011.59;1009.14;1011.66107
4/9/2019;1014.6;1011.6;1015.72;1012.63;1014.751705
4/10/2019;1017.5;1014.9;1018.74;1016.04;1019.762092
4/11/2019;1014.1;1010.1;1015.34;1011.29;1014.632132
4/12/2019;1013.8;1011;1015.16;1012.22;1014.74399
4/15/2019;1017;1011.7;1018.37;1012.98;1015.149987
4/16/2019;1018.3;1013.4;1019.7;1014.66;1016.360945
4/17/2019;1020;1014.1;1021.37;1015.57;1017.600374
4/18/2019;1013.3;1008.2;1014.73;1009.67;1012.10229
4/19/2019;1016;1010.6;1017.47;1012.07;1014.148503
4/22/2019;1012.4;1008.4;1013.97;1010.09;1012.422141
4/23/2019;1010;1005.7;1011.69;1007.51;1009.796718
4/24/2019;1005.6;1001.6;1007.37;1003.47;1005.021968
4/25/2019;999.5;994.1;1001.38;996.18;999.0152707
4/26/2019;996.6;992.1;998.59;994.19;997.8280417
4/29/2019;995.6;992.8;997.8;994.99;998.2312808
4/30/2019;994.5;992.2;997.03;994.75;997.693222
5/1/2019;995.1;992.7;997.72;995.28;998.4377433
5/2/2019;995;977.6;997.81;980.2;987.1706737
5/3/2019;996.9;980.6;999.83;983.27;990.4301353
5/6/2019;982.6;963.2;985.59;965.94;974.5953081
5/7/2019;980.2;960.2;983.37;962.99;970.1811801
5/8/2019;973.7;953.6;977.11;956.75;965.1029334
5/9/2019;956;934.9;959.45;938.1;944.8667653
5/10/2019;960.1;939.9;963.73;943.22;949.9172003
5/13/2019;939.7;921.5;943.43;925.1;931.0865373
5/14/2019;940.3;919.8;944.1;923.53;931.3984286
5/15/2019;943.2;924.4;947.18;928.25;935.0858544
5/16/2019;937.4;920.1;941.47;923.99;929.8259404
5/17/2019;926.6;908.7;930.72;912.77;918.3451094
5/20/2019;929;907.5;933.3;911.67;917.5770064
5/21/2019;932.6;913.4;937.02;917.72;924.6811775
5/22/2019;933.8;914.4;938.25;918.77;926.1573934
5/23/2019;924;903.6;928.5;908.08;915.9387419
5/24/2019;928.3;906.5;933.06;911.15;918.8523619
5/27/2019;934.8;912.5;939.71;917.3;925.741221
5/28/2019;938.2;915.7;943.2;920.83;928.6891894
5/29/2019;932.3;910.2;937.39;915.41;924.1805105
5/30/2019;938.8;916.7;944.08;922.17;931.5336663
5/31/2019;942.8;920.5;948.31;926.3;936.518732
6/3/2019;945.8;922.6;951.56;929.01;940.1290233
6/4/2019;946.8;923;952.68;929.63;940.2722464
6/5/2019;949.1;925;955.25;931.94;941.6711129
6/6/2019;945.2;921.1;951.41;928.11;938.3308798
6/7/2019;948.8;925.4;955.12;932.52;942.939843
6/10/2019;955.7;934.2;962.22;941.55;952.3292208
6/11/2019;963.6;942.6;970.17;950.24;960.7725774
6/12/2019;960.1;938.1;966.81;945.9;957.1327206
6/13/2019;960.3;939.5;967.13;947.5;958.2493228
6/14/2019;953.1;932.2;960.06;940.35;950.678279
6/17/2019;948.1;927.4;955.12;935.76;946.1489488
6/18/2019;952.8;933.8;960.03;942.47;953.6327551
6/19/2019;959.1;943;966.6;952.01;963.6193676
6/20/2019;973.6;957.5;981.3;966.74;978.2706608
6/21/2019;973.2;957.3;981;966.72;977.8198842
6/24/2019;973.6;958.4;981.53;967.99;979.326751
6/25/2019;970.5;953.8;978.41;963.55;974.8499453
6/26/2019;971.6;955.4;979.75;965.39;976.8582701
6/27/2019;976.1;960.3;984.44;970.54;981.9449837
6/28/2019;977.4;961.7;985.88;972.06;982.6074865
7/1/2019;985.1;969.9;994.01;980.58;991.4191897
7/2/2019;984.1;969.3;993.23;980.22;990.0437608
7/3/2019;983.2;968.8;992.73;980.29;989.3012008
7/4/2019;988.3;973.8;998.21;985.82;994.6081043
7/5/2019;986.2;971.8;996.28;984.09;992.2920689
7/8/2019;974.2;959.8;984.36;971.99;981.6554149
7/9/2019;970;954.5;980.58;967.11;976.8386974
7/10/2019;975.9;960;986.7;972.86;983.3733357
7/11/2019;984.2;967.6;995.67;981.15;990.3297135
7/12/2019;982.3;965.2;993.9;978.74;987.3116865
7/15/2019;982.8;966;994.71;979.9;988.3936491
7/16/2019;984.3;966.9;996.56;981.01;989.5696991
7/17/2019;979.3;961.6;991.77;975.95;985.0408661
7/18/2019;977.7;959.6;990.46;974.57;983.7614727
7/19/2019;980.1;963.8;992.98;978.89;988.003939
7/22/2019;976;958.6;989.08;973.8;984.121578
7/23/2019;974.1;957.4;987.32;972.69;982.4061503
7/24/2019;971.4;954.8;984.7;970.25;980.9850682
7/25/2019;969.7;952.8;983.53;968.55;978.9373051
7/26/2019;967;949.6;980.95;965.44;974.9634351
7/29/2019;961.1;944.6;975.25;960.65;971.1807775
7/30/2019;957;941.8;971.14;957.91;967.9221295
7/31/2019;957.8;942.5;972.18;958.72;969.1676537
8/1/2019;947.6;931.9;961.92;948.06;957.1478023
8/2/2019;932.3;914;946.58;929.98;940.3836662
8/5/2019;903.5;885.6;917.31;901.14;911.6367873
8/6/2019;903.9;884.4;917.88;900.07;910.8710167
8/7/2019;905.8;886.5;919.94;902.34;911.7341586
8/8/2019;920;901.5;934.54;918.09;927.2394735
8/9/2019;919.4;899.3;933.99;916.18;925.999691
8/12/2019;911.3;894.2;925.98;910.94;919.9351551
8/13/2019;901.5;885.2;916.19;901.93;912.8237559
8/14/2019;900.8;882.8;915.6;899.77;907.477046
8/15/2019;895.6;878.5;910.37;895.36;903.1875061
8/16/2019;899.3;882.5;914.21;899.53;908.3281173
8/19/2019;903.8;888.4;918.91;905.48;914.1494248
8/20/2019;905.8;889.5;921.01;906.72;915.7339447
8/21/2019;911.4;895.2;926.72;912.55;922.2038295
8/22/2019;905.8;890.7;921.25;908.12;917.4014214
8/23/2019;902.2;888.1;917.63;905.49;913.7508423
8/26/2019;887.4;873.2;902.89;890.39;899.0132173
8/27/2019;891;876.6;906.93;894.27;902.9672788
8/28/2019;894;879.5;910.2;897.36;905.5685825
8/29/2019;896.6;881.8;913.05;900.05;910.0568407
8/30/2019;907.4;893.2;924.07;911.84;923.4621134
9/2/2019;910.3;896.7;927.18;915.5;926.6965503
9/3/2019;902.4;888.9;919.24;907.59;918.6647865
9/4/2019;913.8;901;930.99;920.14;931.4753853
9/5/2019;919.8;908.1;937.2;927.4;939.9404557
9/6/2019;922.2;910.9;939.67;930.43;942.5441684
9/9/2019;920.7;908.5;938.12;928.03;940.4676496
9/10/2019;919.6;908.7;937.07;928.3;940.5614777
9/11/2019;927.5;917.4;945.3;937.32;950.3289078
9/12/2019;934.2;923;952.28;943.42;957.0760882
9/13/2019;936.9;926.4;955.05;946.93;960.244713
9/16/2019;936.2;926.6;954.37;947.14;961.584331
9/17/2019;929.8;920.5;947.96;941.03;955.5450446
9/18/2019;934;924.4;952.41;945.12;959.2636972
9/19/2019;930.4;920.9;948.85;941.59;954.2841177
9/20/2019;937.5;926.3;956.08;947.12;958.2666652
9/23/2019;938.4;922.8;957.11;943.62;953.9682766
9/24/2019;936;917.5;954.59;938.2;949.1881374
9/25/2019;927.5;908.3;946.08;929.08;939.9724019
9/26/2019;929.9;910.6;948.58;931.41;941.9846116
9/27/2019;925.1;904.7;943.72;925.43;935.7598761
9/30/2019;923.7;903.1;942.35;923.85;933.8039597
10/1/2019;921.9;900.4;940.55;921.08;931.0463976
10/2/2019;916.9;894.5;935.46;915.33;924.1182861
10/3/2019;920.2;898.3;938.91;919.2;928.5617068
10/4/2019;922.8;901.1;941.6;922.13;933.4013261
10/7/2019;922.3;899.7;941.11;920.78;932.2393705
10/8/2019;922.8;900.4;941.61;921.51;932.2475177
10/9/2019;921.3;899.3;940.3;920.48;931.3182665
10/10/2019;920.9;900.2;939.84;921.43;931.9231903
10/11/2019;927.2;909.4;946.33;930.84;942.1088688
10/14/2019;933.6;916.6;952.86;938.22;949.7905823
10/15/2019;934;916.9;953.29;938.62;949.4994175
10/16/2019;935.3;918.8;954.64;940.57;951.880804
10/17/2019;941.5;923.6;961.03;945.53;957.7526736
10/18/2019;945.2;925.6;964.85;947.58;959.502125
10/21/2019;947.4;928.4;967.1;950.45;963.7029459
10/22/2019;953.1;933.7;972.93;955.95;970.0022817
10/23/2019;952.4;931.4;972.23;953.57;967.379527
10/24/2019;956.4;936.4;976.34;958.71;971.9542705
10/25/2019;952.8;933.7;972.72;955.89;968.2997204
10/28/2019;958;938.6;978;960.92;972.5776977
10/29/2019;957.5;938.5;977.49;960.8;973.6736975
10/30/2019;955.5;935.3;975.53;957.6;970.9364984
10/31/2019;958.6;937.8;978.69;960.22;972.8018483
11/1/2019;962.1;943.1;982.23;965.68;978.4431953
11/4/2019;970.1;953.1;990.49;975.92;990.1074903
11/5/2019;969.8;955.2;990.22;978.11;991.1324577
11/6/2019;967.5;952.7;987.97;975.59;986.9824976
11/7/2019;968;955.2;988.53;978.18;989.4267894
11/8/2019;964.5;952.7;984.92;975.71;986.0274493
11/11/2019;955.6;943.1;975.89;965.98;977.0293065
11/12/2019;957;944.3;977.37;967.17;978.388942
11/13/2019;949.1;935.2;969.3;957.92;970.0085694
11/14/2019;949.6;935;969.79;957.65;969.7084309
11/15/2019;954.9;938.9;975.24;961.79;975.5931703
11/18/2019;956.5;940.8;976.88;963.68;977.396505
11/19/2019;956.6;942.8;977.05;965.73;978.8403879
11/20/2019;952.8;938.4;973.14;961.22;975.7244248
11/21/2019;946.7;931.2;967.05;953.99;965.6107261
11/22/2019;948.6;933.2;969.04;956.02;967.7517965
11/25/2019;953.9;938.9;974.46;961.88;972.9888538
11/26/2019;953.4;937.4;973.96;960.26;969.4352408
11/27/2019;954.7;937.5;975.39;960.44;970.6837906
11/28/2019;954.1;936.3;974.76;959.27;969.7314343
11/29/2019;952.2;933.1;972.8;955.94;965.2556478
12/2/2019;949.8;931.5;970.36;954.26;964.9169746
12/3/2019;947.5;930.5;968.09;953.26;963.3426196
12/4/2019;948.6;929.2;969.29;952.05;963.1047035
12/5/2019;949.9;931.4;970.72;954.36;965.6897532
12/6/2019;954.5;935.8;975.4;958.84;969.8799562
12/9/2019;956.1;936.3;977.12;959.37;970.3632039
12/10/2019;953.6;935.1;974.57;958.1;968.8909967
12/11/2019;958.5;941.3;979.84;964.75;975.7922502
12/12/2019;967.4;949.9;989.09;973.61;985.3488623
12/13/2019;976;958.2;997.91;982.19;995.7990368
12/16/2019;980;962.4;1002.04;986.56;999.0113195
12/17/2019;985.7;969.2;1008;993.6;1005.892919
12/18/2019;986.8;970.4;1009.22;994.91;1008.238013
12/19/2019;988.5;971.2;1011.04;995.82;1009.300562
12/20/2019;987;969.6;1009.47;994.21;1008.181323
12/23/2019;988.9;971.3;1011.46;995.94;1010.811259
12/24/2019;988.3;970.3;1010.86;994.87;1009.319398
12/25/2019;989.8;971.3;1012.32;995.95;1010.44602
12/26/2019;994.5;975.7;1017.32;1000.54;1015.198131
12/27/2019;1000.2;982.2;1025.17;1007.39;1020.926244
12/30/2019;1006.3;990.4;1031.49;1015.84;1028.45707
12/31/2019;1007.6;991.6;1032.88;1017.13;1028.707587
1/2/2020;1015.8;1001.6;1041.37;1027.49;1038.356546
1/3/2020;1009.6;996.9;1035.02;1022.63;1033.579809
1/6/2020;993.7;983.4;1018.75;1008.8;1019.48831
1/7/2020;997.4;986;1022.54;1011.53;1022.052236
1/8/2020;988.1;976.9;1013.13;1002.17;1014.15166
1/9/2020;1005.3;993.4;1030.85;1019.11;1030.85717
1/10/2020;1009.8;997.2;1035.37;1023.05;1035.343612
1/13/2020;1018.2;1005.4;1044.04;1031.47;1043.078867
1/14/2020;1022.5;1009.4;1048.49;1035.55;1048.060167
1/15/2020;1022.1;1009.6;1048.11;1035.84;1047.406219
1/16/2020;1025.9;1013.3;1052.06;1039.65;1050.385339
1/17/2020;1029;1018.4;1055.24;1044.9;1054.1956
1/20/2020;1028.8;1018.2;1055.08;1044.74;1054.570667
1/21/2020;1019.3;1006.3;1045.27;1032.48;1042.80579
1/22/2020;1023.7;1011.4;1049.9;1037.86;1048.338179
1/23/2020;1021;1005.5;1047.18;1031.78;1041.654373
1/24/2020;1020.8;1005.2;1046.92;1031.48;1040.512848
1/27/2020;1009;993.8;1034.86;1019.77;1025.71909
1/28/2020;1005.2;989.8;1030.94;1015.72;1021.72333
1/29/2020;1002;982.5;1027.75;1008.27;1017.069611
1/30/2020;973.4;952.9;998.41;977.82;989.0852488
1/31/2020;966.9;946.1;991.74;970.92;980.2370791
2/3/2020;961;941.6;985.77;966.28;977.1287785
2/4/2020;977.3;960.1;1002.45;985.29;995.8991404
2/5/2020;981.4;964.5;1006.72;989.75;1000.126549
2/6/2020;989.1;974.3;1014.68;999.88;1010.015215
2/7/2020;978.7;964.2;1003.96;989.46;998.1232869
2/10/2020;971.7;959;996.83;984.13;991.7082832
2/11/2020;983.3;970.3;1008.74;995.77;1003.02396
2/12/2020;990.6;978.9;1016.24;1004.65;1010.907266
2/13/2020;988.5;977.1;1014.08;1002.83;1009.424022
2/14/2020;989.3;977.5;1014.99;1003.22;1008.782479
2/17/2020;989.2;979;1014.94;1004.82;1009.122182
2/18/2020;980.9;970.2;1006.48;995.85;999.9503494
2/19/2020;986.3;975.5;1011.99;1001.28;1004.103523
2/20/2020;981.1;970.1;1006.77;995.83;995.8099069
2/21/2020;973.3;961.1;998.74;986.52;987.6970139
2/24/2020;948.5;937.1;973.32;961.94;962.3624962
2/25/2020;950.6;939;975.58;963.94;963.9227378
2/26/2020;936.3;926.6;960.9;951.17;948.1430069
2/27/2020;918.3;911.4;942.57;935.6;931.6365333
2/28/2020;898;889.9;921.83;913.63;908.219882
3/2/2020;905.8;901.7;929.91;925.76;919.7973773
3/3/2020;916.7;911.6;941.14;935.95;931.8696359
3/4/2020;919.7;914.5;944.37;939.04;936.7807415
3/5/2020;916.7;913;941.39;937.54;934.007384
3/6/2020;897.3;893.4;921.49;917.43;912.8195587
3/9/2020;837.2;838.6;859.9;861.26;853.1331739
3/10/2020;851.3;850.6;874.48;873.68;865.7563262
3/11/2020;833.7;834.3;856.73;857.13;847.4680447
3/12/2020;763.8;768.8;785;789.91;776.3857703
3/13/2020;756.4;761.5;777.48;782.49;770.9005532
3/16/2020;705.1;710.3;724.82;729.93;716.0044085
3/17/2020;692.3;698.2;711.77;717.55;706.4073291
3/18/2020;654.7;658.3;673.26;676.6;664.8926181
3/19/2020;617.4;623;635.07;640.43;632.0449111
3/20/2020;650.1;656;668.7;674.36;664.5543227
3/23/2020;604.9;614.1;622.35;631.32;620.0700662
3/24/2020;632.1;644.9;650.44;663.04;650.339369
3/25/2020;663.9;678.6;683.22;697.79;686.9838291
3/26/2020;682.5;697.1;702.34;716.85;708.0401383
3/27/2020;681.5;695.3;701.37;715.06;704.0210085
3/30/2020;677;689.2;696.77;708.87;696.5797469
3/31/2020;689;701.2;709.19;721.18;707.847991
4/1/2020;675.7;686.8;695.69;706.5;693.3135045
4/2/2020;681.3;692.7;701.4;712.55;699.7452911
4/3/2020;676.1;687.5;696.22;707.34;692.5212139
4/6/2020;692.7;704.1;713.36;724.45;710.7081844
4/7/2020;714.8;724.1;736.26;745.04;730.2386343
4/8/2020;720.4;729;742.01;750.08;735.277605
4/9/2020;732.6;741.6;754.59;763.27;749.206108
4/10/2020;734.5;743.2;756.56;764.98;750.9311198
4/13/2020;729.3;737.8;751.31;759.44;745.3765907
4/14/2020;744.2;753;766.72;775.08;760.9600047
4/15/2020;741.6;749.7;764.11;771.72;755.584197
4/16/2020;740.2;749.7;762.68;771.81;754.6357982
4/17/2020;751.7;761;774.69;783.48;767.4372222
4/20/2020;755.5;765.6;778.83;788.42;771.1356983
4/21/2020;737;747;759.84;769.3;752.3532708
4/22/2020;743.8;754.5;766.85;777;759.3197757
4/23/2020;751.1;759.1;774.53;781.83;764.0161909
4/24/2020;740.1;746.1;763.18;768.42;750.4438749
4/27/2020;756.1;763.2;779.77;786.21;767.3524815
4/28/2020;763.8;771.5;787.86;794.92;776.390976
4/29/2020;777.9;785.7;802.48;809.68;792.1376177
4/30/2020;783.3;789;808.25;813.09;795.1293204
5/1/2020;780.4;785.2;805.19;809.23;790.3962949
5/4/2020;759.7;764.3;783.9;787.64;770.5576806
5/5/2020;763.7;768.4;788.02;791.97;775.127569
5/6/2020;764.2;771.3;788.65;795.04;776.4733214
5/7/2020;766.3;772.8;790.83;796.59;777.1206888
5/8/2020;776.1;785;800.96;809.19;789.3560736
5/11/2020;776.6;787;801.61;811.24;790.5421744
5/12/2020;773.2;783.3;798.19;807.57;786.3049309
5/13/2020;772.8;782.7;797.81;807.08;785.4137093
5/14/2020;766;775.4;790.81;799.74;777.4692604
5/15/2020;769.2;779;794.17;803.62;781.1572212
5/18/2020;771.2;783.5;796.32;808.3;785.7070833
5/19/2020;780.1;793.3;805.58;818.7;796.4366492
5/20/2020;786.7;797.8;812.46;823.46;801.4863219
5/21/2020;793.1;801.6;819.1;827.4;806.4109093
5/22/2020;781.1;783.8;806.8;809.16;789.7906014
5/25/2020;790.4;792.9;816.42;818.66;798.8150632
5/26/2020;802.5;806.4;829.08;832.88;813.5488687
5/27/2020;806.1;808.2;832.83;835.19;817.9847113
5/28/2020;801.7;803;828.41;829.9;814.1096483
5/29/2020;800.7;805.2;827.48;832.22;816.6920124
6/1/2020;822.2;826.9;849.88;854.81;837.6132435
6/2/2020;836.7;841.3;864.92;870.17;854.3659185
6/3/2020;851.3;856.4;880.09;885.82;873.0993508
6/4/2020;853.6;857.2;882.76;886.91;874.1437547
6/5/2020;872;872.3;901.97;902.79;889.6172949
6/8/2020;883;880.3;913.46;911.18;899.4639927
6/9/2020;882.4;883.5;912.98;914.7;901.8706443
6/10/2020;884.6;885.4;915.48;917.02;901.9707357
6/11/2020;869.6;869.7;900.23;901.06;884.9390981
6/12/2020;862.4;862.8;892.88;894.05;877.2494714
6/15/2020;840.3;842.1;870.23;872.89;857.5261001
6/16/2020;862.5;865.8;893.28;897.56;880.1015274
6/17/2020;866;870.3;896.98;902.45;885.186473
6/18/2020;868.6;875;899.73;907.42;889.0333493
6/19/2020;872.7;879.6;904.18;912.27;894.5090705
6/22/2020;875.4;881.7;907.1;914.78;897.0948425
6/23/2020;881.9;887;913.91;920.37;903.2794201
6/24/2020;878.8;884.6;910.9;918.26;900.7976136
6/25/2020;875.3;881.5;907.29;915.03;896.745643
6/26/2020;870.6;876.5;902.53;909.98;891.7055984
6/29/2020;867.7;872.3;899.73;905.89;888.1764739
6/30/2020;870.1;875;902.36;908.9;890.7006787
7/1/2020;877.2;881;909.86;915.26;897.4647557
7/2/2020;892.3;899.6;925.85;935;915.7224056
7/3/2020;900.1;907.5;934.08;943.56;923.6536356
7/6/2020;919.7;931;954.67;968.22;945.7043119
7/7/2020;915.2;925.1;950.51;962.62;940.4885648
7/8/2020;922.5;933.4;958.23;971.4;949.524262
7/9/2020;928.3;940.1;964.6;978.75;957.6100071
7/10/2020;920.7;931;956.79;969.43;947.6758506
7/13/2020;928.7;937.9;965.52;976.96;953.4996591
7/14/2020;917.8;926.4;954.36;965.28;942.3849156
7/15/2020;924.2;931;961.64;970.59;947.1986718
7/16/2020;915;918.2;952.6;957.52;936.6859919
7/17/2020;919.4;920.8;957.44;960.38;939.2607255
7/20/2020;927.9;933.5;966.26;973.66;950.1810422
7/21/2020;941.9;946.9;980.98;987.73;964.6349861
7/22/2020;946.3;947.6;985.64;988.62;965.0106279
7/23/2020;947.6;947.1;987.56;988.37;963.8884798
7/24/2020;933.6;931;973.15;971.79;946.7217088
7/27/2020;937.3;934.4;977.15;975.37;950.6685203
7/28/2020;937.6;936.4;977.5;977.51;952.3961173
7/29/2020;943.8;945.4;984.1;987.02;960.8964355
7/30/2020;942.7;944.2;983.19;986.03;960.3005823
7/31/2020;946;945.5;986.72;987.41;960.6019608
8/3/2020;945;945.6;985.73;987.72;960.6893546
8/4/2020;954.4;954.3;995.69;996.9;970.8253219
8/5/2020;969.1;969.9;1011.16;1013.34;988.7088633
8/6/2020;973.2;974.1;1015.48;1017.75;993.1352241
8/7/2020;968.2;967.9;1010.32;1011.29;983.8537584
8/10/2020;969.7;969.8;1011.96;1013.32;982.2406597
8/11/2020;971.7;971.6;1014.19;1015.35;984.9321546
8/12/2020;964.9;967.4;1007.19;1011.11;981.4677311
8/13/2020;968.1;969.8;1010.71;1013.75;985.9163683
8/14/2020;966.3;968.3;1008.85;1012.22;982.5324697
8/17/2020;965.6;970.7;1008.17;1014.88;984.2275038
8/18/2020;966.1;970.2;1008.89;1014.36;984.1339467
8/19/2020;971.1;973.5;1014.12;1017.81;986.1692917
8/20/2020;951.3;953.1;993.6;996.64;966.2919341
8/21/2020;962.3;963;1005.22;1007.1;975.8512107
8/24/2020;973.5;973.6;1017.19;1018.33;985.9501903
8/25/2020;979.3;982.5;1023.35;1027.68;994.8182972
8/26/2020;981;983.9;1025.24;1029.35;995.4861211
8/27/2020;978.9;981.6;1023.16;1027.11;993.1131571
8/28/2020;987;988;1031.88;1034.11;1001.943469
8/31/2020;982.9;982.8;1027.61;1028.74;993.4008704
9/1/2020;991.8;993.8;1037.09;1040.38;1008.105801
9/2/2020;994.7;995.9;1040.19;1042.64;1011.113872
9/3/2020;994.2;992.8;1039.69;1039.38;1006.028973
9/4/2020;988.1;987;1033.35;1033.39;1000.200402
9/7/2020;986.9;985.6;1032.22;1032.1;999.3415729
9/8/2020;980.5;978.4;1025.59;1024.71;990.3157755
9/9/2020;977.8;978.5;1022.91;1024.78;990.870944
9/10/2020;978.4;978.2;1023.64;1024.81;988.8684637
9/11/2020;978.2;978.4;1023.47;1025.1;989.426699
9/14/2020;994;992.7;1040.08;1040.17;1004.322244
9/15/2020;1002.2;1001.4;1048.66;1049.26;1014.2432
9/16/2020;1004.7;1004.1;1051.45;1052.24;1018.67672
9/17/2020;1000.4;1001;1047;1049;1015.52217
9/18/2020;1005.8;1008.2;1052.68;1056.58;1021.834147
9/21/2020;983.6;984.9;1029.41;1032.3;998.204297
9/22/2020;970.6;972.8;1015.84;1019.6;987.5461831
9/23/2020;964.2;966.1;1009.31;1012.69;979.0488378
9/24/2020;941.7;943.3;985.78;988.9;957.259727
9/25/2020;941.8;943.6;985.93;989.28;958.4468542
9/28/2020;956.4;958.1;1001.26;1004.52;972.8630485
9/29/2020;959.9;961.6;1004.98;1008.15;976.1081432
9/30/2020;965.6;967;1010.97;1013.84;982.7770267
10/1/2020;971;973.1;1016.73;1020.31;989.4702478
10/2/2020;969.5;971.7;1015.16;1018.87;987.0736413
10/5/2020;978.5;981.7;1024.63;1029.27;996.5690497
10/6/2020;987.8;990.8;1034.32;1038.9;1004.873912
10/7/2020;989.1;992.7;1035.66;1040.82;1006.175653
10/8/2020;995.8;999.5;1042.76;1048.03;1013.439543
10/9/2020;998.2;1001.2;1045.35;1049.85;1015.717084
10/12/2020;1001.4;1003.6;1048.75;1052.32;1019.177576
10/13/2020;999.5;1000.5;1046.75;1049.18;1015.987986
10/14/2020;999;1000.4;1046.42;1049.15;1019.293068
10/15/2020;989.4;989.5;1036.43;1037.81;1010.431527
10/16/2020;988.4;989.3;1035.42;1037.68;1010.596335
10/19/2020;991.6;991.1;1038.77;1039.85;1012.963318
10/20/2020;997.9;998.9;1045.38;1048.05;1018.994318
10/21/2020;1001.2;1003.2;1048.85;1052.62;1023.220377
10/22/2020;998.7;1002.1;1046.28;1051.43;1023.172452
10/23/2020;999.7;1003.9;1047.35;1053.36;1025.137289
10/26/2020;987.9;993.7;1035.02;1042.65;1014.635773
10/27/2020;986.3;991.5;1033.31;1040.38;1015.099328
10/28/2020;977.2;982;1023.84;1030.49;1002.567566
10/29/2020;973;979.6;1019.4;1027.95;1002.120298
10/30/2020;959.7;965.8;1005.49;1013.49;988.9075365
11/2/2020;961.5;968.9;1007.37;1016.73;993.9057196
11/3/2020;976;983;1022.6;1031.51;1010.830208
11/4/2020;983.3;989.9;1030.41;1038.9;1020.166366
11/5/2020;1007.7;1016.3;1055.97;1066.65;1051.12483
11/6/2020;1013.1;1023.3;1061.6;1074.01;1057.250186
11/9/2020;1034.6;1042.7;1084.21;1094.38;1079.743383
11/10/2020;1032.1;1040.3;1081.6;1092;1076.224469
11/11/2020;1035.9;1044.2;1085.6;1096.11;1081.905679
11/12/2020;1032.8;1040.8;1082.51;1092.79;1080.518804
11/13/2020;1036.5;1043.7;1086.47;1095.96;1080.258429
11/16/2020;1050;1054.4;1100.64;1107.25;1093.330088
11/17/2020;1054.8;1060.3;1105.76;1113.63;1099.599438
11/18/2020;1063.2;1069.7;1114.58;1123.47;1106.282333
11/19/2020;1061.9;1067.8;1113.31;1121.55;1105.259905
11/20/2020;1067.8;1074.1;1119.41;1128.17;1111.947787
11/23/2020;1076.8;1082.2;1128.92;1136.67;1126.491836
11/24/2020;1080.1;1085;1132.41;1139.67;1126.285782
11/25/2020;1078.7;1082.6;1131.04;1137.18;1124.946556
11/26/2020;1089.9;1092.7;1142.86;1147.83;1136.185188
11/27/2020;1099.8;1103.1;1153.26;1158.71;1144.757771
11/30/2020;1094.2;1096.4;1147.31;1151.75;1134.047745
12/1/2020;1105.9;1107.4;1159.6;1163.32;1142.570521
12/2/2020;1112.1;1113.1;1166.27;1169.36;1151.494008
12/3/2020;1119.2;1120.4;1173.82;1177.11;1158.245837
12/4/2020;1128.5;1128.7;1183.54;1185.88;1165.372292
12/7/2020;1133;1133.7;1188.29;1191.12;1171.368316
12/8/2020;1132.9;1133.1;1188.2;1190.53;1173.197022
12/9/2020;1136.9;1135.6;1192.53;1193.25;1174.599803
12/10/2020;1136.8;1135.6;1192.57;1193.29;1176.222175
12/11/2020;1138.2;1136.5;1194.06;1194.3;1173.083542
12/14/2020;1140.4;1139.6;1196.44;1197.58;1174.868593
12/15/2020;1140.1;1140.5;1196.11;1198.6;1176.351622
12/16/2020;1153.6;1153.5;1210.48;1212.4;1190.277372
12/17/2020;1158.8;1159.5;1215.92;1218.86;1197.456326
12/18/2020;1158.9;1160.7;1216.03;1220.08;1198.130067
12/21/2020;1142.9;1147.6;1199.25;1206.33;1184.660382
12/22/2020;1130.3;1134.5;1186.07;1192.65;1171.941552
12/23/2020;1139.9;1142;1196.22;1200.61;1179.912166
12/24/2020;1146.1;1147.7;1202.7;1206.56;1184.325585
12/25/2020;1147.5;1149.5;1204.25;1208.56;1185.525246
12/28/2020;1155.5;1158.3;1212.72;1217.74;1191.593975
12/29/2020;1165.4;1166.6;1225.33;1226.73;1200.390306
12/30/2020;1175;1177.9;1235.45;1238.69;1212.104232
12/31/2020;1176;1181.6;1236.54;1242.64;1214.447008
1/4/2021;1197.4;1201.7;1259.11;1263.82;1236.408103
1/5/2021;1196.6;1204.2;1258.24;1266.42;1240.847298
1/6/2021;1194.3;1203.1;1255.9;1265.32;1235.227766
1/7/2021;1202.3;1210.1;1264.3;1272.69;1248.56777
1/8/2021;1211.5;1222.9;1274.06;1286.18;1267.371596
1/11/2021;1203;1209.8;1265.08;1272.35;1259.050189
1/12/2021;1204.2;1212.8;1266.4;1275.53;1262.779538
1/13/2021;1213;1221.2;1275.63;1284.56;1273.734347
1/14/2021;1222.4;1229.5;1285.52;1293.19;1279.856923
1/15/2021;1207.4;1214.7;1269.8;1277.64;1260.703041
1/18/2021;1201.3;1210.6;1263.36;1273.33;1256.304303
1/19/2021;1216.7;1227.7;1279.6;1291.36;1275.895833
1/20/2021;1223.1;1236.1;1286.35;1300.27;1280.556746
1/21/2021;1225;1236.9;1288.39;1301.15;1280.75146
1/22/2021;1219.5;1230.8;1282.64;1294.73;1278.819633
1/25/2021;1223.9;1235.5;1287.31;1299.74;1281.487462
1/26/2021;1216.3;1227.7;1279.36;1291.58;1273.916785
1/27/2021;1208.7;1217.3;1271.46;1283.19;1262.248107
1/28/2021;1189.8;1198.2;1251.58;1265.56;1248.021209
1/29/2021;1176.6;1185;1237.62;1253.16;1234.019925
2/1/2021;1196.6;1207.2;1258.73;1277;1255.299486
2/2/2021;1217.6;1230;1280.87;1301.51;1276.838163
2/3/2021;1227.4;1241.7;1291.15;1314.43;1288.260309
2/4/2021;1225.3;1238.8;1289.02;1313.61;1285.349219
2/5/2021;1231.5;1242.8;1295.54;1319.39;1291.087026
2/8/2021;1242.8;1253.9;1307.45;1332.13;1303.010755
2/9/2021;1246.8;1259.2;1311.73;1339;1313.245786
2/10/2021;1254;1268.1;1319.39;1349.74;1319.17774
2/11/2021;1259.6;1275.1;1325.38;1358.09;1324.449219
2/12/2021;1261.1;1277.8;1326.93;1361.28;1326.635429
2/15/2021;1270.7;1287.9;1337.13;1372.14;1334.544574
2/16/2021;1278.6;1299.9;1345.42;1385.01;1339.793147
2/17/2021;1280.2;1300.6;1347.21;1387.67;1338.905286
2/18/2021;1276.4;1292.7;1343.18;1382.83;1329.990438
2/19/2021;1279.7;1296.8;1346.77;1389.1;1335.520622
2/22/2021;1268.1;1278.7;1334.56;1376.13;1318.813806
2/23/2021;1267.5;1278.5;1334.01;1378.78;1321.22905
2/24/2021;1252.7;1261.1;1318.45;1364.55;1312.554276
2/25/2021;1268.1;1276.8;1334.73;1383.39;1322.500432
2/26/2021;1246;1251.9;1311.5;1359.26;1296.9522
3/1/2021;1257.2;1267;1323.31;1376.44;1316.365955
3/2/2021;1254;1260;1319.93;1373.06;1306.725326
3/3/2021;1267.6;1272;1334.32;1387.52;1319.109486
3/4/2021;1259.4;1257.5;1325.82;1376.87;1306.481186
3/5/2021;1248.1;1244.7;1313.98;1365.21;1294.365486
3/8/2021;1225.6;1217;1290.4;1340.84;1271.089399
3/9/2021;1222.1;1218.5;1286.76;1343.51;1279.360093
3/10/2021;1232;1227;1297.3;1353.67;1290.264774
3/11/2021;1255.1;1255.1;1321.76;1384.9;1321.799212
3/12/2021;1261.2;1261.5;1328.2;1393.29;1326.549108
3/15/2021;1260.6;1260.1;1327.65;1393.87;1325.399634
3/16/2021;1272.6;1273.5;1340.39;1409.6;1336.29869
3/17/2021;1268.7;1270.6;1336.4;1407.51;1334.685823
3/18/2021;1271;1271.4;1338.79;1411.54;1334.000985
3/19/2021;1267;1266.3;1334.69;1408.25;1332.780377
3/22/2021;1266.5;1267.4;1334.21;1410.76;1333.294161
3/23/2021;1257.2;1256;1324.53;1401.84;1325.60173
3/24/2021;1244.5;1237.2;1311.23;1385.5;1311.174405
3/25/2021;1238.2;1231.8;1304.7;1380.48;1308.099218
3/26/2021;1252.9;1246.3;1320.16;1397.94;1326.498098
3/29/2021;1253.5;1247.8;1320.86;1401.63;1329.488904
3/30/2021;1262.1;1260;1330.15;1415.88;1342.849497
3/31/2021;1263.7;1260.9;1331.92;1418.27;1346.545402
4/1/2021;1273.6;1271.4;1342.42;1431;1358.133144
4/2/2021;1274.3;1272.1;1343.19;1432.31;1359.602417
4/5/2021;1274;1270.3;1342.95;1431.02;1358.322205
4/6/2021;1282.8;1279.4;1352.31;1441.54;1368.832074
4/7/2021;1288.4;1285.4;1358.32;1450;1376.790139
4/8/2021;1297;1296.2;1367.49;1462.97;1387.557746
4/9/2021;1293.5;1289.7;1363.94;1457.57;1382.797106
4/12/2021;1280.1;1274.6;1350.1;1443.67;1368.95745
4/13/2021;1279.6;1274.2;1349.77;1444.43;1370.250091
4/14/2021;1286.4;1282.5;1357.19;1454.63;1382.419616
4/15/2021;1292.9;1287.4;1364.16;1461.39;1389.590859
4/16/2021;1306.7;1302.4;1378.87;1479.08;1406.034221
4/19/2021;1312.4;1311;1384.97;1489.59;1415.419694
4/20/2021;1318.3;1315.6;1391.32;1496.39;1418.701147
4/21/2021;1314.2;1309.7;1387.12;1490.69;1412.247868
4/22/2021;1314.7;1310.3;1387.83;1492.35;1415.571067
4/23/2021;1320;1317.4;1393.54;1500.97;1425.634899
4/26/2021;1336;1331.7;1410.75;1518.48;1444.342733
4/27/2021;1341.5;1336.6;1416.61;1525.01;1448.852421
4/28/2021;1343;1337.9;1418.29;1528.03;1452.449198
4/29/2021;1345.9;1339.1;1421.65;1531.1;1456.21589
4/30/2021;1337.2;1328.8;1412.71;1520.96;1446.507786
5/3/2021;1324;1315;1398.84;1507.18;1433.300215
5/4/2021;1309.2;1300.6;1383.31;1492.83;1422.495706
5/5/2021;1310.8;1303.4;1385.18;1497.42;1427.120963
5/6/2021;1320;1311.8;1395.16;1509.13;1438.891123
5/7/2021;1337.3;1324.9;1413.48;1525.32;1454.918724
5/10/2021;1350.8;1338.3;1428;1543.51;1472.303334
5/11/2021;1329.8;1318.9;1405.99;1522.87;1455.268295
5/12/2021;1304.7;1292.6;1379.66;1495.18;1431.750493
5/13/2021;1291.1;1276.8;1365.42;1479.17;1419.438984
5/14/2021;1296.2;1284.7;1370.88;1488.77;1429.109494
5/17/2021;1285.9;1275.2;1360.03;1478.69;1422.081811
5/18/2021;1313.4;1304.2;1389.23;1512.8;1453.986125
5/19/2021;1311.2;1303.7;1387.03;1513.07;1454.239972
5/20/2021;1309.6;1301.7;1385.49;1511.06;1453.944215
5/21/2021;1317.1;1308.6;1393.42;1520.57;1462.985958
5/24/2021;1322.4;1313.8;1399.15;1527.96;1471.50065
5/25/2021;1332;1324.2;1409.44;1540.98;1485.358535
5/26/2021;1342.7;1334.9;1420.9;1554.26;1498.539764
5/27/2021;1354.7;1349.4;1433.66;1571.92;1514.535066
5/28/2021;1360.6;1355;1440.23;1580.71;1524.438396
5/31/2021;1368.4;1362.5;1448.65;1590.19;1536.423771
6/1/2021;1378.1;1373.9;1459.09;1604.35;1550.155357
6/2/2021;1381.1;1377.6;1462.53;1611.05;1556.475479
6/3/2021;1387.1;1381.3;1469.16;1616.98;1562.072504
6/4/2021;1385.1;1381;1467.15;1618;1562.260458
6/7/2021;1393;1386.7;1475.67;1626.44;1570.680163
6/8/2021;1394.2;1389.4;1477.07;1631.14;1575.581172
6/9/2021;1387.8;1382.8;1470.65;1624.76;1570.853453
6/10/2021;1399.4;1393.1;1483.17;1638.79;1582.6496
6/11/2021;1400.8;1396.5;1484.77;1644.03;1589.191965
6/14/2021;1402.1;1398.6;1486.25;1646.75;1592.016354
6/15/2021;1401.9;1396.5;1486.23;1646.65;1589.852632
6/16/2021;1394.6;1389;1478.66;1639.99;1585.695204
6/17/2021;1386.8;1383.7;1470.53;1635.11;1578.854219
6/18/2021;1385.4;1383.7;1469.31;1636.71;1580.929875
6/21/2021;1371.7;1375;1454.93;1628.78;1576.586432
6/22/2021;1376.6;1380;1460.23;1636.26;1581.586073
6/23/2021;1382;1387.2;1466.18;1646.07;1590.348316
6/24/2021;1386.8;1393.5;1471.49;1654.6;1598.848718
6/25/2021;1392.6;1398.8;1477.75;1662.67;1609.865942
6/28/2021;1395.4;1404.6;1480.78;1670.59;1617.641606
6/29/2021;1391.6;1402;1477.16;1669.41;1614.448793
6/30/2021;1397.3;1404.8;1483.27;1675.41;1622.408884
7/1/2021;1390.8;1397.1;1476.47;1668.03;1618.485894
7/2/2021;1390.7;1394;1476.56;1664.39;1614.948873
7/5/2021;1401.1;1404;1487.85;1676.72;1628.294378
7/6/2021;1392.9;1392.7;1479.19;1663.28;1615.28938
7/7/2021;1389.2;1389.4;1475.3;1659.5;1611.097982
7/8/2021;1375.6;1371.9;1461.31;1639.29;1594.031416
7/9/2021;1374.3;1372.3;1460.02;1640;1592.891735
7/12/2021;1385.7;1383.1;1472.15;1652.94;1604.796037
7/13/2021;1387.6;1386.2;1474.36;1656.97;1604.952211
7/14/2021;1390.6;1386.6;1477.69;1657.48;1603.521824
7/15/2021;1401.7;1398;1489.68;1671.35;1615.994525
7/16/2021;1401;1396.7;1489.13;1670.27;1615.41942
7/19/2021;1386.4;1379.1;1473.76;1649.35;1594.143937
7/20/2021;1374.1;1365;1460.82;1632.62;1578.502844
7/21/2021;1375.5;1367.4;1462.59;1635.95;1579.337252
7/22/2021;1390.5;1381.3;1479.06;1653.03;1594.996664
7/23/2021;1387.5;1374.2;1476.1;1644.76;1586.64475
7/26/2021;1379.5;1356.5;1467.9;1623.75;1569.661683
7/27/2021;1365.4;1338;1453.19;1602.03;1549.792851
7/28/2021;1361.9;1342.4;1449.51;1607.32;1557.238876
7/29/2021;1384.7;1366.3;1473.9;1636.11;1584.276253
7/30/2021;1375.5;1357.3;1464.5;1625.82;1570.601973
8/2/2021;1387.1;1371.4;1477.18;1643.11;1588.438253
8/3/2021;1385.1;1368.2;1475.29;1639.6;1587.029164
8/4/2021;1389.5;1372;1480.04;1644.24;1591.947925
8/5/2021;1389.2;1370.2;1480.03;1642.44;1590.599244
8/6/2021;1384.3;1363.4;1474.92;1634.36;1582.822469
8/9/2021;1377.1;1359.3;1467.57;1629.64;1575.20152
8/10/2021;1370.9;1355;1461.06;1624.64;1570.124335
8/11/2021;1363.9;1348.9;1453.82;1617.66;1562.221939
8/12/2021;1367.7;1350.9;1457.95;1620.14;1563.422978
8/13/2021;1355.4;1339.9;1445.04;1607.23;1549.489387
8/16/2021;1345.6;1329.5;1434.76;1594.88;1536.992196
8/17/2021;1328.1;1311;1416.38;1573;1519.824027
8/18/2021;1339.4;1322.5;1428.51;1586.88;1534.188709
8/19/2021;1314.3;1295.5;1402.06;1554.68;1501.129874
8/20/2021;1302.9;1282.2;1390.21;1539.15;1489.561569
8/23/2021;1320.5;1302.8;1409.64;1564.33;1513.060343
8/24/2021;1341.7;1326.3;1432.44;1592.7;1540.848367
8/25/2021;1352.2;1335.5;1443.85;1604;1552.068144
8/26/2021;1347.6;1327.6;1439.37;1595.01;1544.381623
8/27/2021;1357.9;1337.6;1450.54;1607.16;1556.802458
8/30/2021;1374.4;1355.3;1468.29;1628.45;1579.81643
8/31/2021;1387.5;1370.5;1482.55;1646.96;1597.885206
9/1/2021;1393.5;1376.4;1488.95;1654.31;1605.522155
9/2/2021;1391.1;1375;1486.57;1652.67;1602.684148
9/3/2021;1396.7;1381.4;1492.75;1660.59;1609.101221
9/6/2021;1400;1386.2;1496.38;1666.54;1612.686853
9/7/2021;1396.5;1383.7;1492.7;1663.68;1610.361506
9/8/2021;1375.3;1363.5;1470.41;1639.87;1588.542848
9/9/2021;1379.5;1366.7;1475.07;1643.9;1592.163288
9/10/2021;1386.5;1372.5;1482.63;1651.03;1599.21167
9/13/2021;1386.4;1370.6;1483.06;1649.12;1597.611776
9/14/2021;1391.3;1372;1488.47;1650.88;1597.654754
9/15/2021;1391.7;1371;1489.12;1649.97;1598.151747
9/16/2021;1386.1;1363.2;1483.38;1640.83;1591.965239
9/17/2021;1382;1359.8;1479.03;1636.93;1589.060568
9/20/2021;1361.8;1337.8;1457.54;1610.45;1565.191267
9/21/2021;1367.9;1344.9;1464.29;1619.29;1572.578081
9/22/2021;1372.3;1349.4;1469.07;1624.74;1578.270595
9/23/2021;1381.8;1358.4;1479.42;1635.76;1589.27771
9/24/2021;1378;1352.5;1475.4;1628.88;1583.506739
9/27/2021;1374.4;1349.7;1471.52;1625.51;1581.154364
9/28/2021;1357.2;1334;1453.2;1606.65;1563.551226
9/29/2021;1349.1;1326.5;1444.52;1597.7;1555.03457
9/30/2021;1357.5;1336.4;1453.65;1609.71;1564.752074
10/1/2021;1348.8;1327.7;1444.37;1599.38;1555.108641
10/4/2021;1344.3;1321.4;1439.58;1591.87;1549.897438
10/5/2021;1346.5;1322.7;1441.92;1593.42;1552.155118
10/6/2021;1329.8;1305.9;1424.05;1573.21;1534.976241
10/7/2021;1353;1329.8;1448.98;1602;1562.757325
10/8/2021;1353.5;1329.5;1449.57;1601.72;1564.010468
10/11/2021;1353.1;1329.4;1449.21;1601.68;1565.926576
10/12/2021;1346;1321.2;1441.6;1591.72;1558.605482
10/13/2021;1352.7;1329.3;1448.8;1601.66;1566.317106
10/14/2021;1364.4;1339.1;1461.42;1613.39;1578.577429
10/15/2021;1377.3;1350.5;1475.3;1627.17;1591.878408
10/18/2021;1380.3;1352;1478.52;1629.13;1592.080154
10/19/2021;1383.7;1357.4;1482.16;1635.57;1594.562785
10/20/2021;1379.9;1354.2;1478.47;1632;1591.000127
10/21/2021;1370.1;1344.4;1468;1620.21;1579.366785
10/22/2021;1363.9;1338.5;1461.43;1613.05;1571.964037
10/25/2021;1366.7;1342.1;1464.39;1617.42;1577.040131
10/26/2021;1373.6;1347.3;1471.89;1623.78;1583.680581
10/27/2021;1370.8;1341.9;1468.86;1617.29;1578.077146
10/28/2021;1361.7;1332.1;1459.16;1605.4;1567.045172
10/29/2021;1359.9;1327.2;1457.26;1599.59;1560.249376
11/1/2021;1364.5;1333;1462.27;1606.59;1565.879819
11/2/2021;1366.5;1333.8;1464.38;1607.65;1568.375052
11/3/2021;1369.4;1337.2;1467.6;1611.79;1570.360641
11/4/2021;1374.1;1340.7;1472.64;1616.04;1575.73492
11/5/2021;1375.1;1339.9;1473.75;1615.16;1576.292277
11/8/2021;1383.8;1349.1;1483.47;1626.66;1587.134379
11/9/2021;1393.6;1358.7;1494.01;1638.36;1597.540478
11/10/2021;1383.8;1349.5;1483.56;1627.19;1585.364541
11/11/2021;1385.6;1352.8;1485.62;1631.43;1587.95068
11/12/2021;1390.4;1360;1490.87;1640.28;1593.189669
11/15/2021;1396.3;1363;1497.15;1643.86;1597.132522
11/16/2021;1390.7;1360.1;1491.21;1640.32;1591.429456
11/17/2021;1385.8;1354.1;1485.94;1633.15;1586.121659
11/18/2021;1378.6;1345.8;1478.29;1623.09;1574.818748
11/19/2021;1376.1;1343.7;1475.73;1620.64;1571.173104
11/22/2021;1365.6;1332.6;1464.49;1607.29;1557.284439
11/23/2021;1357.1;1324.6;1455.33;1597.65;1548.51355
11/24/2021;1361.1;1329.3;1459.68;1603.39;1553.356396
11/25/2021;1364.2;1332.1;1463.13;1606.83;1556.42031
11/26/2021;1329.6;1295.8;1425.98;1563.06;1513.832105
11/29/2021;1320.8;1289.3;1416.53;1555.29;1505.462533
11/30/2021;1319;1287.2;1414.65;1552.81;1504.245242
12/1/2021;1326.7;1295.2;1423.24;1562.76;1515.402102
12/2/2021;1328.6;1296.1;1425.25;1563.78;1516.923167
12/3/2021;1336;1300.9;1433.19;1569.55;1520.941063
12/6/2021;1329.6;1293.3;1426.43;1560.4;1515.290881
12/7/2021;1343.2;1308;1441.23;1578.26;1531.986573
12/8/2021;1356.1;1321.7;1455.21;1594.98;1546.601964
12/9/2021;1360.6;1326.9;1460.08;1601.62;1551.758533
12/10/2021;1355.4;1320.7;1454.66;1594.07;1546.011518
12/13/2021;1348.9;1311.6;1447.67;1583.14;1536.624422
12/14/2021;1337.8;1299;1435.88;1568.08;1523.277336
12/15/2021;1335.6;1295.8;1433.64;1564.3;1518.851871
12/16/2021;1343.7;1303.7;1442.43;1573.94;1527.174955
12/17/2021;1335.9;1295.5;1434.09;1564.15;1517.783817
12/20/2021;1308.4;1268.4;1404.68;1531.42;1486.852318
12/21/2021;1325;1286.1;1422.48;1552.87;1505.855113
12/22/2021;1332.3;1292.6;1430.56;1560.9;1513.800005
12/23/2021;1345.2;1305.6;1444.57;1576.72;1526.71267
12/24/2021;1347.5;1307.4;1447.01;1578.87;1529.499642
12/27/2021;1351.6;1311.7;1451.58;1584;1534.641818
12/28/2021;1359.7;1318.8;1460.29;1592.63;1543.655417
12/29/2021;1357.8;1315;1460.49;1588.3;1539.783967
12/30/2021;1364.5;1321;1467.79;1595.57;1545.584967
12/31/2021;1371.3;1328.8;1475.09;1605.03;1553.837199
1/3/2022;1372.8;1332.3;1476.83;1609.32;1556.701672
1/4/2022;1371.5;1327.5;1475.38;1603.48;1552.76148
1/5/2022;1362.8;1316.8;1466.27;1590.66;1543.231731
1/6/2022;1351.5;1306.2;1454.08;1577.92;1530.245908
1/7/2022;1352.7;1307.5;1455.41;1579.45;1533.121287
1/10/2022;1357.4;1313.5;1460.46;1586.7;1538.445441
1/11/2022;1355.9;1311.6;1458.8;1584.44;1538.63598
1/12/2022;1373.3;1329.8;1477.59;1606.53;1560.034388
1/13/2022;1373.2;1327.8;1477.6;1604.06;1557.246128
1/14/2022;1368.7;1322.5;1472.75;1597.71;1549.463998
1/17/2022;1370.3;1322.5;1474.48;1597.66;1549.175328
1/18/2022;1355.3;1307.6;1458.3;1579.66;1530.379467
1/19/2022;1353.3;1307;1456.23;1579.07;1529.097781
1/20/2022;1362.5;1317.9;1466.15;1592.14;1540.625239
1/21/2022;1342.2;1296.4;1444.28;1566.27;1518.808159
1/24/2022;1311.4;1266.9;1411.21;1530.62;1482.593644
1/25/2022;1300.2;1253.1;1399.14;1513.99;1468.555625
1/26/2022;1303.3;1253.8;1402.58;1514.9;1470.514219
1/27/2022;1288.2;1237.1;1386.34;1494.69;1452.984066
1/28/2022;1294.7;1242.2;1393.27;1500.94;1459.370953
1/31/2022;1310.2;1257.7;1409.99;1519.65;1477.830356
2/1/2022;1315.6;1263.5;1415.8;1526.69;1485.932635
2/2/2022;1317.9;1265;1418.31;1528.59;1487.882361
2/3/2022;1318.5;1265.2;1419.03;1528.84;1488.738684
2/4/2022;1321.8;1271.1;1422.7;1535.95;1493.241754
2/7/2022;1326.4;1276;1427.7;1541.89;1496.805584
2/8/2022;1327.3;1278.4;1428.68;1544.88;1500.660824
2/9/2022;1342.6;1296.3;1445.15;1566.5;1519.664314
2/10/2022;1343.2;1298.3;1445.87;1569.07;1522.638338
2/11/2022;1326.4;1280.8;1427.86;1547.96;1502.540241
2/14/2022;1298.8;1253.2;1398.43;1514.61;1472.501147
2/15/2022;1308.4;1265.2;1408.86;1529.21;1485.896446
2/16/2022;1325.1;1280.9;1426.9;1548.21;1505.413893
2/17/2022;1321.8;1277.9;1423.6;1544.67;1500.580493
2/18/2022;1322.1;1277.7;1423.9;1544.51;1498.784494
2/21/2022;1313.7;1270.3;1414.91;1535.51;1487.586909
2/22/2022;1295.5;1252;1395.48;1513.5;1469.158589
2/23/2022;1306.2;1261.2;1406.92;1524.68;1477.556692
2/24/2022;1250.3;1206.3;1346.78;1458.31;1406.420806
2/25/2022;1278.1;1234.2;1376.84;1492.19;1440.400458
2/28/2022;1276.3;1231.3;1375.1;1488.7;1435.343156
3/1/2022;1283.5;1238.5;1382.87;1497.44;1442.172217
3/2/2022;1278.6;1233.3;1377.81;1491.17;1436.9314
3/3/2022;1287.8;1241.6;1387.81;1501.26;1447.747068
3/4/2022;1263.6;1216;1361.66;1470.3;1416.612707
3/7/2022;1226.6;1177.3;1322.08;1423.49;1371.117819
3/8/2022;1212.8;1162.6;1307.32;1405.84;1355.984553
3/9/2022;1229.7;1182.2;1325.73;1429.77;1380.323917
3/10/2022;1246.3;1198.9;1343.67;1449.91;1397.614936
3/11/2022;1242.5;1192.3;1339.69;1442.06;1391.33319
3/14/2022;1225.1;1171.9;1321.05;1417.46;1370.982751
3/15/2022;1205.1;1151.1;1299.65;1392.32;1349.896903
3/16/2022;1233.5;1187.3;1330.3;1436.15;1390.538231
3/17/2022;1265;1221;1364.28;1477.02;1427.237763
3/18/2022;1273.9;1220.2;1374.04;1476.03;1418.546695
3/21/2022;1272.2;1215.3;1372.37;1470.16;1413.481542
3/22/2022;1282.5;1226.8;1383.49;1484.15;1425.377135
3/23/2022;1289.5;1234.4;1391.36;1493.54;1432.491409
3/24/2022;1295.3;1238.8;1397.83;1499.08;1438.801152
3/25/2022;1292;1231.8;1394.57;1490.8;1433.712937
3/28/2022;1285.5;1225.6;1387.68;1483.37;1425.193854
3/29/2022;1297.9;1236.4;1401.03;1496.52;1439.118449
3/30/2022;1309.3;1248.7;1413.58;1511.36;1452.900276
3/31/2022;1307.8;1244.2;1412.19;1506.04;1448.662764
4/1/2022;1314.1;1251;1419.13;1514.38;1456.625995
4/4/2022;1327.1;1265.8;1433.3;1532.47;1474.122565
4/5/2022;1329;1267;1435.39;1534.06;1474.376706
4/6/2022;1320.9;1258.7;1427;1524.24;1464.524571
4/7/2022;1301.4;1236.4;1406.24;1497.59;1441.432547
4/8/2022;1307.4;1242.5;1412.99;1505.29;1449.041038
4/11/2022;1293.5;1225.4;1398.19;1484.8;1433.070398
4/12/2022;1286.2;1217.5;1390.7;1475.35;1424.327233
4/13/2022;1295.5;1227.3;1400.84;1487.31;1435.502225
4/14/2022;1297.2;1230.3;1402.89;1491.22;1436.858151
4/15/2022;1292.4;1225.2;1397.73;1485.13;1432.453578
4/18/2022;1282.8;1214.3;1387.41;1471.95;1421.738432
4/19/2022;1283.1;1213.1;1387.96;1470.68;1419.550611
4/20/2022;1285.2;1213.8;1390.61;1471.87;1421.851744
4/21/2022;1286;1211.8;1391.83;1469.73;1418.586405
4/22/2022;1270.1;1199.6;1374.75;1455;1402.562194
4/25/2022;1236.8;1165.2;1338.88;1413.36;1365.144185
4/26/2022;1237.6;1167.1;1339.76;1415.8;1365.530939
4/27/2022;1227.4;1158;1328.92;1404.78;1353.588912
4/28/2022;1230.8;1163.4;1332.94;1411.63;1360.130111
4/29/2022;1238.9;1173.8;1341.88;1424.34;1370.40161
5/2/2022;1229.6;1166.6;1332.14;1415.99;1361.009243
5/3/2022;1229.6;1167.4;1332.21;1416.95;1359.76937
5/4/2022;1224.5;1163;1326.9;1411.57;1354.652482
5/5/2022;1222.9;1159.7;1325.36;1407.75;1349.655941
5/6/2022;1197.2;1132.8;1297.82;1375.37;1320.997572
5/9/2022;1167.5;1103.7;1265.79;1340.17;1287.446664
5/10/2022;1162.7;1100;1260.79;1335.75;1283.359056
5/11/2022;1157;1096.4;1254.78;1331.56;1278.308315
5/12/2022;1131.8;1072.9;1227.54;1302.91;1252.313051
5/13/2022;1151.1;1093.7;1248.54;1328.23;1276.445918
5/16/2022;1156.2;1100.1;1254.11;1336.02;1284.165242
5/17/2022;1178.4;1121;1278.37;1361.59;1308.530802
5/18/2022;1179.5;1123.4;1279.61;1364.48;1311.07347
5/19/2022;1164.3;1108.9;1263.22;1347.02;1294.626191
5/20/2022;1180.6;1125;1280.99;1366.58;1314.168401
5/23/2022;1184.1;1129.2;1284.88;1371.72;1319.784117
5/24/2022;1168.8;1113.2;1268.57;1352.62;1302.311591
5/25/2022;1167.4;1114.6;1267.2;1354.49;1302.570279
5/26/2022;1173.3;1121.2;1273.87;1362.66;1311.239982
5/27/2022;1187.9;1134.6;1289.8;1379.02;1326.867986
5/30/2022;1209.5;1156;1313.65;1405.22;1350.498047
5/31/2022;1215.6;1165.2;1320.31;1416.51;1359.322975
6/1/2022;1213.6;1162.1;1318.69;1413.26;1355.844689
6/2/2022;1209.7;1158;1314.52;1408.47;1350.799082
6/3/2022;1207.1;1155.3;1311.81;1405.23;1347.939511
6/6/2022;1205.4;1156;1310.55;1406.66;1347.944542
6/7/2022;1193.7;1144.5;1297.92;1393.11;1334.292226
6/8/2022;1195.7;1148.5;1300.66;1398.42;1338.243684
6/9/2022;1191.2;1142.3;1296;1391.21;1331.384935
6/10/2022;1176.8;1128.3;1280.6;1374.36;1313.315104
6/13/2022;1131.8;1086.9;1231.81;1324.28;1264.279385
6/14/2022;1127.5;1085.8;1227.26;1323.19;1261.318299
6/15/2022;1127;1083.5;1226.99;1321.25;1260.069146
6/16/2022;1113.1;1069.3;1212.43;1304.62;1245.180595
6/17/2022;1105.3;1062.1;1203.97;1295.92;1237.605983
6/20/2022;1084.3;1043.8;1181.25;1273.95;1218.06472
6/21/2022;1105;1064.1;1203.9;1299.38;1241.93437
6/22/2022;1080.4;1039.6;1177.56;1269.88;1216.256029
6/23/2022;1078.6;1038.4;1176;1268.77;1214.656452
6/24/2022;1095.8;1057.1;1194.9;1291.99;1234.989647
6/27/2022;1113.7;1074.5;1214.71;1313.8;1254.59487
6/28/2022;1109.2;1072;1210.29;1311.14;1251.324931
6/29/2022;1096.8;1057.8;1197.28;1294.54;1235.548445
6/30/2022;1082.8;1043.7;1182.25;1277.97;1219.348955
7/1/2022;1068.5;1029.8;1166.91;1261.16;1205.230705
7/4/2022;1064.7;1028.2;1163.25;1259.75;1203.825158
7/5/2022;1065;1030.3;1163.74;1262.61;1203.512071
7/6/2022;1054.2;1017.1;1152.46;1247.09;1190.609317
7/7/2022;1070.3;1033.5;1170.56;1267.53;1210.07859
7/8/2022;1076.3;1039.2;1177.2;1274.97;1216.48858
7/11/2022;1068.2;1029.8;1168.47;1263.42;1205.833772
7/12/2022;1050.8;1011.9;1149.72;1241.78;1186.936485
7/13/2022;1055.6;1016.9;1155.35;1248.37;1193.467008
7/14/2022;1050.9;1013.3;1151.5;1245.64;1188.849536
7/15/2022;1050.5;1010.5;1151.26;1242.43;1187.814726
7/18/2022;1067.7;1027.7;1170.27;1263.62;1207.427681
7/19/2022;1074.7;1033.7;1178.39;1271.54;1215.277674
7/20/2022;1081;1038.5;1185.8;1277.95;1222.246799
7/21/2022;1086.4;1043.5;1192.21;1284.62;1229.062802
7/22/2022;1086.6;1042.1;1192.43;1282.99;1229.572378
7/25/2022;1087.2;1042.9;1193.39;1284.3;1231.131451
7/26/2022;1083.3;1039.8;1189.26;1280.66;1226.390339
7/27/2022;1088.3;1043.4;1195.07;1285.23;1231.958322
7/28/2022;1097.7;1051.8;1206.17;1296.29;1242.573377
7/29/2022;1106.9;1057.8;1216.58;1303.93;1251.348051
8/1/2022;1112.3;1060.9;1222.58;1307.99;1258.146496
8/2/2022;1102.7;1052.2;1212.12;1297.25;1249.640374
8/3/2022;1099.2;1048.9;1208.55;1293.51;1246.652678
8/4/2022;1106.2;1054.8;1216.83;1301.28;1254.476628
8/5/2022;1117.4;1066.2;1229.15;1315.47;1266.680349
8/8/2022;1118.4;1066.5;1230.24;1315.88;1268.456066
8/9/2022;1119.5;1067.4;1231.79;1317.28;1269.455545
8/10/2022;1120.3;1066.7;1232.77;1316.53;1271.222555
8/11/2022;1132.5;1080.1;1246.4;1333.3;1285.212173
8/12/2022;1139.7;1087.6;1254.35;1342.76;1293.18565
8/15/2022;1142.2;1089.3;1257.15;1344.85;1294.592828
8/16/2022;1143.5;1089.7;1258.78;1345.42;1295.585151
8/17/2022;1143.4;1089.5;1258.84;1345.35;1295.416594
8/18/2022;1140.2;1085.5;1255.33;1340.46;1291.091876
8/19/2022;1131.8;1077.1;1246.17;1330.23;1280.250486
8/22/2022;1117.9;1064.4;1231.13;1314.68;1265.22145
8/23/2022;1118.7;1064.4;1232.14;1314.7;1266.3094
8/24/2022;1122.7;1067.2;1236.74;1318.53;1269.909756
8/25/2022;1134.6;1079.7;1250.12;1334.52;1284.017868
8/26/2022;1138.1;1083.1;1254.43;1339.15;1287.58128
8/29/2022;1121.7;1065.9;1236.35;1317.86;1267.440097
8/30/2022;1129.2;1072.9;1244.85;1326.72;1275.024799
8/31/2022;1131.6;1075.8;1247.48;1330.44;1276.565347
9/1/2022;1117.7;1061.2;1232.35;1312.49;1259.912641
9/2/2022;1117.9;1058.9;1232.52;1309.65;1259.295664
9/5/2022;1113.7;1054.9;1227.96;1305.01;1256.053156
9/6/2022;1109.2;1051.3;1223.07;1300.5;1250.871284
9/7/2022;1102;1045;1215.25;1292.84;1244.450576
9/8/2022;1112;1053.3;1226.44;1303.31;1254.997728
9/9/2022;1120.1;1062.2;1235.58;1314.47;1265.166944
9/12/2022;1129.1;1070.9;1245.6;1325.3;1276.285143
9/13/2022;1128.8;1072.1;1245.33;1326.88;1275.336336
9/14/2022;1117.2;1060.1;1232.69;1312.11;1261.583871
9/15/2022;1114.3;1057.7;1229.71;1309.35;1257.627714
9/16/2022;1098.1;1040.1;1211.9;1287.68;1237.504738
9/19/2022;1087.3;1030.3;1200.13;1275.67;1225.786633
9/20/2022;1095.4;1037.3;1209.12;1284.44;1233.397834
9/21/2022;1083.9;1026.1;1197.29;1270.92;1220.753868
9/22/2022;1078.4;1020.4;1191.28;1263.95;1214.551986
9/23/2022;1057.8;1000.6;1168.55;1239.4;1191.200764
9/26/2022;1020.7;965.8;1127.8;1196.65;1151.439929
9/27/2022;1026.4;972.7;1134.09;1205.13;1158.912633
9/28/2022;1005.8;951.9;1111.39;1179.43;1136.904621
9/29/2022;1005.5;951.3;1111.17;1178.79;1135.604923
9/30/2022;1016;959.2;1122.82;1188.65;1144.61635
10/3/2022;1017.1;960.3;1124.04;1190.09;1147.521116
10/4/2022;1039.6;982.8;1148.98;1218.01;1173.335223
10/5/2022;1041.3;985.6;1150.98;1221.51;1175.688186
10/6/2022;1050.3;993.6;1160.85;1231.45;1184.176471
10/7/2022;1039.4;982.6;1148.9;1217.76;1171.831674
10/10/2022;1031.8;974.9;1140.47;1208.25;1162.052051
10/11/2022;1007.5;952.2;1113.68;1180.15;1137.706123
10/12/2022;1008.8;953.8;1115.15;1182.24;1139.087785
10/13/2022;995.1;940.9;1100.03;1166.2;1125.620445
10/14/2022;1005.3;952.1;1111.25;1180.16;1137.658766
10/17/2022;1007.9;954.3;1114.24;1182.92;1142.44321
10/18/2022;1021.2;968.1;1128.9;1200.12;1158.727511
10/19/2022;1012.3;959.1;1119.25;1188.95;1148.575763
10/20/2022;1010.4;957.4;1117.14;1186.84;1147.960216
10/21/2022;1005.5;952;1111.74;1180.25;1142.964539
10/24/2022;1003.2;949;1109.25;1176.55;1138.589854
10/25/2022;999.9;946.3;1105.59;1173.16;1136.645346
10/26/2022;1002.7;950.3;1108.73;1178.2;1141.791471
10/27/2022;1017.6;964.7;1125.21;1195.98;1156.700146
10/28/2022;1007.7;954.7;1114.33;1183.6;1146.258027
10/31/2022;1014.7;959;1122.13;1188.96;1151.226205
11/1/2022;1027;972.5;1135.76;1205.76;1166.986327
11/2/2022;1031;977.7;1140.3;1212.26;1173.33336
11/3/2022;1029.1;974.8;1138.26;1208.77;1168.403345
11/4/2022;1041.5;988.8;1152.05;1226.07;1185.538639
11/7/2022;1052.8;1000;1164.64;1240.12;1198.917901
11/8/2022;1054.8;1002.9;1166.91;1243.8;1201.534492
11/9/2022;1059.9;1007.8;1172.61;1249.89;1208.034812
11/10/2022;1047.4;997.6;1158.91;1237.43;1196.827703
11/11/2022;1078;1029.6;1192.93;1277.36;1233.542882
11/14/2022;1084.8;1037.7;1200.55;1287.38;1243.231103
11/15/2022;1095.8;1050.1;1212.74;1302.73;1256.308035
11/16/2022;1088.4;1039.8;1204.53;1290.02;1245.030175
11/17/2022;1077.9;1030.7;1193.12;1278.84;1233.479242
11/18/2022;1077;1028.3;1192.16;1275.91;1231.837837
11/21/2022;1070.8;1021.5;1185.43;1267.47;1224.061689
11/22/2022;1069;1019.7;1183.69;1265.48;1222.711092
11/23/2022;1074.7;1025.5;1190.05;1272.77;1229.166124
11/24/2022;1091.5;1041.9;1208.76;1293.33;1248.418497
11/25/2022;1088.9;1040.4;1206;1291.5;1246.371673
11/28/2022;1085.4;1036.1;1202.17;1286.25;1242.158493
11/29/2022;1094.9;1047.3;1212.7;1300.1;1254.628726
11/30/2022;1108.8;1061.7;1228.12;1318.08;1270.603124
12/1/2022;1121.4;1073.4;1242.13;1332.63;1283.511
12/2/2022;1123.6;1074.8;1244.54;1334.34;1284.657148
12/5/2022;1126;1077.3;1247.23;1337.45;1287.627947
12/6/2022;1108.5;1061.4;1227.9;1317.77;1270.520802
12/7/2022;1101.3;1053.5;1220;1308.13;1261.84401
12/8/2022;1106.9;1059.9;1226.3;1316.07;1269.776607
12/9/2022;1113;1066.3;1232.99;1324;1276.270646
12/12/2022;1103.6;1057.7;1222.65;1313.53;1266.900848
12/13/2022;1105.5;1059.9;1224.95;1316.2;1269.695346
12/14/2022;1116.4;1071;1237.08;1330.08;1280.813819
12/15/2022;1106.4;1061.8;1226.02;1318.72;1270.212412
12/16/2022;1097.1;1055.1;1215.86;1310.52;1262.772421
12/19/2022;1097.7;1054.1;1216.55;1309.28;1263.36494
12/20/2022;1091.1;1047.7;1209.37;1301.39;1258.444219
12/21/2022;1091.8;1049.8;1210.28;1304.06;1261.101054
12/22/2022;1097.7;1055.7;1216.82;1311.43;1267.024916
12/23/2022;1085.5;1041.7;1203.34;1294.1;1253.038214
12/26/2022;1092;1047.9;1210.53;1301.8;1259.478225
12/27/2022;1096.7;1053.3;1215.84;1308.73;1264.602515
12/28/2022;1092.7;1048.5;1214.37;1302.9;1260.655261
12/29/2022;1091.7;1048;1213.31;1302.45;1261.033398
12/30/2022;1094.4;1050.9;1216.38;1306.08;1263.361552
1/2/2023;1093.4;1049;1215.36;1303.75;1261.749433
1/3/2023;1094.5;1052.1;1216.61;1307.73;1263.869891
1/4/2023;1098.2;1057.8;1220.8;1314.9;1268.584174
1/5/2023;1098.9;1060;1221.55;1317.61;1270.037445
1/6/2023;1105.2;1064.1;1228.65;1322.71;1277.043268
1/9/2023;1127.1;1084.5;1252.98;1348.12;1300.411006
1/10/2023;1129.7;1087;1255.81;1351.14;1302.236628
1/11/2023;1132.3;1088.8;1259.04;1353.5;1303.921779
1/12/2023;1134.8;1089.6;1261.87;1354.49;1306.34389
1/13/2023;1140.3;1095.9;1267.97;1362.35;1313.600311
1/16/2023;1144;1099.1;1272.03;1366.34;1318.427819
1/17/2023;1139.9;1094.2;1267.49;1360.27;1313.649821
1/18/2023;1143.4;1096.6;1271.57;1363.3;1317.744224
1/19/2023;1141.6;1096.2;1269.6;1362.82;1316.318062
1/20/2023;1144.5;1099.8;1272.76;1367.33;1319.87271
1/23/2023;1146;1100.6;1274.48;1368.37;1321.823281
1/24/2023;1144.8;1099.5;1273.14;1367.09;1321.232352
1/25/2023;1145.9;1101.1;1274.42;1369.13;1322.513603
1/26/2023;1151.7;1107.8;1280.94;1377.48;1328.782907
1/27/2023;1148.7;1104.5;1277.64;1373.38;1324.39476
1/30/2023;1147.8;1101.7;1276.63;1369.81;1320.905424
1/31/2023;1158.6;1108.5;1288.63;1378.36;1327.084016
2/1/2023;1164.9;1115.1;1295.63;1386.51;1332.859326
2/2/2023;1178.1;1126.3;1310.36;1400.5;1344.546483
2/3/2023;1171.6;1119.4;1303.17;1391.94;1336.163678
2/6/2023;1153;1101.1;1282.49;1369.18;1315.969072
2/7/2023;1152.9;1101.2;1282.48;1369.35;1313.495922
2/8/2023;1157.2;1105.4;1287.26;1374.62;1318.921414
2/9/2023;1154.8;1104.8;1284.82;1373.9;1317.488962
2/10/2023;1146.3;1095.2;1275.39;1362.01;1307.743046
2/13/2023;1143.2;1092.5;1271.95;1358.73;1304.944984
2/14/2023;1143.2;1092.8;1272.02;1359.03;1305.06054
2/15/2023;1136.3;1087.3;1264.48;1352.21;1299.66769
2/16/2023;1146.3;1096.8;1275.63;1364.19;1308.839434
2/17/2023;1138.2;1088.1;1266.66;1353.34;1299.833648
2/20/2023;1146.1;1096.4;1275.64;1363.74;1308.98782
2/21/2023;1142.6;1092.7;1271.84;1359.18;1304.99444
2/22/2023;1129.3;1080;1257.13;1343.52;1290.430412
2/23/2023;1137.5;1087.1;1266.31;1352.33;1298.164629
2/24/2023;1128.6;1077.8;1256.36;1340.89;1287.725984
2/27/2023;1120.8;1070.6;1247.81;1332.02;1279.484924
2/28/2023;1124.7;1072.8;1252.09;1334.74;1282.218665
3/1/2023;1133;1082.1;1261.4;1346.44;1292.801852
3/2/2023;1131.6;1082.4;1259.94;1346.77;1292.453433
3/3/2023;1140.4;1092.1;1269.71;1358.91;1303.60394
3/6/2023;1148.9;1100.6;1279.2;1369.43;1313.627675
3/7/2023;1145.4;1097.2;1275.39;1365.26;1309.324801
3/8/2023;1140;1090.8;1269.57;1357.4;1303.98844
3/9/2023;1136.1;1085.6;1265.29;1350.97;1298.225963
3/10/2023;1119.2;1068.9;1246.53;1330.31;1280.164661
3/13/2023;1115.9;1066.6;1242.99;1327.46;1274.603693
3/14/2023;1097.1;1047.5;1222.16;1303.83;1253.215288
3/15/2023;1100.5;1051.1;1226.21;1308.61;1253.202352
3/16/2023;1091.7;1043.2;1216.5;1298.81;1245.64681
3/17/2023;1102.2;1053.8;1228.23;1312.14;1256.505014
3/20/2023;1094.7;1046.5;1220.08;1303.13;1249.507097
3/21/2023;1102;1054.7;1228.24;1313.4;1258.938883
3/22/2023;1108.2;1060.1;1235.25;1320.22;1264.429352
3/23/2023;1116.7;1068.8;1244.9;1331.12;1274.194757
3/24/2023;1113.1;1064.6;1240.93;1325.96;1269.458967
3/27/2023;1110.1;1060.7;1237.59;1321.17;1266.887758
3/28/2023;1112.8;1064.5;1240.69;1325.89;1271.914416
3/29/2023;1121.7;1072.9;1250.98;1336.68;1281.344858
3/30/2023;1128.2;1078.4;1258.7;1343.96;1288.412903
3/31/2023;1133.2;1082.2;1264.31;1348.74;1292.14367
4/3/2023;1133.7;1083.3;1264.96;1350.08;1293.362602
4/4/2023;1135.4;1084.6;1266.84;1351.9;1296.294903
4/5/2023;1135.5;1085.1;1267.09;1352.55;1297.059049
4/6/2023;1134.5;1084;1266.03;1351.24;1296.120742
4/7/2023;1139.2;1086.9;1271.32;1354.87;1299.70653
4/10/2023;1142.8;1087.9;1275.47;1356.33;1301.008429
4/11/2023;1155.2;1099.8;1289.64;1371.55;1315.458955
4/12/2023;1156.6;1103;1291.48;1375.75;1319.753314
4/13/2023;1162.1;1109.3;1297.93;1383.97;1328.067473
4/14/2023;1166.3;1113.2;1302.74;1388.91;1332.142855
4/17/2023;1164.9;1112.4;1301.33;1388.04;1330.81602
4/18/2023;1161;1108.3;1297.03;1383.06;1326.690528
4/19/2023;1152.8;1101.3;1288.43;1374.81;1318.13651
4/20/2023;1147.5;1095.3;1282.57;1367.24;1312.288249
4/21/2023;1136.3;1085.3;1270.03;1354.85;1301.752566
4/24/2023;1135.4;1082.9;1269.15;1351.86;1299.934362
4/25/2023;1121.2;1068.2;1253.3;1333.69;1284.556741
4/26/2023;1123.8;1070.7;1256.29;1336.8;1286.894009
4/27/2023;1131.4;1075.7;1264.94;1343.13;1292.605665
4/28/2023;1138.5;1082.5;1273.12;1351.74;1300.563692
5/1/2023;1138.9;1082.4;1273.64;1351.7;1300.27608
5/2/2023;1139.9;1082.1;1275.14;1351.74;1298.997288
5/3/2023;1136.8;1079.8;1271.85;1349.09;1297.854072
5/4/2023;1144.2;1088.2;1280.21;1359.56;1306.14036
5/5/2023;1146.8;1090.7;1283.71;1363.07;1309.990998
5/8/2023;1151.9;1096.4;1289.65;1370.64;1319.027454
5/9/2023;1142.9;1088;1279.86;1360.24;1310.911128
5/10/2023;1144.3;1089.3;1281.55;1362.05;1313.299334
5/11/2023;1140.2;1086.7;1277.12;1358.93;1310.035012
5/12/2023;1136;1081;1272.44;1351.85;1304.233591
5/15/2023;1135.2;1080.8;1271.63;1351.63;1303.000759
5/16/2023;1136.4;1082.1;1273.09;1353.43;1304.790397
5/17/2023;1138.1;1082.5;1275.05;1353.88;1305.87104
5/18/2023;1140.1;1084.1;1277.27;1356.01;1306.757705
5/19/2023;1143.3;1087.7;1280.89;1360.53;1310.427337
5/22/2023;1150.5;1094.1;1289.17;1368.76;1318.528938
5/23/2023;1150.9;1094;1289.71;1368.69;1318.877653
5/24/2023;1147.3;1090.7;1285.95;1364.91;1314.97565
5/25/2023;1142.4;1085.7;1280.56;1358.85;1309.313606
5/26/2023;1146.5;1088.8;1285.28;1362.78;1313.016011
5/29/2023;1152.2;1093.5;1291.72;1368.84;1318.340651
5/30/2023;1150.5;1092.2;1290.29;1367.62;1317.848791
5/31/2023;1148.1;1089.1;1287.69;1363.89;1313.651531
6/1/2023;1157.2;1098.2;1298.12;1375.69;1324.563855
6/2/2023;1170.9;1113;1313.54;1394.26;1340.936209
6/5/2023;1175.5;1116.4;1318.84;1398.82;1347.087171
6/6/2023;1177.1;1118.2;1320.8;1401.22;1349.593506
6/7/2023;1187.3;1125.8;1332.3;1410.8;1358.096804
6/8/2023;1183;1123.1;1327.61;1407.56;1354.785889
6/9/2023;1192.3;1132.5;1338.4;1419.74;1366.117254
6/12/2023;1193.6;1132.1;1340.06;1419.66;1367.401416
6/13/2023;1205.4;1143.3;1353.5;1433.82;1378.1589
6/14/2023;1207.2;1146.5;1355.62;1438.16;1383.098925
6/15/2023;1212.9;1152.4;1362.42;1445.94;1388.205062
6/16/2023;1221.6;1160.3;1372.72;1456.34;1396.924205
6/19/2023;1219.1;1156;1369.91;1451.25;1393.008231
6/20/2023;1213.3;1148.5;1364.25;1442.6;1387.350738
6/21/2023;1208.2;1142.8;1358.69;1435.69;1383.393353
6/22/2023;1202.9;1138.8;1352.84;1430.66;1377.601353
6/23/2023;1190.8;1125.5;1339.33;1414.28;1364.416446
6/26/2023;1190.6;1127;1339.57;1416.76;1365.864892
6/27/2023;1190.5;1128.8;1339.84;1419.33;1366.185255
6/28/2023;1187.4;1126.6;1336.6;1416.74;1362.803219
6/29/2023;1188.1;1125.7;1337.8;1416.41;1363.535072
6/30/2023;1196;1132.8;1346.92;1425.67;1371.768599
7/3/2023;1212.6;1146.9;1365.82;1443.66;1388.153346
7/4/2023;1216.3;1152.2;1370.5;1450.94;1391.96364
7/5/2023;1214.6;1147.9;1368.78;1445.56;1389.130735
7/6/2023;1204;1136;1357.4;1431.22;1376.163733
7/7/2023;1200.6;1132.2;1354.04;1426.83;1374.135442
7/10/2023;1199.1;1131.8;1352.47;1426.52;1372.564393
7/11/2023;1213.6;1146.3;1369.13;1444.99;1389.605905
7/12/2023;1220.2;1154.6;1376.76;1455.9;1399.354518
7/13/2023;1229.9;1165.6;1388.74;1470.89;1412.524283
7/14/2023;1241.6;1174.4;1402.17;1482.39;1423.841235
7/17/2023;1245.1;1178.5;1406.4;1487.58;1428.344678
7/18/2023;1245.7;1176.1;1407.39;1484.81;1426.80242
7/19/2023;1244.7;1173.9;1406.48;1482.2;1424.067754
7/20/2023;1247.7;1176.6;1410.09;1485.87;1427.577336
7/21/2023;1245.7;1175;1408.19;1484.2;1425.696101
7/24/2023;1247;1175.3;1409.6;1484.65;1427.365336
7/25/2023;1258.2;1186.1;1422.66;1498.76;1436.796978
7/26/2023;1249.3;1179.1;1412.75;1490.09;1430.410049
7/27/2023;1251.3;1185.5;1415.49;1498.54;1435.969627
7/28/2023;1260.4;1196;1425.96;1512.14;1443.594689
7/31/2023;1269.4;1203.4;1436.3;1521.61;1453.569319
8/1/2023;1263.2;1197.4;1429.54;1514.34;1447.705039
8/2/2023;1237.7;1172.1;1400.74;1482.44;1420.450977
8/3/2023;1236.9;1171.5;1399.96;1481.76;1417.370616
8/4/2023;1241.5;1176.1;1405.63;1488.01;1423.719924
8/7/2023;1239;1174.9;1402.88;1486.6;1422.205934
8/8/2023;1231.9;1166.5;1394.92;1475.99;1412.876302
8/9/2023;1236.9;1170.7;1400.61;1481.37;1418.926043
8/10/2023;1232.4;1164.9;1395.69;1474.22;1415.669444
8/11/2023;1228;1159.9;1390.81;1468.01;1412.261466
8/14/2023;1214;1145.7;1375.13;1450.28;1396.411023
8/15/2023;1214.6;1145.8;1375.94;1450.41;1395.571348
8/16/2023;1210;1140.8;1370.75;1444.18;1389.638027
8/17/2023;1211.8;1141.4;1372.9;1444.94;1388.712831
8/18/2023;1205.6;1133.7;1366;1435.38;1382.066567
8/21/2023;1209;1134;1370.02;1436.09;1383.630276
8/22/2023;1220.3;1142.8;1383;1447.26;1393.758468
8/23/2023;1224.3;1146.9;1387.66;1452.62;1399.029642
8/24/2023;1234.6;1157.6;1399.6;1466.39;1408.786091
8/25/2023;1227.4;1150.9;1391.73;1458.2;1401.574102
8/28/2023;1233.2;1156.6;1398.42;1465.55;1409.478037
8/29/2023;1242.6;1168.7;1409.22;1481.04;1420.585224
8/30/2023;1249.9;1173.1;1417.59;1486.65;1426.56915
8/31/2023;1249.7;1173;1417.49;1486.79;1424.843081
9/1/2023;1252.1;1175.2;1420.29;1489.59;1428.551085
9/4/2023;1258;1182.9;1427.17;1499.41;1433.865558
9/5/2023;1254.9;1179;1423.73;1494.63;1430.234734
9/6/2023;1251.5;1176.4;1420.02;1491.43;1426.392561
9/7/2023;1246.1;1170.4;1414.06;1484.03;1420.933807
9/8/2023;1249.9;1174.4;1418.35;1489.09;1425.433818
9/11/2023;1252.7;1177.3;1421.6;1492.91;1429.56177
9/12/2023;1241.3;1166.3;1408.89;1479.13;1417.379525
9/13/2023;1241.5;1165.7;1409.13;1478.33;1417.844953
9/14/2023;1252.7;1176;1421.99;1491.6;1430.550062
9/15/2023;1253.6;1176.9;1423.12;1492.87;1432.326504
9/18/2023;1245.9;1170.5;1414.57;1484.99;1424.40058
9/19/2023;1243.1;1167.7;1411.36;1481.42;1421.793624
9/20/2023;1238.6;1163.3;1406.52;1476.22;1418.291553
9/21/2023;1220.8;1145.7;1386.34;1453.99;1398.790319
9/22/2023;1226.1;1151.1;1392.46;1460.88;1403.440251
9/25/2023;1222.4;1147.3;1388.22;1456.2;1398.878938
9/26/2023;1212.6;1137.2;1377.28;1443.39;1386.886168
9/27/2023;1216.2;1140.8;1381.44;1448.13;1389.36967
9/28/2023;1215.4;1140;1380.64;1447.27;1388.617946
9/29/2023;1222.5;1146.5;1388.62;1455.58;1396.744027
10/2/2023;1221.2;1145;1387.19;1453.75;1393.262017
10/3/2023;1212.2;1135.8;1377.05;1442.03;1383.061774
10/4/2023;1197.5;1120.3;1360.39;1422.51;1365.949549
10/5/2023;1199.9;1124.3;1363.22;1427.48;1368.995173
10/6/2023;1205.2;1130.6;1369.24;1435.55;1375.493051
10/9/2023;1197.5;1124.5;1360.5;1427.89;1367.033682
10/10/2023;1206.4;1132.9;1370.65;1438.46;1380.018644
10/11/2023;1216.8;1143.5;1382.45;1452.01;1391.914308
10/12/2023;1223.4;1149.4;1389.92;1459.52;1398.650721
10/13/2023;1212.8;1138.5;1377.9;1445.7;1385.907676
10/16/2023;1207.8;1133.5;1372.25;1439.41;1380.874959
10/17/2023;1211.9;1137.9;1376.96;1444.94;1387.112781
10/18/2023;1198.1;1125.5;1361.44;1429.35;1372.138512
10/19/2023;1188.5;1114.4;1350.53;1415.25;1358.269827
10/20/2023;1179.6;1105.8;1340.38;1404.37;1346.922677
10/23/2023;1166.9;1093.7;1326.05;1389.06;1333.839082
10/24/2023;1176.5;1103.6;1337.03;1401.7;1344.423604
10/25/2023;1171.7;1101;1331.6;1398.32;1340.340582
10/26/2023;1157.3;1087.2;1315.32;1380.91;1326.655034
10/27/2023;1166.3;1095.2;1325.57;1391;1334.045918
10/30/2023;1170.9;1099.3;1330.88;1396.26;1338.089027
10/31/2023;1162.8;1091.3;1321.66;1386.08;1330.20595
11/1/2023;1163.9;1092.2;1323.06;1387.4;1331.586742
11/2/2023;1184.7;1112;1346.66;1412.54;1355.171502
11/3/2023;1202.3;1129.8;1366.87;1435.22;1376.973804
11/6/2023;1228.7;1154.2;1396.9;1466.28;1405.393205
11/7/2023;1224.4;1149.3;1392.04;1460.09;1400.512038
11/8/2023;1225.3;1150.5;1393.2;1461.56;1402.742196
11/9/2023;1221.4;1145.9;1388.81;1455.86;1397.509014
11/10/2023;1214.5;1139.2;1380.99;1447.36;1389.846586
11/13/2023;1214.4;1139.4;1380.98;1447.56;1389.535342
11/14/2023;1224.1;1147.8;1392.06;1458.27;1402.326891
11/15/2023;1243.1;1168.9;1413.68;1485.24;1426.516209
11/16/2023;1246.2;1171.9;1417.31;1489.03;1430.977352
11/17/2023;1250.1;1173.5;1421.71;1491.09;1433.668446
11/20/2023;1259.5;1184.1;1432.65;1504.82;1445.31498
11/21/2023;1262.8;1187.5;1436.4;1509.23;1448.259965
11/22/2023;1256.3;1181.8;1429.49;1502.26;1442.553473
11/23/2023;1261.1;1187;1434.91;1509.02;1448.281866
11/24/2023;1259.2;1184.7;1432.76;1506.12;1445.039221
11/27/2023;1257.1;1182.3;1430.53;1503.04;1444.09621
11/28/2023;1267.6;1191.7;1442.47;1515.04;1456.010462
11/29/2023;1270.8;1193;1446.11;1516.68;1457.110992
11/30/2023;1273.5;1195.5;1449.24;1519.93;1460.075126
12/1/2023;1275;1195.5;1450.97;1519.99;1461.107319
12/4/2023;1277.5;1196.1;1453.91;1520.76;1463.451194
12/5/2023;1271.5;1190.2;1447.04;1513.19;1457.149138
12/6/2023;1274.9;1194;1451.11;1518.13;1461.349354
12/7/2023;1270.9;1189.9;1446.57;1513.02;1456.999943
12/8/2023;1275.2;1193.9;1451.42;1518.05;1461.994053
12/11/2023;1271.3;1191.9;1447.11;1515.55;1457.44635
12/12/2023;1271.3;1191.4;1447.26;1515.04;1457.362827
12/13/2023;1272.7;1192.5;1448.93;1516.45;1459.737379
12/14/2023;1296.8;1215.3;1476.43;1545.64;1488.011961
12/15/2023;1300.2;1218.6;1480.39;1549.87;1490.801748
12/18/2023;1296.3;1216.1;1475.95;1546.74;1487.981036
12/19/2023;1294.3;1213.6;1473.74;1543.6;1487.246335
12/20/2023;1288.3;1207;1467;1535.32;1479.003001
12/21/2023;1292.7;1212;1472.15;1541.77;1484.394369
12/22/2023;1297;1215.9;1477.18;1546.79;1489.543085
12/25/2023;1295.9;1215.1;1475.86;1545.78;1488.544228
12/26/2023;1303;1222.3;1483.97;1554.87;1496.291352
12/27/2023;1311.3;1230.2;1495.83;1565.14;1505.612333
12/28/2023;1321.2;1241.1;1507.17;1579.06;1517.616798
12/29/2023;1327.4;1246.1;1514.22;1585.45;1523.315733
1/2/2024;1320.4;1239.6;1506.28;1577.31;1516.823932
1/3/2024;1311.8;1231.7;1496.56;1567.24;1506.272272
1/4/2024;1310.7;1230.8;1495.36;1566.11;1505.852904
1/5/2024;1314.6;1233.5;1499.77;1569.63;1510.119218
1/8/2024;1311.2;1229.3;1495.9;1564.2;1506.473814
1/9/2024;1310.6;1228.6;1495.2;1563.68;1504.633651
1/10/2024;1309.1;1226;1493.65;1560.54;1501.31702
1/11/2024;1315.3;1231.1;1500.79;1567.09;1506.912244
1/12/2024;1314.1;1230.1;1499.46;1565.74;1507.490175
1/15/2024;1313.5;1228.8;1498.72;1564.2;1506.899166
1/16/2024;1299.9;1214.2;1483.23;1545.57;1489.868317
1/17/2024;1277.4;1191.1;1457.65;1516.27;1464.751747
1/18/2024;1277.2;1192.1;1457.41;1517.54;1464.86482
1/19/2024;1284.6;1197.9;1465.86;1524.86;1473.853023
1/22/2024;1287;1197.8;1468.68;1524.76;1474.286389
1/23/2024;1281.9;1194;1462.84;1520.01;1469.170333
1/24/2024;1292.4;1203.4;1474.9;1532.03;1481.189306
1/25/2024;1294.8;1207.1;1477.69;1536.67;1484.868652
1/26/2024;1294.4;1206.7;1477.32;1536.22;1485.516237
1/29/2024;1299.6;1211.4;1483.34;1542.24;1491.856585
1/30/2024;1298.8;1208.2;1482.4;1538.26;1489.771319
1/31/2024;1304;1211.6;1488.31;1542.57;1494.913687
2/1/2024;1307.1;1216;1491.94;1548.24;1501.142238
2/2/2024;1313.5;1220.9;1499.17;1554.54;1506.094448
2/5/2024;1304.6;1212.8;1489.02;1544.18;1494.953822
2/6/2024;1318.4;1225.8;1504.85;1560.75;1509.738306
2/7/2024;1322.3;1228.6;1509.27;1564.33;1514.488342
2/8/2024;1319.2;1227.2;1505.69;1562.65;1511.264868
2/9/2024;1313.1;1221.7;1498.85;1555.63;1505.574563
2/12/2024;1305.3;1214.8;1490.01;1546.81;1498.492026
2/13/2024;1307.5;1217.5;1492.56;1550.28;1499.311165
2/14/2024;1308.8;1219.9;1494.19;1553.45;1501.241262
2/15/2024;1318.9;1227.8;1505.77;1563.51;1511.930556
2/16/2024;1330.1;1240.4;1518.66;1579.67;1525.94121
2/19/2024;1334.9;1245.2;1524.13;1585.79;1532.941292
2/20/2024;1334.8;1245.6;1524.1;1586.42;1534.376763
2/21/2024;1334.5;1245;1523.9;1585.82;1533.430696
2/22/2024;1344.7;1255.3;1535.59;1598.96;1544.398462
2/23/2024;1343.4;1252.8;1534.12;1595.81;1540.53283
2/26/2024;1344.5;1253;1535.36;1596.05;1539.220927
2/27/2024;1342.7;1252.4;1533.5;1595.31;1538.503844
2/28/2024;1333.7;1242.9;1523.55;1583.59;1527.209576
2/29/2024;1338.8;1248;1529.42;1590.19;1532.752413
3/1/2024;1344.3;1252.9;1535.81;1596.42;1539.292383
3/4/2024;1348.3;1256.3;1540.56;1601.01;1543.016817
3/5/2024;1345.1;1252.4;1536.9;1596.05;1539.751841
3/6/2024;1342.3;1248.2;1533.93;1590.87;1532.49207
3/7/2024;1344.8;1250;1536.83;1593.31;1535.484787
3/8/2024;1346.3;1252.5;1538.61;1596.41;1537.820886
3/11/2024;1344.6;1251.3;1536.71;1594.97;1535.869329
3/12/2024;1346.8;1254.8;1539.29;1599.62;1537.405241
3/13/2024;1331.8;1241.3;1522.29;1582.5;1522.43929
3/14/2024;1336;1247.7;1527.15;1590.73;1531.312211
3/15/2024;1329.2;1240.3;1519.62;1581.23;1522.706176
3/18/2024;1333.8;1245;1524.98;1587.5;1525.51407
3/19/2024;1326.5;1237.5;1516.81;1578.02;1516.489521
3/20/2024;1327.2;1239.8;1517.71;1581.12;1520.257841
3/21/2024;1346.1;1258.8;1539.41;1605.45;1542.271802
3/22/2024;1339.1;1253.1;1531.68;1598.28;1535.339048
3/25/2024;1338.7;1252.7;1531.25;1597.97;1534.568616
3/26/2024;1333.3;1249.3;1525.27;1593.72;1530.225229
3/27/2024;1337.1;1252.5;1529.62;1597.8;1535.168154
3/28/2024;1337.6;1253.4;1530.75;1599.62;1536.155768
3/29/2024;1337.8;1253.3;1531.09;1599.65;1536.053764
4/1/2024;1347.4;1262.7;1542.27;1611.78;1545.90627
4/2/2024;1349;1265.9;1544.2;1616.09;1548.514063
4/3/2024;1350.5;1266.2;1546.15;1616.8;1549.044673
4/4/2024;1357.1;1272.9;1553.79;1625.39;1558.856065
4/5/2024;1355.7;1271.5;1552.37;1623.67;1558.012848
4/8/2024;1359.6;1275.5;1556.78;1628.76;1563.947437
4/9/2024;1365.6;1281.4;1563.78;1636.29;1570.404621
4/10/2024;1367;1282;1565.68;1637.3;1570.008744
4/11/2024;1361;1276.3;1558.81;1630.13;1562.709561
4/12/2024;1352.1;1266.8;1548.66;1618.06;1552.306871
4/15/2024;1335.9;1251.3;1530.28;1598.33;1535.188097
4/16/2024;1311.7;1228.3;1502.64;1568.99;1507.130467
4/17/2024;1319.3;1234.4;1511.66;1577.18;1514.368485
4/18/2024;1329.8;1242.7;1523.88;1587.95;1524.053729
4/19/2024;1313.6;1229.4;1505.54;1571.17;1510.239693
4/22/2024;1316.3;1234;1508.7;1577;1517.845795
4/23/2024;1326.3;1242;1520.36;1587.61;1526.059759
4/24/2024;1341;1254.8;1537.33;1604.05;1539.002293
4/25/2024;1338;1252.1;1534.07;1600.84;1535.924255
4/26/2024;1350.3;1263.7;1548.46;1615.89;1549.085286
4/29/2024;1364.1;1277.6;1564.49;1633.87;1566.195534
4/30/2024;1361.7;1274.6;1561.94;1630.09;1560.718023
5/1/2024;1362;1274.5;1562.27;1629.99;1560.758521
5/2/2024;1368.9;1281.5;1570.52;1639.29;1569.505181
5/3/2024;1373.9;1286.6;1576.31;1646.16;1577.570329
5/6/2024;1372;1286;1574.42;1645.56;1577.82442
5/7/2024;1368.5;1282.6;1570.6;1641.33;1574.528322
5/8/2024;1369.1;1282.2;1571.34;1640.93;1575.119148
5/9/2024;1357.4;1271.4;1558.33;1627.21;1561.931457
5/10/2024;1362.1;1277.2;1563.8;1634.87;1569.442375
5/13/2024;1360.9;1277.7;1562.55;1635.63;1570.880431
5/14/2024;1366.7;1282.6;1569.44;1642.19;1576.744536
5/15/2024;1374.6;1290;1578.58;1651.69;1586.852133
5/16/2024;1391.8;1306.8;1598.36;1673.31;1607.033042
5/17/2024;1398;1312.6;1605.72;1680.95;1614.176079
5/20/2024;1403.9;1316.5;1612.59;1685.92;1619.006001
5/21/2024;1394.6;1311;1602.23;1679.19;1613.086407
5/22/2024;1396.2;1312.1;1604.21;1680.73;1611.650247
5/23/2024;1388.1;1304.3;1595.08;1670.87;1602.108035
5/24/2024;1386.3;1301.1;1593.07;1666.76;1597.886182
5/27/2024;1392.7;1308.1;1600.61;1675.97;1605.57151
5/28/2024;1391.2;1306.8;1599.07;1674.42;1602.489838
5/29/2024;1382.7;1296.9;1589.31;1661.83;1589.891134
5/30/2024;1366.5;1281.6;1570.95;1642.57;1573.012021
5/31/2024;1367.8;1282.7;1572.76;1644.19;1572.312077
6/3/2024;1382;1296.7;1589.25;1662.35;1588.495595
6/4/2024;1351.8;1269.7;1554.76;1627.94;1555.748352
6/5/2024;1361.3;1278.6;1565.89;1639.54;1567.321832
6/6/2024;1371.9;1288.9;1578.27;1652.99;1581.385496
6/7/2024;1382.3;1299.5;1590.37;1667.01;1592.952762
6/10/2024;1383.6;1300.6;1592.1;1668.57;1592.834756
6/11/2024;1382.6;1298;1591.2;1665.43;1590.991553
6/12/2024;1387.7;1302;1597.59;1671.2;1596.179231
6/13/2024;1395.4;1309.3;1606.62;1680.65;1603.146749
6/14/2024;1399.3;1312.7;1611.24;1685.31;1606.023227
6/17/2024;1398.3;1312.3;1610.14;1684.82;1605.115302
6/18/2024;1406.3;1320.5;1619.75;1695.67;1616.432343
6/19/2024;1406;1320.7;1619.66;1696.1;1616.626833
6/20/2024;1409.3;1324.3;1623.82;1701.45;1621.333932
6/21/2024;1409.2;1322.7;1623.95;1699.56;1619.985497
