Date;MSCI;SAMCO@20241018
3/15/2019;1000.00;1000.00
3/18/2019;1007.54;1007.93
3/19/2019;1005.48;1007.52
3/20/2019;1006.18;1007.12
3/21/2019;1004.52;1005.13
3/22/2019;996.87;992.67
3/25/2019;985.59;981.97
3/26/2019;990.90;986.41
3/27/2019;987.32;981.15
3/28/2019;985.15;979.42
3/29/2019;994.03;990.64
4/1/2019;1004.71;1000.45
4/2/2019;1005.28;1000.67
4/3/2019;1010.06;1006.73
4/4/2019;1009.47;1005.65
4/5/2019;1011.82;1008.34
4/8/2019;1010.47;1008.10
4/9/2019;1014.56;1011.59
4/10/2019;1017.50;1014.88
4/11/2019;1014.06;1010.10
4/12/2019;1013.85;1010.99
4/15/2019;1017.03;1011.72
4/16/2019;1018.29;1013.40
4/17/2019;1019.96;1014.13
4/18/2019;1013.31;1008.24
4/22/2019;1012.36;1008.43
4/23/2019;1009.98;1005.69
4/24/2019;1005.62;1001.60
4/25/2019;999.48;994.11
4/26/2019;996.64;992.08
4/29/2019;995.61;992.82
4/30/2019;994.45;992.22
5/1/2019;995.14;992.74
5/2/2019;995.01;977.58
5/3/2019;996.88;980.58
5/6/2019;982.57;963.21
5/7/2019;980.24;960.16
5/8/2019;973.74;953.60
5/9/2019;955.98;934.92
5/10/2019;960.09;939.88
5/13/2019;939.74;921.52
5/14/2019;940.27;919.81
5/15/2019;943.19;924.40
5/16/2019;937.44;920.11
5/17/2019;926.58;908.74
5/20/2019;928.96;907.55
5/21/2019;932.64;913.45
5/22/2019;933.83;914.38
5/23/2019;923.97;903.57
5/24/2019;928.34;906.49
5/28/2019;938.15;915.74
5/29/2019;932.33;910.22
5/30/2019;938.85;916.69
5/31/2019;942.84;920.51
6/3/2019;945.77;922.61
6/4/2019;946.76;922.98
6/5/2019;949.13;925.03
6/6/2019;945.16;921.09
6/7/2019;948.80;925.42
6/10/2019;955.71;934.19
6/11/2019;963.56;942.62
6/12/2019;960.10;938.05
6/13/2019;960.26;939.46
6/14/2019;953.10;932.24
6/17/2019;948.09;927.44
6/18/2019;952.77;933.83
6/19/2019;959.08;943.03
6/20/2019;973.59;957.50
6/21/2019;973.18;957.33
6/24/2019;973.61;958.43
6/25/2019;970.47;953.84
6/26/2019;971.61;955.41
6/27/2019;976.08;960.29
6/28/2019;977.44;961.74
7/1/2019;985.10;969.90
7/2/2019;984.11;969.34
7/3/2019;983.20;968.82
7/5/2019;986.17;971.85
7/8/2019;974.25;959.75
7/9/2019;970.01;954.46
7/10/2019;975.92;960.03
7/11/2019;984.15;967.62
7/12/2019;982.32;965.23
7/15/2019;982.85;966.02
7/16/2019;984.26;966.88
7/17/2019;979.30;961.60
7/18/2019;977.72;959.61
7/19/2019;980.11;963.77
7/22/2019;975.99;958.55
7/23/2019;974.08;957.35
7/24/2019;971.37;954.76
7/25/2019;969.66;952.76
7/26/2019;966.98;949.56
7/29/2019;961.14;944.64
7/30/2019;956.98;941.83
7/31/2019;957.82;942.47
8/1/2019;947.61;931.88
8/2/2019;932.35;913.99
8/5/2019;903.48;885.59
8/6/2019;903.94;884.45
8/7/2019;905.81;886.52
8/8/2019;920.00;901.52
8/9/2019;919.39;899.35
8/12/2019;911.25;894.18
8/13/2019;901.51;885.20
8/14/2019;900.79;882.84
8/15/2019;895.58;878.47
8/16/2019;899.30;882.54
8/19/2019;903.84;888.35
8/20/2019;905.78;889.48
8/21/2019;911.35;895.18
8/22/2019;905.85;890.70
8/23/2019;902.20;888.05
8/26/2019;887.40;873.16
8/27/2019;891.01;876.64
8/28/2019;894.01;879.45
8/29/2019;896.56;881.80
8/30/2019;907.36;893.23
9/3/2019;902.39;888.86
9/4/2019;913.79;901.05
9/5/2019;919.84;908.11
9/6/2019;922.24;910.92
9/9/2019;920.70;908.50
9/10/2019;919.59;908.72
9/11/2019;927.54;917.43
9/12/2019;934.25;923.03
9/13/2019;936.91;926.45
9/16/2019;936.17;926.59
9/17/2019;929.80;920.54
9/18/2019;933.98;924.39
9/19/2019;930.42;920.89
9/20/2019;937.49;926.30
9/23/2019;938.45;922.76
9/24/2019;935.97;917.45
9/25/2019;927.48;908.34
9/26/2019;929.89;910.58
9/27/2019;925.07;904.66
9/30/2019;923.72;903.11
10/1/2019;921.93;900.38
10/2/2019;916.87;894.53
10/3/2019;920.21;898.28
10/4/2019;922.84;901.06
10/7/2019;922.33;899.73
10/8/2019;922.81;900.44
10/9/2019;921.32;899.29
10/10/2019;920.87;900.22
10/11/2019;927.42;909.36
10/14/2019;933.82;916.57
10/15/2019;933.74;916.91
10/16/2019;935.05;918.76
10/17/2019;941.28;923.60
10/18/2019;944.98;925.60
10/21/2019;947.16;928.38
10/22/2019;952.85;933.74
10/23/2019;952.16;931.41
10/24/2019;956.16;936.41
10/25/2019;952.62;933.66
10/28/2019;957.76;938.57
10/29/2019;957.26;938.45
10/30/2019;955.31;935.29
10/31/2019;958.38;937.83
11/1/2019;961.83;943.13
11/4/2019;969.83;953.05
11/5/2019;969.78;955.18
11/6/2019;967.53;952.69
11/7/2019;968.02;955.18
11/8/2019;964.46;952.73
11/11/2019;955.60;943.13
11/12/2019;957.03;944.27
11/13/2019;949.13;935.23
11/14/2019;949.61;934.95
11/15/2019;954.91;938.93
11/18/2019;956.48;940.77
11/19/2019;956.58;942.76
11/20/2019;952.75;938.35
11/21/2019;946.69;931.25
11/22/2019;948.60;933.22
11/25/2019;953.87;938.95
11/26/2019;953.39;937.36
11/27/2019;954.74;937.50
11/29/2019;952.16;933.10
12/2/2019;949.77;931.45
12/3/2019;947.51;930.46
12/4/2019;948.57;929.17
12/5/2019;949.95;931.42
12/6/2019;954.51;935.79
12/9/2019;956.13;936.30
12/10/2019;953.61;935.06
12/11/2019;958.50;941.32
12/12/2019;967.45;949.89
12/13/2019;975.98;958.19
12/16/2019;979.97;962.42
12/17/2019;985.74;969.21
12/18/2019;986.81;970.36
12/19/2019;988.52;971.20
12/20/2019;986.98;969.62
12/23/2019;988.93;971.30
12/24/2019;988.33;970.25
12/26/2019;994.52;975.67
12/27/2019;1000.18;982.20
12/30/2019;1006.28;990.37
12/31/2019;1007.64;991.63
1/2/2020;1015.77;1001.62
1/3/2020;1009.55;996.87
1/6/2020;993.67;983.38
1/7/2020;997.37;986.04
1/8/2020;988.07;976.85
1/9/2020;1005.35;993.36
1/10/2020;1009.76;997.20
1/13/2020;1018.20;1005.40
1/14/2020;1022.53;1009.37
1/15/2020;1022.08;1009.59
1/16/2020;1025.91;1013.30
1/17/2020;1029.01;1018.41
1/21/2020;1019.27;1006.28
1/22/2020;1023.69;1011.43
1/23/2020;1021.03;1005.50
1/24/2020;1020.78;1005.20
1/27/2020;1009.02;993.78
1/28/2020;1005.18;989.82
1/29/2020;1002.02;982.54
1/30/2020;973.38;952.86
1/31/2020;966.86;946.12
2/3/2020;961.02;941.60
2/4/2020;977.26;960.12
2/5/2020;981.40;964.46
2/6/2020;989.13;974.31
2/7/2020;978.68;964.16
2/10/2020;971.72;958.96
2/11/2020;983.33;970.30
2/12/2020;990.63;978.92
2/13/2020;988.47;977.10
2/14/2020;989.33;977.48
2/18/2020;980.89;970.18
2/19/2020;986.26;975.48
2/20/2020;981.13;970.13
2/21/2020;973.31;961.05
2/24/2020;948.46;937.08
2/25/2020;950.62;939.02
2/26/2020;936.27;926.57
2/27/2020;918.35;911.35
2/28/2020;897.98;889.91
3/2/2020;905.83;901.71
3/3/2020;916.71;911.60
3/4/2020;919.68;914.51
3/5/2020;916.72;913.02
3/6/2020;897.29;893.38
3/9/2020;837.19;838.56
3/10/2020;851.30;850.59
3/11/2020;833.68;834.25
3/12/2020;763.78;768.77
3/13/2020;756.38;761.52
3/16/2020;705.11;710.34
3/17/2020;692.29;698.25
3/18/2020;654.69;658.27
3/19/2020;617.39;623.04
3/20/2020;650.07;656.02
3/23/2020;604.89;614.11
3/24/2020;632.25;644.94
3/25/2020;663.92;678.63
3/26/2020;682.47;697.13
3/27/2020;681.50;695.28
3/30/2020;676.96;689.24
3/31/2020;688.95;701.16
4/1/2020;675.74;686.82
4/2/2020;681.26;692.70
4/3/2020;676.13;687.49
4/6/2020;692.68;704.10
4/7/2020;714.85;724.08
4/8/2020;720.43;728.97
4/9/2020;732.61;741.58
4/13/2020;729.33;737.83
4/14/2020;744.24;752.97
4/15/2020;741.62;749.66
4/16/2020;740.21;749.73
4/17/2020;751.72;761.02
4/20/2020;755.45;765.59
4/21/2020;737.03;747.03
4/22/2020;743.82;754.47
4/23/2020;751.13;759.10
4/24/2020;740.10;746.07
4/27/2020;756.09;763.23
4/28/2020;763.81;771.55
4/29/2020;777.94;785.74
4/30/2020;783.34;788.97
5/1/2020;780.37;785.23
5/4/2020;759.71;764.27
5/5/2020;763.69;768.45
5/6/2020;764.23;771.34
5/7/2020;766.30;772.82
5/8/2020;776.06;784.99
5/11/2020;776.64;786.95
5/12/2020;773.24;783.30
5/13/2020;772.78;782.73
5/14/2020;765.97;775.36
5/15/2020;769.18;779.02
5/18/2020;771.20;783.53
5/19/2020;780.11;793.30
5/20/2020;786.67;797.78
5/21/2020;793.09;801.59
5/22/2020;781.08;783.81
5/26/2020;802.52;806.37
5/27/2020;806.09;808.20
5/28/2020;801.68;802.99
5/29/2020;800.74;805.21
6/1/2020;822.25;826.89
6/2/2020;836.68;841.32
6/3/2020;851.31;856.38
6/4/2020;853.56;857.15
6/5/2020;872.01;872.26
6/8/2020;883.04;880.28
6/9/2020;882.41;883.50
6/10/2020;884.58;885.42
6/11/2020;869.58;869.71
6/12/2020;862.37;862.83
6/15/2020;840.32;842.08
6/16/2020;862.54;865.77
6/17/2020;865.96;870.29
6/18/2020;868.56;874.99
6/19/2020;872.70;879.64
6/22/2020;875.42;881.69
6/23/2020;881.86;886.96
6/24/2020;878.76;884.63
6/25/2020;875.27;881.52
6/26/2020;870.65;876.53
6/29/2020;867.66;872.30
6/30/2020;870.12;875.02
7/1/2020;877.16;880.95
7/2/2020;892.25;899.59
7/6/2020;919.69;931.04
7/7/2020;915.20;925.11
7/8/2020;922.48;933.41
7/9/2020;928.27;940.13
7/10/2020;920.69;931.05
7/13/2020;928.73;937.90
7/14/2020;917.77;926.45
7/15/2020;924.23;931.03
7/16/2020;915.02;918.16
7/17/2020;919.44;920.79
7/20/2020;927.86;933.48
7/21/2020;941.93;946.92
7/22/2020;946.30;947.63
7/23/2020;947.63;947.15
7/24/2020;933.55;931.04
7/27/2020;937.26;934.36
7/28/2020;937.55;936.35
7/29/2020;943.85;945.44
7/30/2020;942.65;944.19
7/31/2020;946.01;945.48
8/3/2020;944.96;945.60
8/4/2020;954.36;954.26
8/5/2020;969.12;969.91
8/6/2020;973.19;974.06
8/7/2020;968.23;967.87
8/10/2020;969.70;969.79
8/11/2020;971.67;971.59
8/12/2020;964.85;967.40
8/13/2020;968.07;969.76
8/14/2020;966.28;968.26
8/17/2020;965.56;970.75
8/18/2020;966.13;970.17
8/19/2020;971.13;973.47
8/20/2020;951.31;953.08
8/21/2020;962.30;963.02
8/24/2020;973.52;973.63
8/25/2020;979.34;982.46
8/26/2020;981.01;983.91
8/27/2020;978.88;981.60
8/28/2020;986.99;988.03
8/31/2020;982.88;982.83
9/1/2020;991.84;993.83
9/2/2020;994.73;995.95
9/3/2020;994.20;992.80
9/4/2020;988.12;986.98
9/8/2020;980.45;978.45
9/9/2020;977.80;978.46
9/10/2020;978.43;978.21
9/11/2020;978.22;978.44
9/14/2020;993.98;992.74
9/15/2020;1002.15;1001.38
9/16/2020;1004.70;1004.10
9/17/2020;1000.40;1000.95
9/18/2020;1005.83;1008.19
9/21/2020;983.56;984.92
9/22/2020;970.55;972.77
9/23/2020;964.22;966.09
9/24/2020;941.71;943.31
9/25/2020;941.82;943.64
9/28/2020;956.42;958.15
9/29/2020;959.90;961.57
9/30/2020;965.56;966.95
10/1/2020;971.02;973.11
10/2/2020;969.52;971.73
10/5/2020;978.55;981.65
10/6/2020;987.78;990.84
10/7/2020;989.06;992.66
10/8/2020;995.80;999.54
10/9/2020;998.17;1001.21
10/12/2020;1001.41;1003.56
10/13/2020;999.47;1000.54
10/14/2020;998.99;1000.36
10/15/2020;989.40;989.51
10/16/2020;988.43;989.32
10/19/2020;991.59;991.08
10/20/2020;997.87;998.89
10/21/2020;1001.17;1003.23
10/22/2020;998.70;1002.09
10/23/2020;999.72;1003.92
10/26/2020;987.93;993.70
10/27/2020;986.31;991.50
10/28/2020;977.20;982.04
10/29/2020;972.96;979.60
10/30/2020;959.68;965.82
11/2/2020;961.47;968.90
11/3/2020;975.98;982.96
11/4/2020;983.33;989.94
11/5/2020;1007.70;1016.35
11/6/2020;1013.07;1023.33
11/9/2020;1034.60;1042.65
11/10/2020;1032.08;1040.35
11/11/2020;1035.88;1044.19
11/12/2020;1032.75;1040.81
11/13/2020;1036.51;1043.68
11/16/2020;1050.02;1054.39
11/17/2020;1054.80;1060.35
11/18/2020;1063.18;1069.70
11/19/2020;1061.94;1067.82
11/20/2020;1067.76;1074.13
11/23/2020;1076.83;1082.21
11/24/2020;1080.11;1085.03
11/25/2020;1078.72;1082.60
11/27/2020;1099.84;1103.06
11/30/2020;1094.17;1096.42
12/1/2020;1105.87;1107.37
12/2/2020;1112.10;1113.06
12/3/2020;1119.23;1120.39
12/4/2020;1128.47;1128.74
12/7/2020;1133.00;1133.73
12/8/2020;1132.87;1133.12
12/9/2020;1136.87;1135.59
12/10/2020;1136.81;1135.56
12/11/2020;1138.21;1136.51
12/14/2020;1140.41;1139.56
12/15/2020;1140.08;1140.48
12/16/2020;1153.65;1153.46
12/17/2020;1158.78;1159.50
12/18/2020;1158.88;1160.66
12/21/2020;1142.85;1147.55
12/22/2020;1130.26;1134.50
12/23/2020;1139.91;1142.05
12/24/2020;1146.08;1147.69
12/28/2020;1155.55;1158.26
12/29/2020;1165.41;1166.56
12/30/2020;1174.99;1177.88
12/31/2020;1176.02;1181.64
1/4/2021;1197.42;1201.73
1/5/2021;1196.56;1204.17
1/6/2021;1194.32;1203.11
1/7/2021;1202.26;1210.08
1/8/2021;1211.53;1222.90
1/11/2021;1202.98;1209.76
1/12/2021;1204.24;1212.78
1/13/2021;1212.96;1221.25
1/14/2021;1222.37;1229.46
1/15/2021;1207.42;1214.66
1/19/2021;1216.72;1227.70
1/20/2021;1223.10;1236.08
1/21/2021;1225.03;1236.90
1/22/2021;1219.52;1230.76
1/25/2021;1223.92;1235.50
1/26/2021;1216.26;1227.72
1/27/2021;1208.74;1217.25
1/28/2021;1189.84;1198.19
1/29/2021;1176.56;1185.01
2/1/2021;1196.61;1207.18
2/2/2021;1217.63;1229.95
2/3/2021;1227.39;1241.66
2/4/2021;1225.32;1238.77
2/5/2021;1231.51;1242.84
2/8/2021;1242.79;1253.95
2/9/2021;1246.75;1259.18
2/10/2021;1253.98;1268.13
2/11/2021;1259.63;1275.12
2/12/2021;1261.10;1277.83
2/16/2021;1278.60;1299.90
2/17/2021;1280.25;1300.55
2/18/2021;1276.35;1292.71
2/19/2021;1279.70;1296.81
2/22/2021;1268.09;1278.69
2/23/2021;1267.53;1278.47
2/24/2021;1252.72;1261.12
2/25/2021;1268.13;1276.80
2/26/2021;1246.05;1251.85
3/1/2021;1257.23;1266.96
3/2/2021;1253.98;1260.00
3/3/2021;1267.56;1271.99
3/4/2021;1259.36;1257.47
3/5/2021;1248.08;1244.69
3/8/2021;1225.61;1216.98
3/9/2021;1222.14;1218.53
3/10/2021;1231.97;1226.97
3/11/2021;1255.14;1255.05
3/12/2021;1261.19;1261.46
3/15/2021;1260.61;1260.13
3/16/2021;1272.60;1273.50
3/17/2021;1268.69;1270.61
3/18/2021;1270.95;1271.45
3/19/2021;1267.01;1266.32
3/22/2021;1266.48;1267.38
3/23/2021;1257.22;1256.02
3/24/2021;1244.49;1237.17
3/25/2021;1238.21;1231.75
3/26/2021;1252.88;1246.25
3/29/2021;1253.46;1247.80
3/30/2021;1262.15;1259.99
3/31/2021;1263.67;1260.92
4/1/2021;1273.59;1271.44
4/5/2021;1273.97;1270.28
4/6/2021;1282.82;1279.42
4/7/2021;1288.36;1285.41
4/8/2021;1296.97;1296.21
4/9/2021;1293.51;1289.73
4/12/2021;1280.08;1274.64
4/13/2021;1279.64;1274.18
4/14/2021;1286.41;1282.53
4/15/2021;1292.88;1287.35
4/16/2021;1306.71;1302.38
4/19/2021;1312.37;1310.95
4/20/2021;1318.30;1315.64
4/21/2021;1314.22;1309.69
4/22/2021;1314.67;1310.34
4/23/2021;1320.02;1317.39
4/26/2021;1336.02;1331.71
4/27/2021;1341.50;1336.63
4/28/2021;1342.95;1337.91
4/29/2021;1345.90;1339.12
4/30/2021;1337.25;1328.76
5/3/2021;1324.02;1314.97
5/4/2021;1309.20;1300.63
5/5/2021;1310.84;1303.39
5/6/2021;1319.98;1311.84
5/7/2021;1337.27;1324.87
5/10/2021;1350.80;1338.34
5/11/2021;1329.79;1318.89
5/12/2021;1304.74;1292.60
5/13/2021;1291.12;1276.79
5/14/2021;1296.21;1284.74
5/17/2021;1285.89;1275.22
5/18/2021;1313.41;1304.25
5/19/2021;1311.22;1303.72
5/20/2021;1309.62;1301.72
5/21/2021;1317.08;1308.57
5/24/2021;1322.41;1313.85
5/25/2021;1331.96;1324.16
5/26/2021;1342.70;1334.86
5/27/2021;1354.66;1349.45
5/28/2021;1360.56;1354.96
6/1/2021;1378.13;1373.86
6/2/2021;1381.11;1377.64
6/3/2021;1387.09;1381.33
6/4/2021;1385.10;1380.97
6/7/2021;1392.99;1386.68
6/8/2021;1394.17;1389.42
6/9/2021;1387.77;1382.76
6/10/2021;1399.39;1393.07
6/11/2021;1400.79;1396.45
6/14/2021;1402.12;1398.56
6/15/2021;1401.88;1396.51
6/16/2021;1394.63;1389.00
6/17/2021;1386.78;1383.71
6/18/2021;1385.36;1383.70
6/21/2021;1371.73;1375.04
6/22/2021;1376.65;1380.00
6/23/2021;1381.98;1387.24
6/24/2021;1386.85;1393.46
6/25/2021;1392.61;1398.80
6/28/2021;1395.36;1404.63
6/29/2021;1391.63;1402.01
6/30/2021;1397.30;1404.82
7/1/2021;1390.75;1397.13
7/2/2021;1390.71;1394.03
7/6/2021;1392.88;1392.74
7/7/2021;1389.18;1389.37
7/8/2021;1375.63;1371.89
7/9/2021;1374.27;1372.29
7/12/2021;1385.67;1383.10
7/13/2021;1387.58;1386.25
7/14/2021;1390.65;1386.58
7/15/2021;1401.69;1397.98
7/16/2021;1401.01;1396.71
7/19/2021;1386.39;1379.08
7/20/2021;1374.11;1365.01
7/21/2021;1375.52;1367.38
7/22/2021;1390.46;1381.31
7/23/2021;1387.51;1374.23
7/26/2021;1379.52;1356.46
7/27/2021;1365.43;1338.02
7/28/2021;1361.87;1342.38
7/29/2021;1384.67;1366.30
7/30/2021;1375.52;1357.28
8/2/2021;1387.10;1371.40
8/3/2021;1385.12;1368.23
8/4/2021;1389.50;1371.97
8/5/2021;1389.20;1370.25
8/6/2021;1384.30;1363.41
8/9/2021;1377.11;1359.27
8/10/2021;1370.86;1355.00
8/11/2021;1363.95;1348.93
8/12/2021;1367.69;1350.86
8/13/2021;1355.35;1339.93
8/16/2021;1345.57;1329.53
8/17/2021;1328.06;1311.00
8/18/2021;1339.38;1322.51
8/19/2021;1314.34;1295.47
8/20/2021;1302.93;1282.19
8/23/2021;1320.52;1302.84
8/24/2021;1341.71;1326.27
8/25/2021;1352.19;1335.51
8/26/2021;1347.55;1327.59
8/27/2021;1357.88;1337.64
8/30/2021;1374.37;1355.27
8/31/2021;1387.53;1370.50
9/1/2021;1393.46;1376.43
9/2/2021;1391.05;1374.97
9/3/2021;1396.73;1381.36
9/7/2021;1396.46;1383.66
9/8/2021;1375.29;1363.49
9/9/2021;1379.50;1366.69
9/10/2021;1386.52;1372.54
9/13/2021;1386.40;1370.63
9/14/2021;1391.30;1372.02
9/15/2021;1391.75;1371.02
9/16/2021;1386.13;1363.21
9/17/2021;1381.99;1359.84
9/20/2021;1361.84;1337.79
9/21/2021;1367.90;1344.88
9/22/2021;1372.32;1349.35
9/23/2021;1381.84;1358.36
9/24/2021;1378.02;1352.54
9/27/2021;1374.37;1349.72
9/28/2021;1357.23;1334.02
9/29/2021;1349.05;1326.50
9/30/2021;1357.51;1336.42
10/1/2021;1348.84;1327.70
10/4/2021;1344.31;1321.45
10/5/2021;1346.46;1322.70
10/6/2021;1329.75;1305.92
10/7/2021;1352.98;1329.76
10/8/2021;1353.48;1329.47
10/11/2021;1353.11;1329.44
10/12/2021;1345.98;1321.15
10/13/2021;1352.65;1329.35
10/14/2021;1364.42;1339.06
10/15/2021;1377.33;1350.48
10/18/2021;1380.33;1352.04
10/19/2021;1383.73;1357.39
10/20/2021;1379.87;1354.22
10/21/2021;1370.08;1344.44
10/22/2021;1363.95;1338.49
10/25/2021;1366.67;1342.09
10/26/2021;1373.63;1347.35
10/27/2021;1370.76;1341.93
10/28/2021;1361.69;1332.06
10/29/2021;1359.87;1327.20
11/1/2021;1364.54;1332.99
11/2/2021;1366.46;1333.83
11/3/2021;1369.41;1337.24
11/4/2021;1374.10;1340.70
11/5/2021;1375.06;1339.91
11/8/2021;1383.79;1349.09
11/9/2021;1393.59;1358.73
11/10/2021;1383.81;1349.46
11/11/2021;1385.61;1352.78
11/12/2021;1390.43;1360.05
11/15/2021;1396.28;1363.02
11/16/2021;1390.74;1360.08
11/17/2021;1385.79;1354.12
11/18/2021;1378.60;1345.77
11/19/2021;1376.14;1343.67
11/22/2021;1365.64;1332.57
11/23/2021;1357.08;1324.56
11/24/2021;1361.07;1329.27
11/26/2021;1329.59;1295.79
11/29/2021;1320.75;1289.32
11/30/2021;1318.98;1287.24
12/1/2021;1326.70;1295.24
12/2/2021;1328.57;1296.09
12/3/2021;1335.95;1300.87
12/6/2021;1329.62;1293.26
12/7/2021;1343.23;1307.95
12/8/2021;1356.09;1321.69
12/9/2021;1360.58;1326.91
12/10/2021;1355.41;1320.65
12/13/2021;1348.88;1311.60
12/14/2021;1337.77;1299.04
12/15/2021;1335.60;1295.80
12/16/2021;1343.68;1303.68
12/17/2021;1335.87;1295.51
12/20/2021;1308.45;1268.38
12/21/2021;1324.96;1286.14
12/22/2021;1332.26;1292.63
12/23/2021;1345.21;1305.63
12/27/2021;1351.63;1311.65
12/28/2021;1359.70;1318.80
12/29/2021;1357.76;1315.03
12/30/2021;1364.49;1321.01
12/31/2021;1371.28;1328.84
1/3/2022;1372.83;1332.32
1/4/2022;1371.47;1327.48
1/5/2022;1362.81;1316.76
1/6/2022;1351.48;1306.21
1/7/2022;1352.72;1307.48
1/10/2022;1357.40;1313.48
1/11/2022;1355.86;1311.61
1/12/2022;1373.29;1329.80
1/13/2022;1373.22;1327.76
1/14/2022;1368.71;1322.50
1/18/2022;1355.27;1307.56
1/19/2022;1353.32;1307.05
1/20/2022;1362.54;1317.86
1/21/2022;1342.21;1296.45
1/24/2022;1311.40;1266.87
1/25/2022;1300.19;1253.11
1/26/2022;1303.34;1253.80
1/27/2022;1288.23;1237.05
1/28/2022;1294.66;1242.23
1/31/2022;1310.18;1257.66
2/1/2022;1315.57;1263.47
2/2/2022;1317.91;1265.04
2/3/2022;1318.46;1265.23
2/4/2022;1321.81;1271.09
2/7/2022;1326.42;1275.98
2/8/2022;1327.32;1278.45
2/9/2022;1342.59;1296.31
2/10/2022;1343.21;1298.32
2/11/2022;1326.43;1280.83
2/14/2022;1298.82;1253.21
2/15/2022;1308.36;1265.21
2/16/2022;1325.10;1280.92
2/17/2022;1321.85;1277.88
2/18/2022;1322.10;1277.75
2/22/2022;1295.55;1251.99
2/23/2022;1306.15;1261.22
2/24/2022;1250.27;1206.29
2/25/2022;1278.12;1234.22
2/28/2022;1276.32;1231.31
3/1/2022;1283.45;1238.54
3/2/2022;1278.65;1233.30
3/3/2022;1287.84;1241.64
3/4/2022;1263.55;1216.03
3/7/2022;1226.61;1177.30
3/8/2022;1212.84;1162.63
3/9/2022;1229.73;1182.24
3/10/2022;1246.28;1198.86
3/11/2022;1242.53;1192.29
3/14/2022;1225.09;1171.89
3/15/2022;1205.13;1151.07
3/16/2022;1233.49;1187.29
3/17/2022;1264.95;1221.04
3/18/2022;1273.92;1220.22
3/21/2022;1272.24;1215.26
3/22/2022;1282.46;1226.82
3/23/2022;1289.55;1234.41
3/24/2022;1295.31;1238.83
3/25/2022;1292.04;1231.76
3/28/2022;1285.53;1225.57
3/29/2022;1297.86;1236.43
3/30/2022;1309.33;1248.66
3/31/2022;1307.80;1244.16
4/1/2022;1314.14;1251.04
4/4/2022;1327.13;1265.79
4/5/2022;1329.00;1267.02
4/6/2022;1320.92;1258.73
4/7/2022;1301.41;1236.41
4/8/2022;1307.39;1242.47
4/11/2022;1293.46;1225.41
4/12/2022;1286.21;1217.47
4/13/2022;1295.50;1227.25
4/14/2022;1297.17;1230.26
4/18/2022;1282.75;1214.27
4/19/2022;1283.14;1213.13
4/20/2022;1285.19;1213.78
4/21/2022;1285.96;1211.78
4/22/2022;1270.15;1199.64
4/25/2022;1236.84;1165.17
4/26/2022;1237.63;1167.12
4/27/2022;1227.39;1157.99
4/28/2022;1230.85;1163.44
4/29/2022;1238.93;1173.83
5/2/2022;1229.56;1166.63
5/3/2022;1229.58;1167.39
5/4/2022;1224.46;1162.96
5/5/2022;1222.87;1159.73
5/6/2022;1197.16;1132.79
5/9/2022;1167.52;1103.74
5/10/2022;1162.66;1099.98
5/11/2022;1157.03;1096.44
5/12/2022;1131.82;1072.85
5/13/2022;1151.09;1093.68
5/16/2022;1156.20;1100.07
5/17/2022;1178.38;1121.02
5/18/2022;1179.47;1123.36
5/19/2022;1164.33;1108.95
5/20/2022;1180.60;1125.02
5/23/2022;1184.13;1129.16
5/24/2022;1168.82;1113.23
5/25/2022;1167.43;1114.62
5/26/2022;1173.33;1121.23
5/27/2022;1187.91;1134.58
5/31/2022;1215.56;1165.17
6/1/2022;1213.61;1162.08
6/2/2022;1209.65;1158.01
6/3/2022;1207.12;1155.31
6/6/2022;1205.45;1155.98
6/7/2022;1193.70;1144.52
6/8/2022;1195.75;1148.48
6/9/2022;1191.18;1142.27
6/10/2022;1176.84;1128.34
6/13/2022;1131.78;1086.95
6/14/2022;1127.46;1085.83
6/15/2022;1126.97;1083.53
6/16/2022;1113.10;1069.25
6/17/2022;1105.29;1062.06
6/21/2022;1104.97;1064.13
6/22/2022;1080.39;1039.60
6/23/2022;1078.65;1038.38
6/24/2022;1095.77;1057.11
6/27/2022;1113.73;1074.48
6/28/2022;1109.22;1071.97
6/29/2022;1096.84;1057.82
6/30/2022;1082.76;1043.72
7/1/2022;1068.49;1029.79
7/5/2022;1064.97;1030.29
7/6/2022;1054.16;1017.12
7/7/2022;1070.30;1033.45
7/8/2022;1076.27;1039.22
7/11/2022;1068.22;1029.75
7/12/2022;1050.84;1011.93
7/13/2022;1055.56;1016.87
7/14/2022;1050.93;1013.28
7/15/2022;1050.54;1010.49
7/18/2022;1067.96;1027.66
7/19/2022;1074.73;1033.66
7/20/2022;1081.04;1038.46
7/21/2022;1086.41;1043.47
7/22/2022;1086.55;1042.11
7/25/2022;1087.24;1042.95
7/26/2022;1083.25;1039.82
7/27/2022;1088.26;1043.42
7/28/2022;1097.71;1051.79
7/29/2022;1106.94;1057.77
8/1/2022;1112.27;1060.93
8/2/2022;1102.66;1052.16
8/3/2022;1099.22;1048.92
8/4/2022;1106.24;1054.78
8/5/2022;1117.39;1066.20
8/8/2022;1118.36;1066.51
8/9/2022;1119.53;1067.43
8/10/2022;1120.34;1066.72
8/11/2022;1132.53;1080.11
8/12/2022;1139.71;1087.62
8/15/2022;1142.19;1089.32
8/16/2022;1143.49;1089.71
8/17/2022;1143.44;1089.52
8/18/2022;1140.18;1085.50
8/19/2022;1131.76;1077.12
8/22/2022;1117.93;1064.44
8/23/2022;1118.73;1064.36
8/24/2022;1122.72;1067.18
8/25/2022;1134.55;1079.72
8/26/2022;1138.14;1083.11
8/29/2022;1121.68;1065.87
8/30/2022;1129.24;1072.90
8/31/2022;1131.56;1075.84
9/1/2022;1117.74;1061.22
9/2/2022;1117.85;1058.86
9/6/2022;1109.16;1051.26
9/7/2022;1101.99;1044.98
9/8/2022;1112.00;1053.35
9/9/2022;1120.06;1062.20
9/12/2022;1129.13;1070.90
9/13/2022;1128.81;1072.09
9/14/2022;1117.20;1060.11
9/15/2022;1114.33;1057.71
9/16/2022;1098.11;1040.13
9/19/2022;1087.30;1030.26
9/20/2022;1095.40;1037.28
9/21/2022;1083.89;1026.07
9/22/2022;1078.38;1020.39
9/23/2022;1057.79;1000.57
9/26/2022;1020.72;965.84
9/27/2022;1026.41;972.69
9/28/2022;1005.84;951.87
9/29/2022;1005.51;951.26
9/30/2022;1015.96;959.16
10/3/2022;1017.05;960.30
10/4/2022;1039.60;982.81
10/5/2022;1041.35;985.59
10/6/2022;1050.26;993.61
10/7/2022;1039.45;982.57
10/10/2022;1031.80;974.88
10/11/2022;1007.54;952.19
10/12/2022;1008.82;953.81
10/13/2022;995.14;940.86
10/14/2022;1005.27;952.12
10/17/2022;1007.95;954.34
10/18/2022;1021.18;968.15
10/19/2022;1012.33;959.07
10/20/2022;1010.40;957.35
10/21/2022;1005.52;952.04
10/24/2022;1003.24;949.04
10/25/2022;999.91;946.30
10/26/2022;1002.67;950.31
10/27/2022;1017.58;964.65
10/28/2022;1007.70;954.66
10/31/2022;1014.70;958.96
11/1/2022;1026.98;972.49
11/2/2022;1031.00;977.67
11/3/2022;1029.10;974.84
11/4/2022;1041.54;988.77
11/7/2022;1052.77;999.96
11/8/2022;1054.81;1002.92
11/9/2022;1059.92;1007.80
11/10/2022;1047.39;997.61
11/11/2022;1077.96;1029.64
11/14/2022;1084.84;1037.71
11/15/2022;1095.84;1050.08
11/16/2022;1088.35;1039.82
11/17/2022;1077.95;1030.72
11/18/2022;1077.02;1028.31
11/21/2022;1070.83;1021.46
11/22/2022;1069.02;1019.66
11/23/2022;1074.66;1025.46
11/25/2022;1088.95;1040.41
11/28/2022;1085.43;1036.12
11/29/2022;1094.90;1047.26
11/30/2022;1108.78;1061.71
12/1/2022;1121.42;1073.43
12/2/2022;1123.56;1074.79
12/5/2022;1125.99;1077.30
12/6/2022;1108.52;1061.43
12/7/2022;1101.26;1053.55
12/8/2022;1106.95;1059.91
12/9/2022;1112.97;1066.27
12/12/2022;1103.55;1057.74
12/13/2022;1105.53;1059.88
12/14/2022;1116.42;1071.01
12/15/2022;1106.37;1061.78
12/16/2022;1097.14;1055.15
12/19/2022;1097.73;1054.11
12/20/2022;1091.14;1047.68
12/21/2022;1091.82;1049.80
12/22/2022;1097.69;1055.68
12/23/2022;1085.52;1041.72
12/27/2022;1096.68;1053.34
12/28/2022;1092.68;1048.45
12/29/2022;1091.66;1048.03
12/30/2022;1094.41;1050.93
1/3/2023;1094.49;1052.15
1/4/2023;1098.20;1057.84
1/5/2023;1098.86;1060.01
1/6/2023;1105.24;1064.10
1/9/2023;1127.12;1084.55
1/10/2023;1129.66;1086.98
1/11/2023;1132.35;1088.76
1/12/2023;1134.83;1089.56
1/13/2023;1140.31;1095.88
1/17/2023;1139.88;1094.21
1/18/2023;1143.45;1096.56
1/19/2023;1141.64;1096.16
1/20/2023;1144.49;1099.78
1/23/2023;1146.01;1100.57
1/24/2023;1144.81;1099.53
1/25/2023;1145.85;1101.12
1/26/2023;1151.72;1107.83
1/27/2023;1148.75;1104.54
1/30/2023;1147.83;1101.65
1/31/2023;1158.59;1108.53
2/1/2023;1164.88;1115.07
2/2/2023;1178.12;1126.32
2/3/2023;1171.60;1119.42
2/6/2023;1152.96;1101.11
2/7/2023;1152.89;1101.23
2/8/2023;1157.17;1105.45
2/9/2023;1154.84;1104.81
2/10/2023;1146.32;1095.21
2/13/2023;1143.18;1092.55
2/14/2023;1143.20;1092.76
2/15/2023;1136.33;1087.26
2/16/2023;1146.26;1096.82
2/17/2023;1138.16;1088.07
2/21/2023;1142.63;1092.68
2/22/2023;1129.32;1080.00
2/23/2023;1137.54;1087.05
2/24/2023;1128.55;1077.76
2/27/2023;1120.83;1070.61
2/28/2023;1124.68;1072.75
3/1/2023;1132.99;1082.13
3/2/2023;1131.65;1082.38
3/3/2023;1140.38;1092.12
3/6/2023;1148.88;1100.58
3/7/2023;1145.38;1097.16
3/8/2023;1139.98;1090.77
3/9/2023;1136.09;1085.57
3/10/2023;1119.20;1068.94
3/13/2023;1115.94;1066.55
3/14/2023;1097.12;1047.46
3/15/2023;1100.53;1051.12
3/16/2023;1091.68;1043.16
3/17/2023;1102.17;1053.82
3/20/2023;1094.74;1046.49
3/21/2023;1101.99;1054.68
3/22/2023;1108.19;1060.12
3/23/2023;1116.68;1068.77
3/24/2023;1113.09;1064.56
3/27/2023;1110.05;1060.71
3/28/2023;1112.81;1064.47
3/29/2023;1121.71;1072.86
3/30/2023;1128.22;1078.44
3/31/2023;1133.19;1082.21
4/3/2023;1133.73;1083.26
4/4/2023;1135.35;1084.62
4/5/2023;1135.51;1085.06
4/6/2023;1134.51;1083.96
4/10/2023;1142.80;1087.91
4/11/2023;1155.19;1099.84
4/12/2023;1156.60;1102.97
4/13/2023;1162.10;1109.33
4/14/2023;1166.35;1113.19
4/17/2023;1164.94;1112.38
4/18/2023;1160.97;1108.34
4/19/2023;1152.84;1101.35
4/20/2023;1147.51;1095.25
4/21/2023;1136.28;1085.32
4/24/2023;1135.40;1082.85
4/25/2023;1121.15;1068.25
4/26/2023;1123.78;1070.74
4/27/2023;1131.42;1075.72
4/28/2023;1138.50;1082.46
5/1/2023;1138.95;1082.41
5/2/2023;1139.93;1082.08
5/3/2023;1136.83;1079.82
5/4/2023;1144.19;1088.16
5/5/2023;1146.80;1090.73
5/8/2023;1151.92;1096.42
5/9/2023;1142.93;1087.96
5/10/2023;1144.28;1089.27
5/11/2023;1140.22;1086.69
5/12/2023;1136.02;1080.99
5/15/2023;1135.22;1080.77
5/16/2023;1136.45;1082.13
5/17/2023;1138.15;1082.46
5/18/2023;1140.13;1084.10
5/19/2023;1143.27;1087.68
5/22/2023;1150.48;1094.08
5/23/2023;1150.91;1093.99
5/24/2023;1147.32;1090.69
5/25/2023;1142.39;1085.74
5/26/2023;1146.53;1088.83
5/30/2023;1150.51;1092.19
5/31/2023;1148.13;1089.15
6/1/2023;1157.21;1098.24
6/2/2023;1170.87;1112.96
6/5/2023;1175.50;1116.40
6/6/2023;1177.12;1118.22
6/7/2023;1187.32;1125.75
6/8/2023;1182.97;1123.05
6/9/2023;1192.35;1132.54
6/12/2023;1193.59;1132.13
6/13/2023;1205.40;1143.35
6/14/2023;1207.19;1146.52
6/15/2023;1212.93;1152.44
6/16/2023;1221.60;1160.31
6/20/2023;1213.35;1148.53
6/21/2023;1208.17;1142.83
6/22/2023;1202.94;1138.80
6/23/2023;1190.83;1125.55
6/26/2023;1190.57;1127.04
6/27/2023;1190.50;1128.80
6/28/2023;1187.41;1126.58
6/29/2023;1188.09;1125.74
6/30/2023;1196.02;1132.84
7/3/2023;1212.60;1146.86
7/5/2023;1214.64;1147.87
7/6/2023;1203.97;1136.03
7/7/2023;1200.59;1132.18
7/10/2023;1199.12;1131.81
7/11/2023;1213.61;1146.27
7/12/2023;1220.22;1154.60
7/13/2023;1229.85;1165.55
7/14/2023;1241.55;1174.44
7/17/2023;1245.06;1178.48
7/18/2023;1245.70;1176.11
7/19/2023;1244.74;1173.94
7/20/2023;1247.67;1176.57
7/21/2023;1245.73;1174.99
7/24/2023;1246.95;1175.27
7/25/2023;1258.22;1186.06
7/26/2023;1249.28;1179.08
7/27/2023;1251.35;1185.50
7/28/2023;1260.38;1196.00
7/31/2023;1269.40;1203.40
8/1/2023;1263.20;1197.41
8/2/2023;1237.67;1172.07
8/3/2023;1236.88;1171.47
8/4/2023;1241.53;1176.08
8/7/2023;1239.04;1174.91
8/8/2023;1231.90;1166.46
8/9/2023;1236.87;1170.68
8/10/2023;1232.37;1164.89
8/11/2023;1227.97;1159.87
8/14/2023;1213.95;1145.73
8/15/2023;1214.65;1145.83
8/16/2023;1209.98;1140.82
8/17/2023;1211.84;1141.40
8/18/2023;1205.60;1133.73
8/21/2023;1208.96;1134.04
8/22/2023;1220.33;1142.81
8/23/2023;1224.28;1146.93
8/24/2023;1234.61;1157.58
8/25/2023;1227.44;1150.91
8/28/2023;1233.20;1156.61
8/29/2023;1242.58;1168.70
8/30/2023;1249.93;1173.10
8/31/2023;1249.69;1173.04
9/1/2023;1252.10;1175.19
9/5/2023;1254.90;1179.02
9/6/2023;1251.49;1176.38
9/7/2023;1246.13;1170.43
9/8/2023;1249.87;1174.40
9/11/2023;1252.69;1177.29
9/12/2023;1241.33;1166.33
9/13/2023;1241.49;1165.66
9/14/2023;1252.69;1175.98
9/15/2023;1253.62;1176.92
9/18/2023;1245.90;1170.55
9/19/2023;1243.07;1167.68
9/20/2023;1238.61;1163.32
9/21/2023;1220.81;1145.71
9/22/2023;1226.12;1151.09
9/25/2023;1222.36;1147.32
9/26/2023;1212.61;1137.15
9/27/2023;1216.25;1140.79
9/28/2023;1215.44;1140.03
9/29/2023;1222.45;1146.55
10/2/2023;1221.19;1145.03
10/3/2023;1212.25;1135.79
10/4/2023;1197.47;1120.33
10/5/2023;1199.94;1124.25
10/6/2023;1205.20;1130.57
10/9/2023;1197.49;1124.53
10/10/2023;1206.43;1132.86
10/11/2023;1216.82;1143.48
10/12/2023;1223.36;1149.35
10/13/2023;1212.76;1138.45
10/16/2023;1207.77;1133.50
10/17/2023;1211.89;1137.86
10/18/2023;1198.14;1125.50
10/19/2023;1188.51;1114.38
10/20/2023;1179.55;1105.80
10/23/2023;1166.93;1093.73
10/24/2023;1176.51;1103.64
10/25/2023;1171.66;1100.95
10/26/2023;1157.30;1087.23
10/27/2023;1166.30;1095.16
10/30/2023;1170.93;1099.29
10/31/2023;1162.79;1091.26
11/1/2023;1163.93;1092.22
11/2/2023;1184.66;1111.99
11/3/2023;1202.29;1129.79
11/6/2023;1228.68;1154.23
11/7/2023;1224.36;1149.34
11/8/2023;1225.30;1150.46
11/9/2023;1221.38;1145.95
11/10/2023;1214.47;1139.22
11/13/2023;1214.43;1139.36
11/14/2023;1224.14;1147.76
11/15/2023;1243.09;1168.91
11/16/2023;1246.22;1171.85
11/17/2023;1250.06;1173.45
11/20/2023;1259.53;1184.10
11/21/2023;1262.78;1187.53
11/22/2023;1256.33;1181.76
11/24/2023;1259.15;1184.73
11/27/2023;1257.11;1182.28
11/28/2023;1267.59;1191.70
11/29/2023;1270.76;1192.98
11/30/2023;1273.46;1195.49
12/1/2023;1274.98;1195.53
12/4/2023;1277.54;1196.13
12/5/2023;1271.49;1190.18
12/6/2023;1274.92;1193.97
12/7/2023;1270.94;1189.95
12/8/2023;1275.18;1193.90
12/11/2023;1271.28;1191.89
12/12/2023;1271.31;1191.38
12/13/2023;1272.69;1192.49
12/14/2023;1296.76;1215.31
12/15/2023;1300.19;1218.60
12/18/2023;1296.26;1216.12
12/19/2023;1294.28;1213.63
12/20/2023;1288.27;1207.04
12/21/2023;1292.66;1212.02
12/22/2023;1297.03;1215.93
12/26/2023;1302.98;1222.27
12/27/2023;1311.34;1230.19
12/28/2023;1321.24;1241.08
12/29/2023;1327.42;1246.09
1/2/2024;1320.37;1239.64
1/3/2024;1311.79;1231.68
1/4/2024;1310.71;1230.77
1/5/2024;1314.56;1233.53
1/8/2024;1311.17;1229.25
1/9/2024;1310.55;1228.55
1/10/2024;1309.07;1225.99
1/11/2024;1315.31;1231.12
1/12/2024;1314.14;1230.06
1/16/2024;1299.88;1214.21
1/17/2024;1277.39;1191.13
1/18/2024;1277.16;1192.12
1/19/2024;1284.56;1197.87
1/22/2024;1287.04;1197.77
1/23/2024;1281.90;1194.03
1/24/2024;1292.42;1203.44
1/25/2024;1294.79;1207.07
1/26/2024;1294.40;1206.69
1/29/2024;1299.63;1211.37
1/30/2024;1298.82;1208.22
1/31/2024;1304.00;1211.60
2/1/2024;1307.14;1216.01
2/2/2024;1313.48;1220.95
2/5/2024;1304.56;1212.78
2/6/2024;1318.45;1225.78
2/7/2024;1322.31;1228.58
2/8/2024;1319.15;1227.24
2/9/2024;1313.14;1221.71
2/12/2024;1305.30;1214.76
2/13/2024;1307.47;1217.46
2/14/2024;1308.82;1219.92
2/15/2024;1318.94;1227.80
2/16/2024;1330.11;1240.35
2/20/2024;1334.82;1245.64
2/21/2024;1334.50;1245.05
2/22/2024;1344.71;1255.34
2/23/2024;1343.39;1252.84
2/26/2024;1344.45;1253.03
2/27/2024;1342.75;1252.42
2/28/2024;1333.71;1242.87
2/29/2024;1338.82;1248.05
3/1/2024;1344.33;1252.87
3/4/2024;1348.34;1256.31
3/5/2024;1345.10;1252.41
3/6/2024;1342.29;1248.17
3/7/2024;1344.77;1250.05
3/8/2024;1346.31;1252.47
3/11/2024;1344.60;1251.30
3/12/2024;1346.79;1254.82
3/13/2024;1331.81;1241.33
3/14/2024;1335.97;1247.74
3/15/2024;1329.20;1240.26
3/18/2024;1333.76;1245.02
3/19/2024;1326.49;1237.46
3/20/2024;1327.19;1239.80
3/21/2024;1346.13;1258.84
3/22/2024;1339.14;1253.06
3/25/2024;1338.66;1252.71
3/26/2024;1333.32;1249.29
3/27/2024;1337.11;1252.49
3/28/2024;1337.58;1253.42
4/1/2024;1347.40;1262.70
4/2/2024;1348.96;1265.86
4/3/2024;1350.52;1266.25
4/4/2024;1357.07;1272.89
4/5/2024;1355.73;1271.51
4/8/2024;1359.55;1275.50
4/9/2024;1365.63;1281.38
4/10/2024;1367.05;1281.97
4/11/2024;1360.97;1276.31
4/12/2024;1352.06;1266.81
4/15/2024;1335.90;1251.28
4/16/2024;1311.72;1228.27
4/17/2024;1319.27;1234.40
4/18/2024;1329.77;1242.71
4/19/2024;1313.62;1229.44
4/22/2024;1316.31;1233.96
4/23/2024;1326.32;1242.00
4/24/2024;1341.05;1254.82
4/25/2024;1337.96;1252.10
4/26/2024;1350.28;1263.68
4/29/2024;1364.07;1277.64
4/30/2024;1361.73;1274.57
5/1/2024;1362.02;1274.49
5/2/2024;1368.94;1281.50
5/3/2024;1373.89;1286.63
5/6/2024;1372.02;1286.02
5/7/2024;1368.54;1282.61
5/8/2024;1369.10;1282.23
5/9/2024;1357.43;1271.42
5/10/2024;1362.09;1277.23
5/13/2024;1360.86;1277.68
5/14/2024;1366.67;1282.59
5/15/2024;1374.59;1289.98
5/16/2024;1391.76;1306.82
5/17/2024;1397.97;1312.64
5/20/2024;1403.88;1316.47
5/21/2024;1394.62;1311.04
5/22/2024;1396.21;1312.11
5/23/2024;1388.10;1304.32
5/24/2024;1386.28;1301.08
5/28/2024;1391.24;1306.79
5/29/2024;1382.69;1296.85
5/30/2024;1366.45;1281.63
5/31/2024;1367.78;1282.67
6/3/2024;1381.97;1296.72
6/4/2024;1351.78;1269.68
6/5/2024;1361.29;1278.63
6/6/2024;1371.90;1288.91
6/7/2024;1382.26;1299.54
6/10/2024;1383.59;1300.61
6/11/2024;1382.62;1298.04
6/12/2024;1387.73;1302.03
6/13/2024;1395.42;1309.29
6/14/2024;1399.32;1312.75
6/17/2024;1398.30;1312.30
6/18/2024;1406.26;1320.50
;;
;;
;;
;;
;;
;;
;;
;;
;;
;;
;;
;;
;;
;;
;;
;;
;;
;;
;;
;;
;;
;;
;;
;;
;;
;;
;;
;;
;;
;;
;;
;;
;;
;;
;;
;;
;;
;;
;;
;;
;;
;;
;;
;;
;;
;;
;;
;;
;;
;;
;;
;;
;;
;;
;;
;;
;;
;;
;;
;;
;;
;;
;;
;;
;;
;;
;;
;;
;;
;;
;;
;;
;;
;;
;;
;;
;;
;;
;;
