Date;MSCIPriceUSD;SAMCO;STOXX
3-15-2019;1000.00;1000.00;1000.00
3-18-2019;1007.54;1007.87;1007.89
3-19-2019;1005.48;1007.63;1007.45
3-20-2019;1006.18;1007.10;1006.72
3-21-2019;1004.52;1004.98;1004.82
3-22-2019;996.87;992.00;992.44
3-25-2019;985.59;982.09;982.26
3-26-2019;990.90;986.61;986.24
3-27-2019;987.32;981.91;981.03
3-28-2019;985.15;980.50;978.66
3-29-2019;994.03;991.69;990.58
4-1-2019;1004.71;1001.94;1001.30
4-2-2019;1005.28;1003.20;1001.62
4-3-2019;1010.06;1009.42;1007.76
4-4-2019;1009.47;1008.32;1007.37
4-5-2019;1011.82;1011.09;1009.87
4-8-2019;1010.47;1010.79;1009.02
4-9-2019;1014.56;1014.29;1012.96
4-10-2019;1017.50;1017.39;1016.94
4-11-2019;1014.06;1012.04;1012.88
4-12-2019;1013.85;1012.84;1013.49
4-15-2019;1017.03;1013.44;1013.92
4-16-2019;1018.29;1015.13;1014.72
4-17-2019;1019.96;1016.01;1015.91
4-18-2019;1013.31;1010.70;1009.70
4-19-2019;1016.04;1012.94;1012.30
4-22-2019;1012.36;1010.86;1010.14
4-23-2019;1009.98;1007.55;1007.38
4-24-2019;1005.62;1003.67;1003.35
4-25-2019;999.48;995.92;995.98
4-26-2019;996.64;994.17;993.32
4-29-2019;995.61;995.16;993.19
4-30-2019;994.45;994.92;992.41
5-1-2019;995.14;995.45;992.79
5-2-2019;995.01;980.69;982.01
5-3-2019;996.88;983.87;984.95
5-6-2019;982.57;965.41;968.03
5-7-2019;980.24;962.21;964.77
5-8-2019;973.74;955.56;958.50
5-9-2019;955.98;937.46;938.55
5-10-2019;960.09;942.37;942.89
5-13-2019;939.74;924.13;923.39
5-14-2019;940.27;922.69;923.07
5-15-2019;943.19;927.46;929.36
5-16-2019;937.44;922.91;924.02
5-17-2019;926.58;911.30;910.73
5-20-2019;928.96;910.31;907.93
5-21-2019;932.64;916.81;914.41
5-22-2019;933.83;917.86;915.56
5-23-2019;923.97;906.05;904.81
5-24-2019;928.34;909.02;906.36
5-27-2019;934.76;915.39;911.87
5-28-2019;938.15;919.44;916.10
5-29-2019;932.33;914.35;910.30
5-30-2019;938.85;921.12;915.16
5-31-2019;942.84;925.23;918.67
6-3-2019;945.77;927.48;920.11
6-4-2019;946.76;927.74;920.79
6-5-2019;949.13;929.63;923.11
6-6-2019;945.16;925.71;919.29
6-7-2019;948.80;929.90;923.90
6-10-2019;955.71;938.87;931.84
6-11-2019;963.56;947.23;940.05
6-12-2019;960.10;942.45;935.65
6-13-2019;960.26;943.65;937.19
6-14-2019;953.10;935.73;929.63
6-17-2019;948.09;931.07;925.64
6-18-2019;952.77;937.30;931.24
6-19-2019;959.08;946.38;940.02
6-20-2019;973.59;960.80;954.90
6-21-2019;973.18;960.35;954.21
6-24-2019;973.61;961.57;955.86
6-25-2019;970.47;957.46;951.16
6-26-2019;971.61;959.39;952.22
6-27-2019;976.08;965.05;956.42
6-28-2019;977.44;966.58;956.47
7-1-2019;985.10;974.69;964.95
7-2-2019;984.11;974.83;964.10
7-3-2019;983.20;974.54;962.15
7-4-2019;988.28;979.58;966.41
7-5-2019;986.17;977.35;964.46
7-8-2019;974.25;964.56;951.24
7-9-2019;970.01;959.48;946.48
7-10-2019;975.92;965.64;951.85
7-11-2019;984.15;973.03;959.16
7-12-2019;982.32;970.69;956.88
7-15-2019;982.85;971.78;956.48
7-16-2019;984.26;973.05;956.97
7-17-2019;979.30;968.52;952.11
7-18-2019;977.72;966.28;950.87
7-19-2019;980.11;970.01;954.90
7-22-2019;975.99;965.10;951.12
7-23-2019;974.08;963.33;949.59
7-24-2019;971.37;960.50;947.86
7-25-2019;969.66;959.14;943.90
7-26-2019;966.98;955.97;940.60
7-29-2019;961.14;950.98;934.51
7-30-2019;956.98;948.21;932.06
7-31-2019;957.82;948.88;932.59
8-1-2019;947.61;938.58;921.66
8-2-2019;932.35;920.19;905.32
8-5-2019;903.48;891.37;875.30
8-6-2019;903.94;890.77;873.06
8-7-2019;905.81;893.08;876.03
8-8-2019;920.00;908.33;891.57
8-9-2019;919.39;906.33;889.80
8-12-2019;911.25;901.18;885.08
8-13-2019;901.51;892.33;877.61
8-14-2019;900.79;890.52;875.74
8-15-2019;895.58;886.39;871.68
8-16-2019;899.30;890.74;876.68
8-19-2019;903.84;897.04;883.03
8-20-2019;905.78;898.00;886.09
8-21-2019;911.35;903.03;892.07
8-22-2019;905.85;898.53;887.67
8-23-2019;902.20;895.63;884.51
8-26-2019;887.40;880.55;869.88
8-27-2019;891.01;884.63;873.68
8-28-2019;894.01;886.57;876.60
8-29-2019;896.56;889.49;879.63
8-30-2019;907.36;900.49;890.74
9-2-2019;910.27;904.71;895.23
9-3-2019;902.39;896.58;888.31
9-4-2019;913.79;909.06;899.96
9-5-2019;919.84;916.31;907.23
9-6-2019;922.24;919.13;909.64
9-9-2019;920.70;916.34;905.58
9-10-2019;919.59;916.30;905.22
9-11-2019;927.54;924.46;913.74
9-12-2019;934.25;930.25;919.56
9-13-2019;936.91;933.81;922.55
9-16-2019;936.17;933.12;922.93
9-17-2019;929.80;927.04;917.83
9-18-2019;933.98;931.46;921.82
9-19-2019;930.42;928.10;919.15
9-20-2019;937.49;933.30;922.82
9-23-2019;938.45;929.99;918.31
9-24-2019;935.97;924.49;914.04
9-25-2019;927.48;915.22;904.49
9-26-2019;929.89;917.62;905.33
9-27-2019;925.07;911.26;899.67
9-30-2019;923.72;909.48;899.36
10-1-2019;921.93;906.47;898.21
10-2-2019;916.87;900.77;892.22
10-3-2019;920.21;904.88;896.83
10-4-2019;922.84;907.98;900.90
10-7-2019;922.33;906.27;900.34
10-8-2019;922.81;906.48;900.72
10-9-2019;921.32;905.63;899.78
10-10-2019;920.87;906.69;900.75
10-11-2019;927.42;915.87;909.21
10-14-2019;933.82;923.29;917.48
10-15-2019;933.74;923.36;917.46
10-16-2019;935.05;925.21;919.95
10-17-2019;941.28;930.37;924.18
10-18-2019;944.98;932.69;926.34
10-21-2019;947.16;935.22;929.95
10-22-2019;952.85;940.58;934.61
10-23-2019;952.16;938.50;932.47
10-24-2019;956.16;943.74;937.49
10-25-2019;952.62;941.03;934.04
10-28-2019;957.76;946.10;938.58
10-29-2019;957.26;945.87;939.73
10-30-2019;955.31;943.43;937.22
10-31-2019;958.38;946.15;939.52
11-1-2019;961.83;951.65;944.36
11-4-2019;969.83;961.20;954.98
11-5-2019;969.78;963.00;955.41
11-6-2019;967.53;960.51;951.76
11-7-2019;968.02;963.12;953.45
11-8-2019;964.46;960.09;951.58
11-11-2019;955.60;950.95;941.56
11-12-2019;957.03;952.23;943.71
11-13-2019;949.13;942.78;936.03
11-14-2019;949.61;942.91;935.25
11-15-2019;954.91;946.91;940.42
11-18-2019;956.48;948.85;942.48
11-19-2019;956.58;950.78;943.33
11-20-2019;952.75;946.38;938.98
11-21-2019;946.69;939.24;926.93
11-22-2019;948.60;941.21;927.79
11-25-2019;953.87;947.03;933.80
11-26-2019;953.39;945.30;932.71
11-27-2019;954.74;945.44;932.16
11-28-2019;954.09;944.86;930.27
11-29-2019;952.16;941.19;926.31
12-2-2019;949.77;939.90;926.43
12-3-2019;947.51;939.00;924.83
12-4-2019;948.57;937.34;923.39
12-5-2019;949.95;940.19;926.04
12-6-2019;954.51;944.22;931.21
12-9-2019;956.13;944.98;930.92
12-10-2019;953.61;943.81;929.76
12-11-2019;958.50;950.00;934.73
12-12-2019;967.45;958.74;943.20
12-13-2019;975.98;967.14;951.76
12-16-2019;979.97;971.14;956.25
12-17-2019;985.74;977.85;963.12
12-18-2019;986.81;979.31;964.06
12-19-2019;988.52;980.19;965.00
12-20-2019;986.98;978.18;964.09
12-23-2019;988.93;980.35;964.99
12-24-2019;988.33;979.09;964.11
12-25-2019;989.76;980.06;965.40
12-26-2019;994.52;984.66;970.69
12-27-2019;1000.18;990.90;975.53
12-30-2019;1006.28;998.81;983.45
12-31-2019;1007.64;1000.11;984.71
1-1-2020;1008.43;1009.61;994.07
1-2-2020;1015.77;1005.22;989.91
1-3-2020;1009.55;991.46;977.11
1-6-2020;993.67;994.39;980.29
1-7-2020;997.37;985.23;970.49
1-8-2020;988.07;1002.26;988.04
1-9-2020;1005.35;1006.23;992.30
1-10-2020;1009.76;1014.07;1000.71
1-13-2020;1018.20;1018.22;1004.86
1-14-2020;1022.53;1018.37;1005.13
1-15-2020;1022.08;1021.67;1009.36
1-16-2020;1025.91;1026.57;1013.29
1-17-2020;1029.01;1026.19;1014.09
1-20-2020;1028.83;1014.39;1002.14
1-21-2020;1019.27;1019.68;1007.46
1-22-2020;1023.69;1013.58;999.51
1-23-2020;1021.03;1013.57;998.77
1-24-2020;1020.78;1001.97;987.29
1-27-2020;1009.02;997.20;982.52
1-28-2020;1005.18;989.77;977.46
1-29-2020;1002.02;960.68;949.56
1-30-2020;973.38;953.63;941.62
1-31-2020;966.86;949.37;935.55
2-3-2020;961.02;968.10;953.61
2-4-2020;977.26;972.39;957.79
2-5-2020;981.40;983.10;968.06
2-6-2020;989.13;972.84;957.52
2-7-2020;978.68;967.08;953.09
2-10-2020;971.72;978.56;964.77
2-11-2020;983.33;987.20;973.56
2-12-2020;990.63;985.07;971.98
2-13-2020;988.47;984.78;973.26
2-14-2020;989.33;986.04;975.28
2-17-2020;989.23;977.21;966.47
2-18-2020;980.89;982.08;971.56
2-19-2020;986.26;976.48;965.40
2-20-2020;981.13;967.30;956.70
2-21-2020;973.31;943.20;932.77
2-24-2020;948.46;945.37;936.63
2-25-2020;950.62;931.69;923.20
2-26-2020;936.27;916.77;907.99
2-27-2020;918.35;894.84;885.96
2-28-2020;897.98;905.75;898.58
3-2-2020;905.83;915.64;907.94
3-3-2020;916.71;919.18;912.86
3-4-2020;919.68;917.83;912.73
3-5-2020;916.72;897.80;895.69
3-6-2020;897.29;842.15;840.74
3-9-2020;837.19;854.22;853.09
3-10-2020;851.30;837.34;835.68
3-11-2020;833.68;771.74;770.49
3-12-2020;763.78;764.05;760.20
3-13-2020;756.38;713.11;708.49
3-16-2020;705.11;700.57;697.91
3-17-2020;692.29;660.68;659.22
3-18-2020;654.69;624.69;624.07
3-19-2020;617.39;658.21;658.30
3-20-2020;650.07;614.55;618.21
3-23-2020;604.89;645.04;648.16
3-24-2020;632.25;679.29;681.36
3-25-2020;663.92;698.57;698.33
3-26-2020;682.47;696.92;697.36
3-27-2020;681.50;690.95;692.22
3-30-2020;676.96;703.12;705.06
3-31-2020;688.95;688.34;692.17
4-1-2020;675.74;694.36;698.27
4-2-2020;681.26;689.21;692.17
4-3-2020;676.13;706.90;709.08
4-6-2020;692.68;726.80;728.75
4-7-2020;714.85;731.45;733.23
4-8-2020;720.43;743.63;745.60
4-9-2020;732.61;745.69;746.36
4-10-2020;734.49;740.02;740.97
4-13-2020;729.33;754.86;756.80
4-14-2020;744.24;751.64;753.34
4-15-2020;741.62;750.61;753.74
4-16-2020;740.21;763.24;766.04
4-17-2020;751.72;766.87;771.50
4-20-2020;755.45;747.96;753.66
4-21-2020;737.03;754.73;760.85
4-22-2020;743.82;759.22;765.76
4-23-2020;751.13;746.24;754.29
4-24-2020;740.10;763.66;769.95
4-27-2020;756.09;772.27;775.60
4-28-2020;763.81;786.65;788.79
4-29-2020;777.94;790.57;792.23
4-30-2020;783.34;787.03;787.72
5-1-2020;780.37;765.33;770.57
5-4-2020;759.71;769.35;774.99
5-5-2020;763.69;771.79;778.97
5-6-2020;764.23;772.36;781.54
5-7-2020;766.30;784.48;793.87
5-8-2020;776.06;785.98;795.78
5-11-2020;776.64;781.56;791.56
5-12-2020;773.24;781.19;791.09
5-13-2020;772.78;774.19;783.03
5-14-2020;765.97;776.54;787.36
5-15-2020;769.18;780.24;790.70
5-18-2020;771.20;789.73;800.95
5-19-2020;780.11;794.41;805.55
5-20-2020;786.67;799.40;808.80
5-21-2020;793.09;782.99;792.00
5-22-2020;781.08;791.67;800.46
5-25-2020;790.36;804.74;815.13
5-26-2020;802.52;808.38;816.56
5-27-2020;806.09;803.37;810.74
5-28-2020;801.68;804.42;813.34
5-29-2020;800.74;825.72;835.88
6-1-2020;822.25;840.20;849.91
6-2-2020;836.68;855.91;865.02
6-3-2020;851.31;856.71;865.47
6-4-2020;853.56;872.70;879.81
6-5-2020;872.01;881.86;888.35
6-8-2020;883.04;884.64;891.28
6-9-2020;882.41;886.08;893.35
6-10-2020;884.58;870.02;878.47
6-11-2020;869.58;862.58;871.68
6-12-2020;862.37;840.66;850.93
6-15-2020;840.32;864.42;875.47
6-16-2020;862.54;867.85;879.68
6-17-2020;865.96;871.56;884.34
6-18-2020;868.56;875.44;889.77
6-19-2020;872.70;878.46;892.43
6-22-2020;875.42;883.76;898.42
6-23-2020;881.86;881.04;897.61
6-24-2020;878.76;877.56;894.60
6-25-2020;875.27;873.00;891.69
6-26-2020;870.65;867.77;887.08
6-29-2020;867.66;870.48;890.99
6-30-2020;870.12;876.22;895.86
7-1-2020;877.16;894.25;913.83
7-2-2020;892.25;902.48;922.03
7-3-2020;900.10;925.73;943.07
7-6-2020;919.69;920.01;940.21
7-7-2020;915.20;927.82;951.01
7-8-2020;922.48;934.35;960.60
7-9-2020;928.27;924.78;951.32
7-10-2020;920.69;931.85;956.93
7-13-2020;928.73;920.74;946.12
7-14-2020;917.77;925.40;948.90
7-15-2020;924.23;913.21;934.36
7-16-2020;915.02;915.55;937.71
7-17-2020;919.44;927.39;949.77
7-20-2020;927.86;940.72;964.88
7-21-2020;941.93;941.25;964.11
7-22-2020;946.30;941.24;965.13
7-23-2020;947.63;925.41;947.05
7-24-2020;933.55;928.01;951.68
7-27-2020;937.26;930.42;953.13
7-28-2020;937.55;939.53;962.35
7-29-2020;943.85;938.52;962.36
7-30-2020;942.65;939.67;965.62
7-31-2020;946.01;939.64;969.18
8-3-2020;944.96;948.47;979.91
8-4-2020;954.36;964.17;996.96
8-5-2020;969.12;968.12;1002.19
8-6-2020;973.19;962.27;992.91
8-7-2020;968.23;963.84;990.89
8-10-2020;969.70;965.95;991.27
8-11-2020;971.67;962.65;985.45
8-12-2020;964.85;965.15;989.77
8-13-2020;968.07;963.08;985.85
8-14-2020;966.28;965.42;988.22
8-17-2020;965.56;963.75;986.25
8-18-2020;966.13;967.04;989.76
8-19-2020;971.13;946.75;970.30
8-20-2020;951.31;956.63;980.07
8-21-2020;962.30;967.44;990.24
8-24-2020;973.52;976.43;998.61
8-25-2020;979.34;977.68;999.67
8-26-2020;981.01;975.06;997.87
8-27-2020;978.88;981.69;1005.91
8-28-2020;986.99;975.76;1000.87
8-31-2020;982.88;987.27;1013.32
9-1-2020;991.84;990.02;1017.03
9-2-2020;994.73;986.72;1011.25
9-3-2020;994.20;981.15;1004.62
9-4-2020;988.12;980.56;1002.65
9-7-2020;986.92;972.98;994.31
9-8-2020;980.45;972.18;991.47
9-9-2020;977.80;972.29;989.40
9-10-2020;978.43;972.32;992.82
9-11-2020;978.22;986.37;1009.25
9-14-2020;993.98;995.06;1020.17
9-15-2020;1002.15;998.50;1023.94
9-16-2020;1004.70;994.89;1019.09
9-17-2020;1000.40;1001.89;1027.65
9-18-2020;1005.83;978.63;1005.72
9-21-2020;983.56;966.12;992.70
9-22-2020;970.55;959.67;986.33
9-23-2020;964.22;936.48;961.20
9-24-2020;941.71;937.37;960.74
9-25-2020;941.82;952.30;975.16
9-28-2020;956.42;955.90;980.58
9-29-2020;959.90;961.09;986.52
9-30-2020;965.56;967.07;992.50
10-1-2020;971.02;965.71;990.17
10-2-2020;969.52;975.98;1000.75
10-5-2020;978.55;985.03;1008.73
10-6-2020;987.78;986.99;1012.17
10-7-2020;989.06;994.54;1018.41
10-8-2020;995.80;996.11;1023.14
10-9-2020;998.17;999.23;1028.64
10-12-2020;1001.41;996.15;1025.62
10-13-2020;999.47;995.41;1027.98
10-14-2020;998.99;984.46;1018.31
10-15-2020;989.40;983.98;1017.26
10-16-2020;988.43;986.69;1017.74
10-19-2020;991.59;993.97;1025.20
10-20-2020;997.87;998.40;1028.14
10-21-2020;1001.17;997.49;1024.66
10-22-2020;998.70;999.43;1023.19
10-23-2020;999.72;989.14;1011.20
10-26-2020;987.93;986.85;1012.63
10-27-2020;986.31;977.31;1004.51
10-28-2020;977.20;974.20;1006.80
10-29-2020;972.96;960.21;990.80
10-30-2020;959.68;963.50;995.19
11-2-2020;961.47;977.70;1011.82
11-3-2020;975.98;984.43;1020.96
11-4-2020;983.33;1010.98;1052.23
11-5-2020;1007.70;1017.98;1056.46
11-6-2020;1013.07;1037.46;1075.98
11-9-2020;1034.60;1035.45;1066.81
11-10-2020;1032.08;1039.83;1069.16
11-11-2020;1035.88;1036.07;1071.30
11-12-2020;1032.75;1039.03;1072.15
11-13-2020;1036.51;1049.72;1083.86
11-16-2020;1050.02;1055.64;1087.87
11-17-2020;1054.80;1065.12;1094.50
11-18-2020;1063.18;1063.44;1096.64
11-19-2020;1061.94;1069.60;1104.13
11-20-2020;1067.76;1077.79;1117.83
11-23-2020;1076.83;1080.64;1116.68
11-24-2020;1080.11;1078.83;1113.82
11-25-2020;1078.72;1089.57;1124.40
11-26-2020;1089.95;1099.62;1134.63
11-27-2020;1099.84;1092.86;1126.13
11-30-2020;1094.17;1103.93;1130.36
12-1-2020;1105.87;1110.01;1138.94
12-2-2020;1112.10;1117.96;1143.17
12-3-2020;1119.23;1126.40;1149.33
12-4-2020;1128.47;1131.29;1154.76
12-7-2020;1133.00;1129.63;1154.25
12-8-2020;1132.87;1132.22;1151.57
12-9-2020;1136.87;1132.48;1153.14
12-10-2020;1136.81;1133.84;1149.55
12-11-2020;1138.21;1136.60;1151.24
12-14-2020;1140.41;1137.71;1152.54
12-15-2020;1140.08;1150.49;1166.18
12-16-2020;1153.65;1156.26;1174.13
12-17-2020;1158.78;1157.11;1175.23
12-18-2020;1158.88;1143.84;1167.50
12-21-2020;1142.85;1130.06;1151.58
12-22-2020;1130.26;1137.73;1157.88
12-23-2020;1139.91;1143.64;1160.89
12-24-2020;1146.08;1145.39;1162.56
12-25-2020;1147.49;1153.71;1165.17
12-28-2020;1155.55;1162.53;1176.98
12-29-2020;1165.41;1173.48;1191.25
12-30-2020;1174.99;1177.14;1194.17
12-31-2020;1176.02;1198.32;1218.67
1-1-2021;1178.13;1201.08;1222.69
1-4-2021;1197.42;1199.91;1216.14
1-5-2021;1196.56;1207.48;1228.37
1-6-2021;1194.32;1220.23;1242.90
1-7-2021;1202.26;1207.21;1233.71
1-8-2021;1211.53;1210.69;1237.00
1-11-2021;1202.98;1219.50;1244.78
1-12-2021;1204.24;1228.67;1251.76
1-13-2021;1212.96;1213.41;1233.51
1-14-2021;1222.37;1208.51;1228.47
1-15-2021;1207.42;1225.74;1248.03
1-18-2021;1201.29;1233.93;1255.91
1-19-2021;1216.72;1234.49;1259.27
1-20-2021;1223.10;1228.25;1257.99
1-21-2021;1225.03;1233.95;1260.85
1-22-2021;1219.52;1226.57;1252.77
1-25-2021;1223.92;1216.82;1239.28
1-26-2021;1216.26;1198.04;1221.11
1-27-2021;1208.74;1183.29;1206.80
1-28-2021;1189.84;1206.00;1228.57
1-29-2021;1176.56;1228.91;1247.81
2-1-2021;1196.61;1240.45;1259.41
2-2-2021;1217.63;1238.19;1254.33
2-3-2021;1227.39;1242.68;1257.86
2-4-2021;1225.32;1253.36;1269.82
2-5-2021;1231.51;1258.08;1279.84
2-8-2021;1242.79;1267.03;1287.44
2-9-2021;1246.75;1272.88;1292.82
2-10-2021;1253.98;1275.51;1294.97
2-11-2021;1259.63;1284.39;1302.70
2-12-2021;1261.10;1294.61;1310.31
2-15-2021;1270.74;1294.47;1307.32
2-16-2021;1278.60;1286.73;1297.34
2-17-2021;1280.25;1290.42;1303.89
2-18-2021;1276.35;1271.92;1282.08
2-19-2021;1279.70;1272.92;1277.63
2-22-2021;1268.09;1255.83;1263.18
2-23-2021;1267.53;1271.76;1271.63
2-24-2021;1252.72;1246.18;1246.85
2-25-2021;1268.13;1260.85;1265.89
2-26-2021;1246.05;1254.22;1252.19
3-1-2021;1257.23;1266.32;1261.63
3-2-2021;1253.98;1252.20;1243.81
3-3-2021;1267.56;1239.89;1233.19
3-4-2021;1259.36;1212.38;1202.00
3-5-2021;1248.08;1212.84;1207.31
3-8-2021;1225.61;1221.51;1214.93
3-9-2021;1222.14;1249.34;1247.37
3-10-2021;1231.97;1255.55;1252.53
3-11-2021;1255.14;1253.59;1249.76
3-12-2021;1261.19;1267.36;1261.54
3-15-2021;1260.61;1264.95;1261.49
3-16-2021;1272.60;1265.68;1258.55
3-17-2021;1268.69;1261.62;1255.42
3-18-2021;1270.95;1262.05;1254.96
3-19-2021;1267.01;1250.32;1241.54
3-22-2021;1266.48;1231.75;1222.07
3-23-2021;1257.22;1226.92;1217.45
3-24-2021;1244.49;1241.78;1232.23
3-25-2021;1238.21;1243.15;1228.85
3-26-2021;1252.88;1254.90;1239.48
3-29-2021;1253.46;1255.77;1242.20
3-30-2021;1262.15;1265.31;1253.90
3-31-2021;1263.67;1265.70;1254.65
4-1-2021;1273.59;1264.64;1251.81
4-2-2021;1274.31;1273.83;1261.75
4-5-2021;1273.97;1279.85;1266.36
4-6-2021;1282.82;1289.81;1275.87
4-7-2021;1288.36;1283.26;1269.49
4-8-2021;1296.97;1268.72;1253.27
4-9-2021;1293.51;1268.51;1252.69
4-12-2021;1280.08;1276.75;1261.56
4-13-2021;1279.64;1281.80;1264.42
4-14-2021;1286.41;1296.20;1278.65
4-15-2021;1292.88;1304.65;1285.60
4-16-2021;1306.71;1309.27;1288.42
4-19-2021;1312.37;1303.16;1280.24
4-20-2021;1318.30;1303.04;1283.94
4-21-2021;1314.22;1310.09;1291.88
4-22-2021;1314.67;1324.28;1306.71
4-23-2021;1320.02;1328.67;1309.81
4-26-2021;1336.02;1328.90;1309.24
4-27-2021;1341.50;1329.81;1308.69
4-28-2021;1342.95;1320.01;1297.87
4-29-2021;1345.90;1306.15;1282.63
4-30-2021;1337.25;1292.98;1270.57
5-3-2021;1324.02;1295.74;1269.82
5-4-2021;1309.20;1304.51;1277.00
5-5-2021;1310.84;1318.21;1290.00
5-6-2021;1319.98;1332.81;1299.29
5-7-2021;1337.27;1314.31;1280.48
5-10-2021;1350.80;1287.99;1259.53
5-11-2021;1329.79;1272.38;1242.66
5-12-2021;1304.74;1279.41;1251.95
5-13-2021;1291.12;1270.18;1244.13
5-14-2021;1296.21;1299.34;1269.63
5-17-2021;1285.89;1298.54;1268.28
5-18-2021;1313.41;1295.82;1268.08
5-19-2021;1311.22;1301.86;1274.46
5-20-2021;1309.62;1306.79;1278.91
5-21-2021;1317.08;1317.65;1290.92
5-24-2021;1322.41;1328.18;1302.77
5-25-2021;1331.96;1342.29;1316.15
5-26-2021;1342.70;1348.10;1319.98
5-27-2021;1354.66;1356.06;1329.83
5-28-2021;1360.56;1367.83;1341.06
5-31-2021;1368.38;1371.32;1339.83
6-1-2021;1378.13;1374.06;1341.90
6-2-2021;1381.11;1373.00;1339.68
6-3-2021;1387.09;1378.47;1346.07
6-4-2021;1385.10;1381.13;1348.85
6-7-2021;1392.99;1374.54;1343.78
6-8-2021;1394.17;1384.33;1351.26
6-9-2021;1387.77;1387.97;1355.60
6-10-2021;1399.39;1389.90;1357.55
6-11-2021;1400.79;1388.00;1352.96
6-14-2021;1402.12;1380.64;1344.97
6-15-2021;1401.88;1375.49;1340.27
6-16-2021;1394.63;1375.97;1343.88
6-17-2021;1386.78;1367.17;1336.26
6-18-2021;1385.36;1372.00;1340.68
6-21-2021;1371.73;1379.41;1345.97
6-22-2021;1376.65;1385.51;1352.09
6-23-2021;1381.98;1390.43;1359.85
6-24-2021;1386.85;1395.57;1367.48
6-25-2021;1392.61;1393.84;1364.07
6-28-2021;1395.36;1397.00;1370.48
6-29-2021;1391.63;1389.55;1363.93
6-30-2021;1397.30;1386.49;1360.43
7-1-2021;1390.75;1396.62;1370.78
7-2-2021;1390.71;1385.70;1362.91
7-5-2021;1401.06;1382.02;1358.11
7-6-2021;1392.88;1364.62;1343.48
7-7-2021;1389.18;1364.32;1341.95
7-8-2021;1375.63;1375.34;1353.07
7-9-2021;1374.27;1378.48;1353.88
7-12-2021;1385.67;1378.62;1352.78
7-13-2021;1387.58;1388.72;1365.55
7-14-2021;1390.65;1387.67;1364.64
7-15-2021;1401.69;1369.51;1347.79
7-16-2021;1401.01;1355.79;1333.70
7-19-2021;1386.39;1357.52;1333.93
7-20-2021;1374.11;1371.07;1346.23
7-21-2021;1375.52;1364.15;1337.51
7-22-2021;1390.46;1346.34;1319.43
7-23-2021;1387.51;1328.27;1299.56
7-26-2021;1379.52;1332.48;1304.19
7-27-2021;1365.43;1355.56;1328.34
7-28-2021;1361.87;1345.41;1316.71
7-29-2021;1384.67;1359.17;1331.10
7-30-2021;1375.52;1356.27;1328.81
8-2-2021;1387.10;1360.81;1334.52
8-3-2021;1385.12;1358.98;1332.99
8-4-2021;1389.50;1352.54;1328.62
8-5-2021;1389.20;1347.76;1323.68
8-6-2021;1384.30;1344.04;1320.20
8-9-2021;1377.11;1337.82;1312.95
8-10-2021;1370.86;1339.07;1314.63
8-11-2021;1363.95;1328.28;1300.70
8-12-2021;1367.69;1317.97;1289.39
8-13-2021;1355.35;1298.71;1269.04
8-16-2021;1345.57;1309.96;1282.36
8-17-2021;1328.06;1282.80;1252.82
8-18-2021;1339.38;1270.20;1242.82
8-19-2021;1314.34;1290.95;1263.60
8-20-2021;1302.93;1314.31;1288.10
8-23-2021;1320.52;1323.15;1298.32
8-24-2021;1341.71;1315.61;1291.11
8-25-2021;1352.19;1325.57;1299.37
8-26-2021;1347.55;1343.36;1316.85
8-27-2021;1357.88;1359.45;1332.06
8-30-2021;1374.37;1365.07;1339.21
8-31-2021;1387.53;1363.13;1338.04
9-1-2021;1393.46;1370.02;1343.22
9-2-2021;1391.05;1374.77;1346.06
9-3-2021;1396.73;1372.27;1346.09
9-6-2021;1400.03;1352.73;1326.18
9-7-2021;1396.46;1355.56;1328.10
9-8-2021;1375.29;1361.22;1335.12
9-9-2021;1379.50;1359.53;1330.90
9-10-2021;1386.52;1360.79;1330.10
9-13-2021;1386.40;1360.66;1330.16
9-14-2021;1391.30;1352.34;1322.10
9-15-2021;1391.75;1349.53;1321.40
9-16-2021;1386.13;1328.77;1302.28
9-17-2021;1381.99;1335.63;1306.47
9-20-2021;1361.84;1339.84;1311.20
9-21-2021;1367.90;1349.22;1315.60
9-22-2021;1372.32;1343.53;1310.63
9-23-2021;1381.84;1340.69;1307.93
9-24-2021;1378.02;1325.41;1290.83
9-27-2021;1374.37;1317.50;1282.19
9-28-2021;1357.23;1326.86;1289.98
9-29-2021;1349.05;1317.50;1279.45
9-30-2021;1357.51;1311.54;1274.83
10-1-2021;1348.84;1312.22;1272.99
10-4-2021;1344.31;1295.10;1255.77
10-5-2021;1346.46;1318.71;1278.89
10-6-2021;1329.75;1318.94;1280.45
10-7-2021;1352.98;1319.56;1282.16
10-8-2021;1353.48;1310.75;1273.26
10-11-2021;1353.11;1318.68;1279.60
10-12-2021;1345.98;1328.60;1291.83
10-13-2021;1352.65;1340.47;1302.20
10-14-2021;1364.42;1341.32;1302.78
10-15-2021;1377.33;1345.96;1306.69
10-18-2021;1380.33;1342.57;1305.29
10-19-2021;1383.73;1332.66;1296.63
10-20-2021;1379.87;1326.93;1290.48
10-21-2021;1370.08;1330.81;1296.20
10-22-2021;1363.95;1335.88;1302.48
10-25-2021;1366.67;1330.77;1297.43
10-26-2021;1373.63;1320.52;1288.81
10-27-2021;1370.76;1315.34;1285.09
10-28-2021;1361.69;1320.63;1289.71
10-29-2021;1359.87;1321.43;1291.34
11-1-2021;1364.54;1324.09;1290.95
11-2-2021;1366.46;1327.21;1293.52
11-3-2021;1369.41;1326.23;1291.95
11-4-2021;1374.10;1335.48;1299.98
11-5-2021;1375.06;1344.99;1307.19
11-8-2021;1383.79;1335.95;1297.01
11-9-2021;1393.59;1338.81;1298.99
11-10-2021;1383.81;1346.44;1305.65
11-11-2021;1385.61;1349.33;1310.48
11-12-2021;1390.43;1346.55;1306.40
11-15-2021;1396.28;1340.46;1301.72
11-16-2021;1390.74;1332.49;1293.84
11-17-2021;1385.79;1330.51;1293.64
11-18-2021;1378.60;1319.76;1283.44
11-19-2021;1376.14;1311.47;1274.62
11-22-2021;1365.64;1316.43;1278.72
11-23-2021;1357.08;1318.54;1280.42
11-24-2021;1361.07;1283.55;1248.67
11-25-2021;1364.24;1277.35;1239.89
11-26-2021;1329.59;1275.28;1236.66
11-29-2021;1320.75;1282.73;1248.12
11-30-2021;1318.98;1284.34;1249.46
12-1-2021;1326.70;1289.06;1255.63
12-2-2021;1328.57;1282.08;1249.59
12-3-2021;1335.95;1296.35;1262.01
12-6-2021;1329.62;1309.87;1272.93
12-7-2021;1343.23;1314.84;1278.24
12-8-2021;1356.09;1308.59;1273.08
12-9-2021;1360.58;1299.90;1267.79
12-10-2021;1355.41;1287.76;1258.06
12-13-2021;1348.88;1284.32;1255.27
12-14-2021;1337.77;1292.00;1261.36
12-15-2021;1335.60;1284.53;1253.35
12-16-2021;1343.68;1257.49;1229.45
12-17-2021;1335.87;1274.78;1245.35
12-20-2021;1308.45;1280.80;1251.70
12-21-2021;1324.96;1293.43;1261.87
12-22-2021;1332.26;1295.19;1263.89
12-23-2021;1345.21;1299.18;1268.37
12-24-2021;1347.48;1306.54;1275.00
12-27-2021;1351.63;1302.64;1274.36
12-28-2021;1359.70;1308.49;1279.97
12-29-2021;1357.76;1316.11;1286.90
12-30-2021;1364.49;1318.56;1288.99
12-31-2021;1371.28;1313.67;1286.91
1-3-2022;1372.83;1302.50;1276.99
1-4-2022;1371.47;1292.66;1264.75
1-5-2022;1362.81;1294.74;1266.40
1-6-2022;1351.48;1300.87;1269.58
1-7-2022;1352.72;1299.57;1266.03
1-10-2022;1357.40;1317.47;1283.95
1-11-2022;1355.86;1315.41;1281.10
1-12-2022;1373.29;1309.97;1275.70
1-13-2022;1373.22;1308.91;1274.72
1-14-2022;1368.71;1294.65;1258.40
1-17-2022;1370.31;1293.91;1255.06
1-18-2022;1355.27;1304.87;1264.84
1-19-2022;1353.32;1284.11;1245.76
1-20-2022;1362.54;1255.51;1216.08
1-21-2022;1342.21;1241.47;1201.77
1-24-2022;1311.40;1241.79;1203.73
1-25-2022;1300.19;1224.86;1186.51
1-26-2022;1303.34;1230.40;1195.50
1-27-2022;1288.23;1245.40;1208.35
1-28-2022;1294.66;1250.79;1213.47
1-31-2022;1310.18;1251.96;1215.46
2-1-2022;1315.57;1252.85;1218.49
2-2-2022;1317.91;1258.77;1223.57
2-3-2022;1318.46;1263.01;1227.85
2-4-2022;1321.81;1265.58;1229.19
2-7-2022;1326.42;1283.54;1245.10
2-8-2022;1327.32;1285.82;1244.41
2-9-2022;1342.59;1268.77;1227.77
2-10-2022;1343.21;1242.62;1202.48
2-11-2022;1326.43;1253.80;1209.43
2-14-2022;1298.82;1269.43;1228.13
2-15-2022;1308.36;1266.33;1223.82
2-16-2022;1325.10;1266.63;1225.82
2-17-2022;1321.85;1259.92;1218.37
2-18-2022;1322.10;1242.33;1200.63
2-21-2022;1313.70;1252.07;1210.72
2-22-2022;1295.55;1199.72;1156.95
2-23-2022;1306.15;1226.27;1183.92
2-24-2022;1250.27;1224.00;1182.75
2-25-2022;1278.12;1231.30;1188.25
2-28-2022;1276.32;1226.42;1186.39
3-1-2022;1283.45;1235.47;1196.16
3-2-2022;1278.65;1211.46;1173.87
3-3-2022;1287.84;1173.96;1136.04
3-4-2022;1263.55;1158.75;1120.59
3-7-2022;1226.61;1176.99;1138.07
3-8-2022;1212.84;1193.57;1154.22
3-9-2022;1229.73;1186.75;1151.48
3-10-2022;1246.28;1165.58;1133.19
3-11-2022;1242.53;1144.23;1115.83
3-14-2022;1225.09;1180.63;1145.51
3-15-2022;1205.13;1213.94;1175.51
3-16-2022;1233.49;1213.78;1173.06
3-17-2022;1264.95;1208.48;1170.55
3-18-2022;1273.92;1220.05;1179.37
3-21-2022;1272.24;1227.63;1185.39
3-22-2022;1282.46;1232.05;1190.23
3-23-2022;1289.55;1225.48;1187.96
3-24-2022;1295.31;1219.28;1180.60
3-25-2022;1292.04;1229.32;1191.67
3-28-2022;1285.53;1241.14;1202.46
3-29-2022;1297.86;1236.76;1201.28
3-30-2022;1309.33;1243.04;1206.63
3-31-2022;1307.80;1257.61;1219.10
4-1-2022;1314.14;1258.35;1220.64
4-4-2022;1327.13;1250.09;1212.76
4-5-2022;1329.00;1227.54;1193.93
4-6-2022;1320.92;1233.45;1198.18
4-7-2022;1301.41;1217.02;1185.09
4-8-2022;1307.39;1209.46;1178.51
4-11-2022;1293.46;1219.74;1187.37
4-12-2022;1286.21;1223.10;1188.79
4-13-2022;1295.50;1218.09;1184.34
4-14-2022;1297.17;1207.91;1175.56
4-15-2022;1292.36;1207.03;1175.64
4-18-2022;1282.75;1207.25;1177.52
4-19-2022;1283.14;1205.20;1176.56
4-20-2022;1285.19;1192.83;1163.03
4-21-2022;1285.96;1158.84;1130.19
4-22-2022;1270.15;1160.86;1129.78
4-25-2022;1236.84;1151.96;1119.00
4-26-2022;1237.63;1157.87;1120.26
4-27-2022;1227.39;1168.10;1129.68
4-28-2022;1230.85;1160.85;1121.82
4-29-2022;1238.93;1161.45;1120.67
5-2-2022;1229.56;1157.71;1115.85
5-3-2022;1229.58;1154.36;1114.38
5-4-2022;1224.46;1128.40;1092.39
5-5-2022;1222.87;1099.93;1063.92
5-6-2022;1197.16;1095.85;1060.29
5-9-2022;1167.52;1091.77;1056.08
5-10-2022;1162.66;1068.95;1032.57
5-11-2022;1157.03;1089.38;1050.06
5-12-2022;1131.82;1095.99;1054.83
5-13-2022;1151.09;1116.23;1073.85
5-16-2022;1156.20;1117.72;1075.73
5-17-2022;1178.38;1103.19;1063.38
5-18-2022;1179.47;1119.21;1079.51
5-19-2022;1164.33;1123.31;1084.45
5-20-2022;1180.60;1107.88;1068.76
5-23-2022;1184.13;1109.99;1068.68
5-24-2022;1168.82;1116.43;1074.20
5-25-2022;1167.43;1130.06;1086.54
5-26-2022;1173.33;1150.74;1105.86
5-27-2022;1187.91;1160.15;1112.52
5-30-2022;1209.54;1156.72;1110.47
5-31-2022;1215.56;1151.90;1106.64
6-1-2022;1213.61;1149.70;1105.67
6-2-2022;1209.65;1150.16;1105.10
6-3-2022;1207.12;1139.11;1092.66
6-6-2022;1205.45;1143.68;1093.90
6-7-2022;1193.70;1137.09;1088.97
6-8-2022;1195.75;1123.25;1075.01
6-9-2022;1191.18;1081.79;1032.28
6-10-2022;1176.84;1079.98;1028.39
6-13-2022;1131.78;1077.67;1024.46
6-14-2022;1127.46;1063.95;1013.68
6-15-2022;1126.97;1057.24;1007.72
6-16-2022;1113.10;1039.48;987.55
6-17-2022;1105.29;1059.90;1005.45
6-20-2022;1084.29;1036.21;981.94
6-21-2022;1104.97;1035.45;976.99
6-22-2022;1080.39;1053.53;994.79
6-23-2022;1078.65;1071.15;1012.50
6-24-2022;1095.77;1068.49;1010.10
6-27-2022;1113.73;1054.33;997.29
6-28-2022;1109.22;1040.54;984.77
6-29-2022;1096.84;1026.82;972.17
6-30-2022;1082.76;1025.48;968.84
7-1-2022;1068.49;1027.38;970.91
7-4-2022;1064.72;1014.22;959.23
7-5-2022;1064.97;1030.09;974.71
7-6-2022;1054.16;1035.76;980.16
7-7-2022;1070.30;1025.57;973.49
7-8-2022;1076.27;1007.87;957.63
7-11-2022;1068.22;1012.89;963.23
7-12-2022;1050.84;1009.53;959.44
7-13-2022;1055.56;1006.59;957.61
7-14-2022;1050.93;1023.20;973.69
7-15-2022;1050.54;1028.72;980.16
7-18-2022;1067.96;1033.42;986.10
7-19-2022;1074.73;1037.93;990.43
7-20-2022;1081.04;1036.73;989.99
7-21-2022;1086.41;1037.80;990.46
7-22-2022;1086.55;1035.28;987.31
7-25-2022;1087.24;1038.73;991.62
7-26-2022;1083.25;1047.08;1000.02
7-27-2022;1088.26;1052.31;1008.43
7-28-2022;1097.71;1055.38;1013.75
7-29-2022;1106.94;1046.13;1005.15
8-1-2022;1112.27;1043.01;1003.27
8-2-2022;1102.66;1048.99;1009.69
8-3-2022;1099.22;1060.20;1019.80
8-4-2022;1106.24;1060.95;1020.77
8-5-2022;1117.39;1061.64;1021.74
8-8-2022;1118.36;1061.05;1022.08
8-9-2022;1119.53;1073.82;1033.60
8-10-2022;1120.34;1081.62;1039.88
8-11-2022;1132.53;1083.56;1041.38
8-12-2022;1139.71;1083.80;1041.59
8-15-2022;1142.19;1083.47;1041.26
8-16-2022;1143.49;1079.15;1038.71
8-17-2022;1143.44;1070.87;1029.85
8-18-2022;1140.18;1058.53;1016.82
8-19-2022;1131.76;1058.70;1016.69
8-22-2022;1117.93;1061.18;1019.85
8-23-2022;1118.73;1073.63;1031.39
8-24-2022;1122.72;1076.96;1033.46
8-25-2022;1134.55;1059.74;1016.32
8-26-2022;1138.14;1066.81;1023.57
8-29-2022;1121.68;1069.31;1026.30
8-30-2022;1129.24;1054.86;1012.17
8-31-2022;1131.56;1052.35;1011.77
9-1-2022;1117.74;1048.24;1007.34
9-2-2022;1117.85;1044.57;1005.21
9-5-2022;1113.67;1037.83;998.50
9-6-2022;1109.16;1046.17;1006.65
9-7-2022;1101.99;1055.05;1013.21
9-8-2022;1112.00;1063.98;1020.75
9-9-2022;1120.06;1064.69;1022.34
9-12-2022;1129.13;1052.70;1011.58
9-13-2022;1128.81;1050.82;1008.49
9-14-2022;1117.20;1033.50;992.94
9-15-2022;1114.33;1023.25;981.80
9-16-2022;1098.11;1030.31;988.13
9-19-2022;1087.30;1017.94;977.74
9-20-2022;1095.40;1012.03;971.55
9-21-2022;1083.89;991.93;953.00
9-22-2022;1078.38;958.83;917.88
9-23-2022;1057.79;966.91;924.32
9-26-2022;1020.72;945.91;903.27
9-27-2022;1026.41;945.22;903.18
9-28-2022;1005.84;951.99;911.08
9-29-2022;1005.51;953.45;912.64
9-30-2022;1015.96;974.37;932.46
10-3-2022;1017.05;978.78;933.93
10-4-2022;1039.60;985.81;943.25
10-5-2022;1041.35;974.30;935.18
10-6-2022;1050.26;965.33;928.50
10-7-2022;1039.45;942.84;906.67
10-10-2022;1031.80;944.54;908.81
10-11-2022;1007.54;931.52;896.27
10-12-2022;1008.82;943.04;908.37
10-13-2022;995.14;944.81;911.57
10-14-2022;1005.27;958.70;925.30
10-17-2022;1007.95;949.78;917.54
10-18-2022;1021.18;947.02;915.07
10-19-2022;1012.33;942.60;910.85
10-20-2022;1010.40;936.54;907.80
10-21-2022;1005.52;933.98;905.57
10-24-2022;1003.24;938.39;909.80
10-25-2022;999.91;952.94;921.79
10-26-2022;1002.67;942.20;911.92
10-27-2022;1017.58;944.56;915.99
10-28-2022;1007.70;959.39;927.42
10-31-2022;1014.70;965.29;931.72
11-1-2022;1026.98;961.75;928.80
11-2-2022;1031.00;977.15;940.89
11-3-2022;1029.10;988.94;951.01
11-4-2022;1041.54;991.42;954.83
11-7-2022;1052.77;995.91;960.53
11-8-2022;1054.81;985.13;950.47
11-9-2022;1059.92;1019.44;980.58
11-10-2022;1047.39;1028.32;987.80
11-11-2022;1077.96;1041.43;999.26
11-14-2022;1084.84;1031.31;991.39
11-15-2022;1095.84;1021.70;982.34
11-16-2022;1088.35;1019.24;980.55
11-17-2022;1077.95;1012.37;973.91
11-18-2022;1077.02;1008.62;972.12
11-21-2022;1070.83;1013.94;977.82
11-22-2022;1069.02;1030.68;994.36
11-23-2022;1074.66;1028.84;993.52
11-24-2022;1091.48;1024.44;988.20
11-25-2022;1088.95;1037.35;998.84
11-28-2022;1085.43;1052.77;1010.91
11-29-2022;1094.90;1062.52;1023.83
11-30-2022;1108.78;1064.26;1024.95
12-1-2022;1121.42;1069.23;1028.58
12-2-2022;1123.56;1053.72;1012.94
12-5-2022;1125.99;1045.35;1007.08
12-6-2022;1108.52;1054.34;1011.21
12-7-2022;1101.26;1061.08;1018.22
12-8-2022;1106.95;1051.50;1012.30
12-9-2022;1112.97;1053.26;1014.56
12-12-2022;1103.55;1064.20;1023.10
12-13-2022;1105.53;1054.98;1014.42
12-14-2022;1116.42;1049.58;1007.60
12-15-2022;1106.37;1048.14;1007.13
12-16-2022;1097.14;1041.36;1002.38
12-19-2022;1097.73;1043.88;1003.53
12-20-2022;1091.14;1050.74;1007.84
12-21-2022;1091.82;1037.99;995.34
12-22-2022;1097.69;1043.30;1001.52
12-23-2022;1085.52;1048.54;1006.36
12-26-2022;1091.97;1044.23;1001.60
12-27-2022;1096.68;1042.76;1000.58
12-28-2022;1092.68;1045.91;1003.79
12-29-2022;1091.66;1043.58;1002.18
12-30-2022;1094.41;1046.84;1002.35
1-2-2023;1093.43;1053.18;1006.38
1-3-2023;1094.49;1056.55;1005.88
1-4-2023;1098.20;1062.27;1011.81
1-5-2023;1098.86;1083.70;1030.32
1-6-2023;1105.24;1085.53;1030.61
1-9-2023;1127.12;1087.19;1032.43
1-10-2023;1129.66;1087.33;1035.80
1-11-2023;1132.35;1095.58;1042.05
1-12-2023;1134.83;1098.83;1047.15
1-13-2023;1140.31;1094.67;1043.05
1-16-2023;1143.96;1096.34;1046.14
1-17-2023;1139.88;1096.58;1045.98
1-18-2023;1143.45;1101.68;1049.52
1-19-2023;1141.64;1102.58;1049.58
1-20-2023;1144.49;1101.87;1048.49
1-23-2023;1146.01;1103.20;1051.60
1-24-2023;1144.81;1109.66;1057.16
1-25-2023;1145.85;1106.91;1054.39
1-26-2023;1151.72;1102.00;1052.63
1-27-2023;1148.75;1107.36;1059.09
1-30-2023;1147.83;1114.71;1063.21
1-31-2023;1158.59;1124.90;1074.50
2-1-2023;1164.88;1117.40;1068.90
2-2-2023;1178.12;1098.08;1052.36
2-3-2023;1171.60;1098.00;1050.09
2-6-2023;1152.96;1102.07;1053.43
2-7-2023;1152.89;1102.35;1051.89
2-8-2023;1157.17;1092.63;1043.29
2-9-2023;1154.84;1089.50;1040.61
2-10-2023;1146.32;1090.06;1041.83
2-13-2023;1143.18;1083.28;1036.94
2-14-2023;1143.20;1092.85;1043.69
2-15-2023;1136.33;1084.23;1036.51
2-16-2023;1146.26;1093.19;1046.12
2-17-2023;1138.16;1088.41;1043.87
2-20-2023;1146.13;1076.12;1031.22
2-21-2023;1142.63;1083.22;1037.96
2-22-2023;1129.32;1073.95;1029.29
2-23-2023;1137.54;1066.66;1022.10
2-24-2023;1128.55;1067.88;1025.47
2-27-2023;1120.83;1079.31;1032.51
2-28-2023;1124.68;1078.66;1031.96
3-1-2023;1132.99;1088.48;1040.70
3-2-2023;1131.65;1096.62;1049.78
3-3-2023;1140.38;1092.77;1047.11
3-6-2023;1148.88;1085.09;1040.46
3-7-2023;1145.38;1079.64;1037.20
3-8-2023;1139.98;1062.89;1022.00
3-9-2023;1136.09;1061.25;1019.39
3-10-2023;1119.20;1041.27;1000.64
3-13-2023;1115.94;1045.04;1004.40
3-14-2023;1097.12;1037.35;996.50
3-15-2023;1100.53;1048.54;1007.00
3-16-2023;1091.68;1040.75;1000.57
3-17-2023;1102.17;1049.27;1007.01
3-20-2023;1094.74;1054.75;1011.71
3-21-2023;1101.99;1063.42;1020.04
3-22-2023;1108.19;1059.10;1016.30
3-23-2023;1116.68;1055.13;1013.76
3-24-2023;1113.09;1058.78;1017.09
3-27-2023;1110.05;1066.64;1023.62
3-28-2023;1112.81;1071.84;1028.87
3-29-2023;1121.71;1075.80;1030.66
3-30-2023;1128.22;1076.77;1032.07
3-31-2023;1133.19;1077.85;1034.00
4-3-2023;1133.73;1078.50;1036.27
4-4-2023;1135.35;1077.35;1034.00
4-5-2023;1135.51;1080.16;1037.72
4-6-2023;1134.51;1081.61;1037.11
4-7-2023;1139.20;1093.94;1048.32
4-10-2023;1142.80;1097.45;1051.63
4-11-2023;1155.19;1103.67;1058.44
4-12-2023;1156.60;1107.72;1063.70
4-13-2023;1162.10;1106.89;1062.59
4-14-2023;1166.35;1102.76;1058.10
4-17-2023;1164.94;1095.29;1052.47
4-18-2023;1160.97;1089.53;1045.32
4-19-2023;1152.84;1079.15;1035.33
4-20-2023;1147.51;1076.58;1031.89
4-21-2023;1136.28;1061.72;1019.13
4-24-2023;1135.40;1064.60;1019.88
4-25-2023;1121.15;1069.35;1024.33
4-26-2023;1123.78;1076.31;1028.50
4-27-2023;1131.42;1076.23;1028.44
4-28-2023;1138.50;1076.22;1028.17
5-1-2023;1138.95;1073.10;1026.36
5-2-2023;1139.93;1082.18;1033.45
5-3-2023;1136.83;1085.13;1035.63
5-4-2023;1144.19;1090.55;1041.38
5-5-2023;1146.80;1082.02;1033.63
5-8-2023;1151.92;1082.99;1035.78
5-9-2023;1142.93;1079.98;1034.10
5-10-2023;1144.28;1074.03;1028.55
5-11-2023;1140.22;1074.88;1027.16
5-12-2023;1136.02;1075.95;1027.26
5-15-2023;1135.22;1075.50;1029.44
5-16-2023;1136.45;1077.16;1030.89
5-17-2023;1138.15;1080.55;1034.03
5-18-2023;1140.13;1086.96;1040.40
5-19-2023;1143.27;1086.62;1041.31
5-22-2023;1150.48;1082.92;1037.47
5-23-2023;1150.91;1077.89;1031.65
5-24-2023;1147.32;1080.70;1033.93
5-25-2023;1142.39;1084.72;1037.78
5-26-2023;1146.53;1083.59;1037.41
5-29-2023;1152.16;1080.54;1034.81
5-30-2023;1150.51;1089.20;1043.94
5-31-2023;1148.13;1104.83;1057.16
6-1-2023;1157.21;1108.05;1061.05
6-2-2023;1170.87;1109.76;1062.50
6-5-2023;1175.50;1116.74;1067.96
6-6-2023;1177.12;1113.54;1066.12
6-7-2023;1187.32;1122.54;1076.39
6-8-2023;1182.97;1122.48;1077.11
6-9-2023;1192.35;1133.87;1085.74
6-12-2023;1193.59;1137.15;1086.05
6-13-2023;1205.40;1143.91;1089.80
6-14-2023;1207.19;1152.15;1097.94
6-15-2023;1212.93;1147.64;1095.19
6-16-2023;1221.60;1139.92;1090.71
6-19-2023;1219.08;1133.74;1085.66
6-20-2023;1213.35;1129.59;1081.03
6-21-2023;1208.17;1116.29;1070.86
6-22-2023;1202.94;1117.95;1070.23
6-23-2023;1190.83;1120.26;1070.70
6-26-2023;1190.57;1118.23;1067.78
6-27-2023;1190.50;1116.76;1067.47
6-28-2023;1187.41;1123.86;1073.85
6-29-2023;1188.09;1137.76;1087.51
6-30-2023;1196.02;1142.02;1091.82
7-3-2023;1212.60;1137.90;1090.06
7-4-2023;1216.31;1125.84;1079.53
7-5-2023;1214.64;1122.15;1077.60
7-6-2023;1203.97;1121.98;1076.23
7-7-2023;1200.59;1136.31;1089.98
7-10-2023;1199.12;1144.41;1095.78
7-11-2023;1213.61;1155.48;1105.84
7-12-2023;1220.22;1163.98;1115.27
7-13-2023;1229.85;1166.96;1120.03
7-14-2023;1241.55;1164.12;1118.10
7-17-2023;1245.06;1162.29;1116.53
7-18-2023;1245.70;1164.78;1119.92
7-19-2023;1244.74;1162.92;1117.33
7-20-2023;1247.67;1163.24;1116.76
7-21-2023;1245.73;1174.17;1122.75
7-24-2023;1246.95;1168.39;1113.27
7-25-2023;1258.22;1174.91;1118.54
7-26-2023;1249.28;1185.28;1126.64
7-27-2023;1251.35;1193.24;1135.95
7-28-2023;1260.38;1187.44;1130.90
7-31-2023;1269.40;1163.20;1109.08
8-1-2023;1263.20;1162.43;1107.80
8-2-2023;1237.67;1167.29;1111.80
8-3-2023;1236.88;1165.51;1110.18
8-4-2023;1241.53;1157.17;1102.58
8-7-2023;1239.04;1161.77;1107.41
8-8-2023;1231.90;1156.91;1104.38
8-9-2023;1236.87;1152.24;1102.39
8-10-2023;1232.37;1139.09;1090.70
8-11-2023;1227.97;1138.81;1089.95
8-14-2023;1213.95;1132.85;1084.66
8-15-2023;1214.65;1133.30;1083.89
8-16-2023;1209.98;1125.55;1078.20
8-17-2023;1211.84;1125.06;1078.48
8-18-2023;1205.60;1134.08;1085.86
8-21-2023;1208.96;1137.74;1089.22
8-22-2023;1220.33;1148.17;1097.69
8-23-2023;1224.28;1141.75;1091.91
8-24-2023;1234.61;1147.86;1097.73
8-25-2023;1227.44;1160.02;1106.90
8-28-2023;1233.20;1163.86;1112.43
8-29-2023;1242.58;1163.02;1113.16
8-30-2023;1249.93;1165.27;1115.54
8-31-2023;1249.69;1172.93;1120.46
9-1-2023;1252.10;1168.98;1117.14
9-4-2023;1258.02;1166.05;1114.01
9-5-2023;1254.90;1160.16;1109.17
9-6-2023;1251.49;1163.89;1112.20
9-7-2023;1246.13;1167.28;1114.96
9-8-2023;1249.87;1156.80;1104.94
9-11-2023;1252.69;1155.99;1103.41
9-12-2023;1241.33;1166.33;1113.56
9-13-2023;1241.49;1166.88;1114.35
9-14-2023;1252.69;1160.79;1108.71
9-15-2023;1253.62;1158.36;1105.74
9-18-2023;1245.90;1153.91;1101.91
9-19-2023;1243.07;1136.42;1086.61
9-20-2023;1238.61;1141.79;1091.55
9-21-2023;1220.81;1138.80;1086.89
9-22-2023;1226.12;1128.46;1077.15
9-25-2023;1222.36;1132.36;1080.33
9-26-2023;1212.61;1131.72;1080.20
9-27-2023;1216.25;1138.06;1085.67
9-28-2023;1215.44;1136.64;1083.65
9-29-2023;1222.45;1127.25;1077.10
10-2-2023;1221.19;1111.87;1062.16
10-3-2023;1212.25;1115.41;1064.95
10-4-2023;1197.47;1122.37;1070.83
10-5-2023;1199.94;1116.99;1064.30
10-6-2023;1205.20;1125.69;1070.23
10-9-2023;1197.49;1136.17;1078.81
10-10-2023;1206.43;1141.92;1086.14
10-11-2023;1216.82;1131.50;1075.56
10-12-2023;1223.36;1126.90;1070.07
10-13-2023;1212.76;1131.36;1075.43
10-16-2023;1207.77;1119.00;1063.00
10-17-2023;1211.89;1107.98;1050.93
10-18-2023;1198.14;1099.80;1041.66
10-19-2023;1188.51;1087.57;1031.22
10-20-2023;1179.55;1096.74;1042.38
10-23-2023;1166.93;1094.25;1038.06
10-24-2023;1176.51;1080.67;1027.63
10-25-2023;1171.66;1088.43;1034.39
10-26-2023;1157.30;1092.69;1037.84
10-27-2023;1166.30;1084.38;1030.13
10-30-2023;1170.93;1085.63;1031.15
10-31-2023;1162.79;1105.14;1048.62
11-1-2023;1163.93;1122.65;1065.15
11-2-2023;1184.66;1147.62;1088.53
11-3-2023;1202.29;1142.59;1083.39
11-6-2023;1228.68;1144.39;1083.66
11-7-2023;1224.36;1140.44;1078.43
11-8-2023;1225.30;1133.79;1071.82
11-9-2023;1221.38;1133.79;1069.72
11-10-2023;1214.47;1142.47;1079.07
11-13-2023;1214.43;1162.89;1098.11
11-14-2023;1224.14;1165.63;1101.13
11-15-2023;1243.09;1167.53;1103.14
11-16-2023;1246.22;1177.41;1113.68
11-17-2023;1250.06;1180.62;1117.71
11-20-2023;1259.53;1175.23;1112.37
11-21-2023;1262.78;1180.21;1116.39
11-22-2023;1256.33;1177.56;1113.22
11-23-2023;1261.08;1175.13;1112.43
11-24-2023;1259.15;1184.67;1120.63
11-27-2023;1257.11;1185.61;1120.75
11-28-2023;1267.59;1188.66;1122.29
11-29-2023;1270.76;1187.83;1122.90
11-30-2023;1273.46;1189.09;1124.75
12-1-2023;1274.98;1183.13;1118.64
12-4-2023;1277.54;1187.18;1121.70
12-5-2023;1271.49;1183.35;1117.70
12-6-2023;1274.92;1187.57;1122.17
12-7-2023;1270.94;1186.21;1119.20
12-8-2023;1275.18;1185.79;1119.65
12-11-2023;1271.28;1187.33;1118.92
12-12-2023;1271.31;1209.95;1139.18
12-13-2023;1272.69;1212.74;1140.37
12-14-2023;1296.76;1210.32;1136.95
12-15-2023;1300.19;1208.33;1136.35
12-18-2023;1296.26;1202.20;1130.40
12-19-2023;1294.28;1207.32;1133.39
12-20-2023;1288.27;1211.04;1135.91
12-21-2023;1292.66;1210.39;1133.90
12-22-2023;1297.03;1217.09;1138.28
12-25-2023;1295.87;1224.77;1145.10
12-26-2023;1302.98;1236.22;1155.33
12-27-2023;1311.34;1241.94;1159.95
12-28-2023;1321.24;1235.00;1157.07
12-29-2023;1327.42;1226.76;1150.28
1-1-2024;1330.53;1225.93;1148.17
1-2-2024;1320.37;1228.92;1149.85
1-3-2024;1311.79;1223.99;1147.75
1-4-2024;1310.71;1222.98;1147.59
1-5-2024;1314.56;1220.59;1144.19
1-8-2024;1311.17;1225.77;1150.02
1-9-2024;1310.55;1224.89;1147.95
1-10-2024;1309.07;1224.10;1146.98
1-11-2024;1315.31;1209.34;1134.31
1-12-2024;1314.14;1186.45;1114.39
1-15-2024;1313.47;1187.14;1115.51
1-16-2024;1299.88;1193.33;1120.82
1-17-2024;1277.39;1193.74;1118.61
1-18-2024;1277.16;1190.15;1116.56
1-19-2024;1284.56;1199.91;1125.79
1-22-2024;1287.04;1203.53;1130.41
1-23-2024;1281.90;1203.34;1131.39
1-24-2024;1292.42;1208.07;1132.58
1-25-2024;1294.79;1205.34;1129.98
1-26-2024;1294.40;1208.13;1129.16
1-29-2024;1299.63;1212.75;1131.80
1-30-2024;1298.82;1218.02;1134.18
1-31-2024;1304.00;1209.68;1122.87
2-1-2024;1307.14;1222.73;1135.29
2-2-2024;1313.48;1225.82;1138.65
2-5-2024;1304.56;1224.64;1140.14
2-6-2024;1318.45;1219.24;1136.25
2-7-2024;1322.31;1212.26;1130.84
2-8-2024;1319.15;1214.23;1134.10
2-9-2024;1313.14;1216.46;1136.64
2-12-2024;1305.30;1225.04;1143.23
2-13-2024;1307.47;1237.60;1151.46
2-14-2024;1308.82;1241.77;1157.47
2-15-2024;1318.94;1242.52;1159.07
2-16-2024;1330.11;1241.99;1159.20
2-19-2024;1334.88;1252.02;1168.35
2-20-2024;1334.82;1249.94;1166.07
2-21-2024;1334.50;1249.94;1166.69
2-22-2024;1344.71;1249.66;1166.06
2-23-2024;1343.39;1239.94;1155.42
2-26-2024;1344.45;1245.37;1161.06
2-27-2024;1342.75;1250.06;1165.53
2-28-2024;1333.71;1253.59;1168.72
2-29-2024;1338.82;1250.21;1165.29
3-1-2024;1344.33;1246.14;1157.74
3-4-2024;1348.34;1247.84;1158.81
3-5-2024;1345.10;1250.04;1162.44
3-6-2024;1342.29;1249.01;1162.41
3-7-2024;1344.77;1252.68;1164.00
3-8-2024;1346.31;1239.01;1153.48
3-11-2024;1344.60;1245.65;1158.50
3-12-2024;1346.79;1238.26;1152.56
3-13-2024;1331.81;1242.84;1156.37
3-14-2024;1335.97;1235.21;1150.70
3-15-2024;1329.20;1237.49;1154.00
3-18-2024;1333.76;1257.30;1169.32
3-19-2024;1326.49;1251.00;1162.63
3-20-2024;1327.19;1250.62;1159.77
3-21-2024;1346.13;1247.40;1155.57
3-22-2024;1339.14;1251.35;1153.79
3-25-2024;1338.66;1252.35;1155.49
3-26-2024;1333.32;1252.00;1156.51
3-27-2024;1337.11;1260.45;1166.72
3-28-2024;1337.58;1264.07;1164.72
3-29-2024;1337.76;1264.88;1164.16
4-1-2024;1347.40;1271.72;1170.22
4-2-2024;1348.96;1270.42;1169.30
4-3-2024;1350.52;1274.64;1169.12
4-4-2024;1357.07;1279.96;1173.79
4-5-2024;1355.73;1280.39;1172.26
4-8-2024;1359.55;1274.58;1167.48
4-9-2024;1365.63;1265.11;1160.10
4-10-2024;1367.05;1249.11;1147.07
4-11-2024;1360.97;1226.81;1122.79
4-12-2024;1352.06;1232.70;1133.34
4-15-2024;1335.90;1240.93;1141.49
4-16-2024;1311.72;1227.77;1129.95
4-17-2024;1319.27;1232.59;1135.43
4-18-2024;1329.77;1240.52;1141.29
4-19-2024;1313.62;1253.44;1152.16
4-22-2024;1316.31;1250.97;1150.56
4-23-2024;1326.32;1262.28;1160.15
4-24-2024;1341.05;1276.49;1173.68
4-25-2024;1337.96;1273.56;1171.00
4-26-2024;1350.28;1273.51;1171.00
4-29-2024;1364.07;1280.42;1176.57
4-30-2024;1361.73;1285.40;1181.82
5-1-2024;1362.02;1285.74;1183.81
5-2-2024;1368.94;1281.98;1181.60
5-3-2024;1373.89;1281.84;1179.40
5-6-2024;1372.02;1271.03;1170.57
5-7-2024;1368.54;1277.08;1173.06
5-8-2024;1369.10;1277.76;1170.39
5-9-2024;1357.43;1282.52;1175.51
5-10-2024;1362.09;1290.63;1180.98
5-13-2024;1360.86;1307.41;1195.03
5-14-2024;1366.67;1313.52;1200.22
5-15-2024;1374.59;1317.70;1203.73
5-16-2024;1391.76;1312.57;1198.05
5-17-2024;1397.97;1313.60;1198.25
5-20-2024;1403.88;1306.15;1189.47
5-21-2024;1394.62;1302.71;1184.93
5-22-2024;1396.21;1309.59;1189.90
5-23-2024;1388.10;1307.85;1188.56
5-24-2024;1386.28;1298.10;1179.81
5-27-2024;1392.75;1283.59;1167.67
5-28-2024;1391.24;1284.16;1169.56
5-29-2024;1382.69;1298.96;1178.31
5-30-2024;1366.45;1271.89;1156.91
5-31-2024;1367.78;1281.06;1162.66
6-3-2024;1381.97;1292.28;1168.05
6-4-2024;1351.78;1302.19;1177.61
6-5-2024;1361.29;1302.55;1178.78
6-6-2024;1371.90;1300.27;1178.91
6-7-2024;1382.26;1304.56;1183.06
6-10-2024;1383.59;1311.30;1187.28
6-11-2024;1382.62;1315.04;1187.60
6-12-2024;1387.73;1314.45;1186.17
6-13-2024;1395.42;1322.81;1193.46
6-14-2024;1399.32;1322.85;1192.08
6-17-2024;1398.30;1326.21;1192.47
6-18-2024;1406.26;1324.70;1192.33