Date;MSCIPriceUSD;Close
3/15/2019;1000.00000;1000.00000
3/18/2019;1011.31769;1011.06909
3/19/2019;1012.91100;1012.60948
3/20/2019;1010.56796;1010.21408
3/21/2019;1011.71761;1011.09298
3/22/2019;1002.20455;1000.54237
3/25/2019;990.93548;989.70239
3/26/2019;993.52199;992.47178
3/27/2019;987.51932;986.53488
3/28/2019;988.57400;987.96963
3/29/2019;1000.78683;1000.25995
4/1/2019;1012.09912;1011.97270
4/2/2019;1013.09455;1012.66528
4/3/2019;1021.28342;1020.77224
4/4/2019;1022.16237;1021.92198
4/5/2019;1026.33741;1026.59651
4/8/2019;1029.51141;1029.12600
4/9/2019;1034.18495;1033.70197
4/10/2019;1036.65407;1035.93560
4/11/2019;1028.56059;1028.05653
4/12/2019;1030.06768;1029.61333
4/15/2019;1027.35995;1026.68890
4/16/2019;1034.29315;1033.88808
4/17/2019;1036.98018;1036.53045
4/18/2019;1033.31213;1032.59089
4/19/2019;1033.31986;1032.60420
4/22/2019;1030.01151;1029.25845
4/23/2019;1030.70886;1031.01305
4/24/2019;1025.74492;1025.79490
4/25/2019;1018.36677;1018.01552
4/26/2019;1019.64215;1019.15257
4/29/2019;1024.22756;1024.47982
4/30/2019;1020.75090;1020.88620
5/1/2019;1021.92864;1022.29150
5/2/2019;1020.48254;1021.42925
5/3/2019;1024.09516;1025.10326
5/6/2019;1005.05660;1006.37936
5/7/2019;999.77263;1000.49328
5/8/2019;993.98517;995.15356
5/9/2019;972.66908;974.00372
5/10/2019;977.43416;978.92744
5/13/2019;961.41062;962.82099
5/14/2019;959.50742;961.79462
5/15/2019;960.91385;963.74289
5/16/2019;956.35099;959.43351
5/17/2019;942.39636;944.82697
5/20/2019;940.20756;942.05944
5/21/2019;944.83468;947.13387
5/22/2019;943.91757;946.11307
5/23/2019;931.44060;933.69435
5/24/2019;933.18140;935.42990
5/27/2019;935.54844;937.71024
5/28/2019;934.60696;937.23428
5/29/2019;932.03794;934.51464
5/30/2019;941.01163;943.12554
5/31/2019;943.91582;945.58289
6/3/2019;953.69860;955.95258
6/4/2019;950.94326;953.44970
6/5/2019;950.23555;952.62311
6/6/2019;948.41040;951.04738
6/7/2019;952.79510;955.57794
6/10/2019;966.64770;968.76714
6/11/2019;975.93573;978.00038
6/12/2019;970.62457;971.93179
6/13/2019;966.69667;968.42097
6/14/2019;960.07242;961.33075
6/17/2019;956.18475;958.10122
6/18/2019;968.42248;970.54359
6/19/2019;982.00692;984.67686
6/20/2019;996.67928;999.34248
6/21/2019;996.15000;998.74909
6/24/2019;995.99241;998.81292
6/25/2019;988.65746;991.49304
6/26/2019;991.12297;994.31223
6/27/2019;997.69704;1001.23116
6/28/2019;997.69278;1000.97311
7/1/2019;1006.42290;1010.91319
7/2/2019;1006.00344;1009.26086
7/3/2019;1002.21036;1005.18397
7/4/2019;1006.93366;1010.17180
7/5/2019;1002.48761;1005.44245
7/8/2019;989.54860;992.44699
7/9/2019;985.98025;989.40858
7/10/2019;992.10678;995.42951
7/11/2019;997.97269;1001.00341
7/12/2019;993.95578;997.76757
7/15/2019;1000.42875;1003.96604
7/16/2019;1002.92117;1006.13424
7/17/2019;997.73040;1000.83535
7/18/2019;994.72699;997.72492
7/19/2019;1000.18622;1003.29035
7/22/2019;996.70432;999.97583
7/23/2019;998.28841;1001.74786
7/24/2019;998.15399;1001.59354
7/25/2019;997.15299;1000.24082
7/26/2019;991.83619;995.25868
7/29/2019;989.05683;991.91935
7/30/2019;986.61623;989.54088
7/31/2019;980.81332;983.93728
8/1/2019;969.03953;972.08984
8/2/2019;949.36343;951.88697
8/5/2019;920.27076;923.67328
8/6/2019;919.96324;923.06112
8/7/2019;919.94481;923.10408
8/8/2019;930.95832;934.46820
8/9/2019;928.02276;931.60290
8/12/2019;921.66947;926.79526
8/13/2019;916.36383;922.45473
8/14/2019;912.16497;918.79654
8/15/2019;911.30785;918.00510
8/16/2019;917.69136;924.24233
8/19/2019;924.74910;931.86841
8/20/2019;926.99788;933.54634
8/21/2019;929.86336;936.44675
8/22/2019;922.78897;928.90121
8/23/2019;920.89863;925.83686
8/26/2019;908.74579;915.33261
8/27/2019;912.31944;918.54574
8/28/2019;913.03310;919.67643
8/29/2019;917.50783;924.04530
8/30/2019;930.99259;937.14112
9/2/2019;930.45300;937.15998
9/3/2019;920.53260;927.07416
9/4/2019;936.92658;943.94983
9/5/2019;948.65411;955.91323
9/6/2019;953.33929;960.59895
9/9/2019;955.82077;963.26508
9/10/2019;953.49573;960.44552
9/11/2019;961.93003;969.18223
9/12/2019;966.92519;974.19128
9/13/2019;970.97728;977.70075
9/16/2019;971.42477;978.53821
9/17/2019;963.70958;971.22567
9/18/2019;966.01494;973.66411
9/19/2019;961.47822;969.23438
9/20/2019;965.92256;973.90378
9/23/2019;960.21642;967.97381
9/24/2019;956.54643;963.91912
9/25/2019;951.07164;959.32046
9/26/2019;954.60244;962.41381
9/27/2019;947.22695;954.08804
9/30/2019;946.75184;953.86972
10/1/2019;944.37627;951.76514
10/2/2019;935.59452;943.18735
10/3/2019;938.50586;946.63377
10/4/2019;942.57456;950.81350
10/7/2019;940.28815;948.54898
10/8/2019;940.08517;948.11910
10/9/2019;939.20055;947.87066
10/10/2019;942.49883;950.85591
10/11/2019;956.72846;965.54407
10/14/2019;962.31536;971.33374
10/15/2019;964.01385;973.77689
10/16/2019;968.58897;978.53275
10/17/2019;972.65980;982.59956
10/18/2019;968.53105;978.39365
10/21/2019;972.77085;982.95743
10/22/2019;978.03984;987.38342
10/23/2019;975.07970;984.20492
10/24/2019;981.19060;990.77614
10/25/2019;979.70533;989.62701
10/28/2019;986.44940;996.63869
10/29/2019;987.16742;996.80049
10/30/2019;985.05855;994.71718
10/31/2019;985.51562;995.41552
11/1/2019;992.33381;1002.34295
11/4/2019;1006.85980;1018.06401
11/5/2019;1013.17147;1023.43840
11/6/2019;1010.94352;1021.74208
11/7/2019;1015.39517;1026.63797
11/8/2019;1007.14151;1018.97875
11/11/2019;995.82475;1007.47151
11/12/2019;998.61722;1010.64122
11/13/2019;987.26163;998.87716
11/14/2019;985.77472;997.39744
11/15/2019;991.95696;1004.30373
11/18/2019;995.10052;1007.63845
11/19/2019;999.87018;1011.80934
11/20/2019;994.99213;1006.50971
11/21/2019;987.97112;999.85968
11/22/2019;991.72497;1003.84563
11/25/2019;996.38359;1009.25957
11/26/2019;991.05298;1004.87386
11/27/2019;995.86921;1010.27912
11/28/2019;993.47051;1008.41317
11/29/2019;983.68491;998.52941
12/2/2019;983.84574;998.97945
12/3/2019;981.16260;995.87117
12/4/2019;980.39472;994.20680
12/5/2019;986.33447;1000.77001
12/6/2019;992.11475;1007.36561
12/9/2019;994.15190;1008.80628
12/10/2019;992.62823;1007.32309
12/11/2019;1000.88347;1015.35979
12/12/2019;1012.68828;1027.22903
12/13/2019;1028.01313;1043.23476
12/16/2019;1028.99943;1044.19222
12/17/2019;1042.85775;1058.51854
12/18/2019;1049.07669;1064.69898
12/19/2019;1046.66014;1062.16429
12/20/2019;1047.61943;1063.59980
12/23/2019;1051.39843;1067.07105
12/24/2019;1048.97178;1064.42508
12/25/2019;1049.03576;1064.49832
12/26/2019;1051.81962;1067.48989
12/27/2019;1058.05070;1073.78777
12/30/2019;1057.81406;1072.83028
12/31/2019;1054.25601;1069.09699
1/2/2020;1066.88465;1082.13432
1/3/2020;1062.96253;1077.94198
1/6/2020;1052.24039;1068.45105
1/7/2020;1055.36873;1071.67355
1/8/2020;1051.17183;1067.91309
1/9/2020;1068.16936;1085.26646
1/10/2020;1072.19970;1089.60701
1/13/2020;1082.00819;1100.40829
1/14/2020;1081.87698;1099.73783
1/15/2020;1076.31532;1093.36716
1/16/2020;1078.81018;1095.58999
1/17/2020;1084.68187;1101.29977
1/20/2020;1083.59305;1100.21717
1/21/2020;1065.78543;1082.00462
1/22/2020;1071.98332;1087.83070
1/23/2020;1061.38146;1077.02260
1/24/2020;1058.72719;1073.33805
1/27/2020;1043.20607;1058.16661
1/28/2020;1042.01597;1057.20852
1/29/2020;1038.03949;1053.44838
1/30/2020;1014.65438;1028.79253
1/31/2020;1004.77376;1018.83651
2/3/2020;1002.86182;1018.17803
2/4/2020;1026.57561;1042.33696
2/5/2020;1030.36964;1045.20663
2/6/2020;1042.64663;1058.58373
2/7/2020;1032.48803;1047.40408
2/10/2020;1028.02844;1042.81517
2/11/2020;1039.83084;1055.62223
2/12/2020;1049.56163;1065.70656
2/13/2020;1046.13161;1062.22925
2/14/2020;1046.35313;1062.48489
2/17/2020;1047.95099;1064.11395
2/18/2020;1036.28703;1051.59129
2/19/2020;1043.88217;1059.68850
2/20/2020;1035.95974;1051.27782
2/21/2020;1025.46362;1039.09697
2/24/2020;998.13329;1011.83156
2/25/2020;999.28855;1013.14384
2/26/2020;986.77650;1001.38307
2/27/2020;974.81773;987.88823
2/28/2020;951.02649;962.95951
3/2/2020;961.91737;975.59584
3/3/2020;972.11790;985.74860
3/4/2020;981.56830;995.92506
3/5/2020;983.01731;997.91505
3/6/2020;957.23872;968.31753
3/9/2020;896.55310;910.46425
3/10/2020;912.27844;925.42131
3/11/2020;895.32543;907.56922
3/12/2020;835.26902;847.22488
3/13/2020;842.90044;854.76893
3/16/2020;788.03044;799.15565
3/17/2020;781.88125;792.07733
3/18/2020;745.11992;752.98707
3/19/2020;724.87905;732.94157
3/20/2020;759.70334;769.00440
3/23/2020;717.11672;727.54218
3/24/2020;758.28269;769.98980
3/25/2020;791.20613;802.43890
3/26/2020;805.14420;815.97152
3/27/2020;796.88234;808.05667
3/30/2020;786.93560;798.28285
3/31/2020;802.59220;814.13807
4/1/2020;782.43087;793.89862
4/2/2020;793.08752;804.72147
4/3/2020;786.65117;798.38032
4/6/2020;807.56084;819.95756
4/7/2020;830.56438;841.45309
4/8/2020;826.49334;836.90754
4/9/2020;839.48558;849.66603
4/10/2020;840.02985;850.00426
4/13/2020;835.28435;845.98635
4/14/2020;847.71497;858.53266
4/15/2020;840.01202;850.90931
4/16/2020;836.90725;848.95690
4/17/2020;852.47050;865.00880
4/20/2020;850.59122;862.85631
4/21/2020;830.64547;842.59355
4/22/2020;840.48030;852.38150
4/23/2020;843.48610;855.16368
4/24/2020;831.75501;844.59156
4/27/2020;846.81013;859.05329
4/28/2020;853.78233;865.67916
4/29/2020;869.81887;882.32219
4/30/2020;874.81383;886.97670
5/1/2020;867.09062;877.26460
5/4/2020;839.85852;851.79182
5/5/2020;847.19766;860.08531
5/6/2020;849.99691;863.13415
5/7/2020;848.28456;861.80732
5/8/2020;862.25006;876.30487
5/11/2020;866.26705;880.32493
5/12/2020;860.03121;873.53746
5/13/2020;859.92698;874.45861
5/14/2020;852.05553;867.06185
5/15/2020;852.32938;867.84985
5/18/2020;863.11870;879.74469
5/19/2020;875.07757;892.16055
5/20/2020;881.02161;898.08714
5/21/2020;879.61263;896.81093
5/22/2020;856.19768;872.17170
5/25/2020;862.01620;878.63636
5/26/2020;876.43687;894.26545
5/27/2020;877.11029;894.73774
5/28/2020;875.19487;892.71720
5/29/2020;879.93753;899.33313
6/1/2020;899.91754;919.39304
6/2/2020;915.05249;934.91716
6/3/2020;934.47422;955.77909
6/4/2020;935.21455;955.98991
6/5/2020;948.31982;970.62263
6/8/2020;952.86457;974.69198
6/9/2020;954.89865;976.75006
6/10/2020;957.64348;980.33652
6/11/2020;939.74634;961.50773
6/12/2020;933.52596;954.41684
6/15/2020;913.95603;934.71926
6/16/2020;936.22535;958.68629
6/17/2020;940.72043;962.90215
6/18/2020;941.24768;963.22131
6/19/2020;947.09321;968.77959
6/22/2020;945.99041;967.67347
6/23/2020;959.63788;981.95280
6/24/2020;956.01805;978.75322
6/25/2020;950.01172;972.05308
6/26/2020;944.76544;967.10088
6/29/2020;940.09394;961.51852
6/30/2020;941.17355;962.28418
7/1/2020;946.82657;968.06113
7/2/2020;968.01325;989.74515
7/3/2020;977.10429;999.20216
7/6/2020;1003.02852;1025.41252
7/7/2020;995.50522;1017.23625
7/8/2020;1012.14740;1034.79593
7/9/2020;1021.18006;1043.79858
7/10/2020;1011.32827;1032.94266
7/13/2020;1013.30606;1033.34805
7/14/2020;1002.10782;1022.15257
7/15/2020;1008.50282;1028.95866
7/16/2020;989.25328;1009.69275
7/17/2020;997.88681;1018.64153
7/20/2020;1006.81569;1027.42542
7/21/2020;1027.01574;1048.17924
7/22/2020;1019.37471;1040.04343
7/23/2020;1019.20374;1039.45917
7/24/2020;1003.00682;1023.92965
7/27/2020;1014.98991;1036.48761
7/28/2020;1023.38441;1045.05326
7/29/2020;1027.73582;1049.30041
7/30/2020;1023.42374;1045.41769
7/31/2020;1020.45163;1042.06608
8/3/2020;1019.45653;1041.31308
8/4/2020;1030.53720;1053.51332
8/5/2020;1043.25217;1066.32645
8/6/2020;1046.61516;1070.10892
8/7/2020;1030.28839;1052.68137
8/10/2020;1027.57221;1049.83787
8/11/2020;1032.09473;1055.30684
8/12/2020;1034.69311;1058.83299
8/13/2020;1036.78028;1060.72900
8/14/2020;1033.91675;1057.65036
8/17/2020;1040.35498;1063.59943
8/18/2020;1045.08273;1067.89075
8/19/2020;1039.83405;1063.13788
8/20/2020;1021.98198;1044.15035
8/21/2020;1032.68225;1055.84957
8/24/2020;1048.17435;1072.24030
8/25/2020;1054.31675;1079.26557
8/26/2020;1058.68106;1083.64834
8/27/2020;1056.67647;1080.53238
8/28/2020;1060.82006;1084.02941
8/31/2020;1041.80801;1063.54798
9/1/2020;1059.32218;1082.25925
9/2/2020;1058.26536;1081.30556
9/3/2020;1048.76271;1071.57479
9/4/2020;1039.91703;1062.48270
9/7/2020;1035.24862;1058.09339
9/8/2020;1028.57376;1051.68629
9/9/2020;1026.90964;1049.83404
9/10/2020;1026.50081;1049.38382
9/11/2020;1032.62644;1055.40340
9/14/2020;1044.42561;1067.61885
9/15/2020;1052.32606;1076.40379
9/16/2020;1056.46370;1080.42406
9/17/2020;1046.84010;1070.83794
9/18/2020;1048.45981;1072.32175
9/21/2020;1031.26309;1056.30283
9/22/2020;1024.18445;1049.27231
9/23/2020;1019.29731;1043.83114
9/24/2020;1000.42251;1024.04849
9/25/2020;1001.70841;1026.37172
9/28/2020;1011.89958;1036.34091
9/29/2020;1010.86972;1034.74045
9/30/2020;1023.36227;1047.28597
10/1/2020;1026.04704;1050.18341
10/2/2020;1023.08762;1046.06266
10/5/2020;1032.23862;1056.01491
10/6/2020;1042.72701;1066.53345
10/7/2020;1047.86172;1072.14819
10/8/2020;1056.88184;1081.31789
10/9/2020;1061.67640;1087.13232
10/12/2020;1075.54379;1101.34828
10/13/2020;1074.83235;1100.54490
10/14/2020;1074.02071;1098.93760
10/15/2020;1059.81883;1084.16714
10/16/2020;1063.16621;1087.58924
10/19/2020;1066.18924;1091.17002
10/20/2020;1072.49244;1098.20659
10/21/2020;1076.24426;1101.38091
10/22/2020;1074.95252;1100.14982
10/23/2020;1074.86127;1099.02907
10/26/2020;1069.37529;1094.72206
10/27/2020;1072.53887;1098.33732
10/28/2020;1060.01692;1085.75430
10/29/2020;1059.40567;1085.82901
10/30/2020;1043.66140;1069.13136
11/2/2020;1054.34915;1080.03257
11/3/2020;1060.14116;1086.03844
11/4/2020;1073.73823;1100.56104
11/5/2020;1103.02907;1129.96698
11/6/2020;1112.61346;1139.57040
11/9/2020;1127.75792;1154.56695
11/10/2020;1115.98295;1141.15643
11/11/2020;1114.97293;1141.39507
11/12/2020;1118.04069;1144.15989
11/13/2020;1123.94941;1151.33477
11/16/2020;1137.84829;1164.14858
11/17/2020;1136.32295;1163.62785
11/18/2020;1142.10966;1169.95932
11/19/2020;1135.39137;1163.17678
11/20/2020;1143.72816;1171.81060
11/23/2020;1154.37717;1182.79325
11/24/2020;1159.55665;1188.58347
11/25/2020;1152.26640;1181.16380
11/26/2020;1162.94941;1192.47589
11/27/2020;1164.02897;1193.89469
11/30/2020;1139.76464;1167.79491
12/1/2020;1157.67400;1186.91405
12/2/2020;1162.12457;1192.54615
12/3/2020;1172.29401;1202.72916
12/4/2020;1183.24276;1214.65523
12/7/2020;1185.46843;1217.11736
12/8/2020;1186.26398;1216.75102
12/9/2020;1187.79790;1218.82302
12/10/2020;1187.01793;1217.99057
12/11/2020;1189.50791;1220.99640
12/14/2020;1182.68390;1212.92207
12/15/2020;1182.46135;1211.33379
12/16/2020;1195.33080;1224.96880
12/17/2020;1203.97713;1233.53428
12/18/2020;1199.62946;1228.43281
12/21/2020;1188.88971;1217.06986
12/22/2020;1181.03672;1208.81630
12/23/2020;1189.91878;1217.09031
12/24/2020;1185.60211;1212.50141
12/25/2020;1187.18242;1214.53883
12/28/2020;1184.46287;1211.60064
12/29/2020;1198.12049;1226.93042
12/30/2020;1219.18061;1249.56348
12/31/2020;1221.28943;1250.90251
1/4/2021;1233.74039;1263.32768
1/5/2021;1248.44126;1280.30247
1/6/2021;1244.04710;1275.90734
1/7/2021;1250.64034;1284.80480
1/8/2021;1280.18228;1316.69580
1/11/2021;1276.46021;1312.53115
1/12/2021;1280.22093;1316.38199
1/13/2021;1290.15189;1327.10531
1/14/2021;1296.47431;1334.87552
1/15/2021;1284.43747;1322.96810
1/18/2021;1285.33445;1323.31027
1/19/2021;1306.45473;1344.57365
1/20/2021;1325.04969;1363.40815
1/21/2021;1329.87014;1368.57788
1/22/2021;1317.37377;1354.80327
1/25/2021;1333.78081;1372.97906
1/26/2021;1313.50202;1351.32744
1/27/2021;1297.09754;1335.22612
1/28/2021;1277.39913;1315.58131
1/29/2021;1257.51609;1293.30983
2/1/2021;1287.33290;1325.24486
2/2/2021;1306.34061;1345.12112
2/3/2021;1317.17126;1357.48642
2/4/2021;1312.41902;1353.18315
2/5/2021;1319.73551;1360.56874
2/8/2021;1323.95814;1364.28825
2/9/2021;1332.77365;1372.51744
2/10/2021;1345.83482;1386.25291
2/11/2021;1350.50857;1390.83717
2/12/2021;1351.43941;1392.05538
2/15/2021;1359.80945;1400.88169
2/16/2021;1364.01508;1405.13869
2/17/2021;1366.62884;1408.95616
2/18/2021;1347.89882;1390.32282
2/19/2021;1352.53213;1395.09780
2/22/2021;1321.92529;1363.62432
2/23/2021;1322.43294;1365.31079
2/24/2021;1302.15600;1344.39191
2/25/2021;1308.82150;1351.77041
2/26/2021;1266.68373;1308.09830
3/1/2021;1288.63249;1330.82456
3/2/2021;1285.96809;1328.13812
3/3/2021;1303.34322;1346.72458
3/4/2021;1273.38343;1317.18568
3/5/2021;1266.73631;1312.73272
3/8/2021;1237.25009;1281.87491
3/9/2021;1246.43931;1291.45837
3/10/2021;1253.10172;1296.33889
3/11/2021;1284.02788;1328.28624
3/12/2021;1275.14346;1319.04798
3/15/2021;1267.61830;1310.64198
3/16/2021;1275.96087;1317.83040
3/17/2021;1270.03257;1310.43806
3/18/2021;1274.31542;1314.98501
3/19/2021;1264.39497;1303.77060
3/22/2021;1263.85906;1302.95731
3/23/2021;1252.03175;1291.68357
3/24/2021;1228.07651;1265.51030
3/25/2021;1218.59858;1256.60609
3/26/2021;1236.62346;1274.37454
3/29/2021;1239.11780;1276.32309
3/30/2021;1247.99228;1285.35818
3/31/2021;1245.08777;1282.16190
4/1/2021;1262.87855;1300.29980
4/2/2021;1265.70735;1303.77702
4/5/2021;1266.23793;1304.09640
4/6/2021;1273.91710;1312.71029
4/7/2021;1266.21070;1303.82131
4/8/2021;1270.55932;1307.76503
4/9/2021;1258.27001;1294.90594
4/12/2021;1250.65813;1288.22994
4/13/2021;1252.20014;1289.97748
4/14/2021;1264.15694;1301.61654
4/15/2021;1268.41295;1306.00153
4/16/2021;1275.60701;1313.53751
4/19/2021;1275.47329;1312.97829
4/20/2021;1274.57911;1311.22211
4/21/2021;1264.41952;1300.40255
4/22/2021;1268.73362;1306.10379
4/23/2021;1279.69952;1317.57868
4/26/2021;1286.90461;1325.11936
4/27/2021;1288.15230;1326.55127
4/28/2021;1290.99316;1328.23231
4/29/2021;1290.59426;1327.18115
4/30/2021;1274.58393;1310.54161
5/3/2021;1266.33601;1301.61677
5/4/2021;1262.64474;1297.97812
5/5/2021;1260.81099;1296.48134
5/6/2021;1268.13830;1303.74304
5/7/2021;1275.49074;1311.34949
5/10/2021;1273.39467;1308.14768
5/11/2021;1257.05748;1291.35395
5/12/2021;1243.97499;1277.58721
5/13/2021;1222.72574;1254.60850
5/14/2021;1236.67792;1269.10478
5/17/2021;1240.38564;1272.11934
5/18/2021;1260.93602;1293.14155
5/19/2021;1255.59818;1288.03187
5/20/2021;1257.27013;1289.70873
5/21/2021;1257.96596;1290.29275
5/24/2021;1254.78502;1288.05010
5/25/2021;1272.57986;1305.21901
5/26/2021;1278.68951;1311.39088
5/27/2021;1280.92345;1312.00578
5/28/2021;1287.04080;1320.08797
5/31/2021;1301.63053;1333.59147
6/1/2021;1315.47560;1348.42524
6/2/2021;1313.22412;1347.07838
6/3/2021;1308.59682;1342.48430
6/4/2021;1306.69150;1340.95745
6/7/2021;1305.77691;1339.50636
6/8/2021;1302.78851;1337.10061
6/9/2021;1298.41153;1332.60426
6/10/2021;1304.12956;1337.94038
6/11/2021;1307.10149;1341.83675
6/14/2021;1308.23503;1343.55596
6/15/2021;1303.57812;1337.63734
6/16/2021;1295.75886;1331.33821
6/17/2021;1289.02960;1324.72421
6/18/2021;1287.47914;1322.02796
6/21/2021;1277.33732;1311.60171
6/22/2021;1273.85465;1309.44939
6/23/2021;1286.76928;1321.83944
6/24/2021;1293.29443;1329.24688
6/25/2021;1304.82613;1343.73699
6/28/2021;1306.07022;1342.46288
6/29/2021;1302.52041;1339.01492
6/30/2021;1300.14525;1336.73223
7/1/2021;1294.07495;1329.13182
7/2/2021;1281.93438;1317.85179
7/5/2021;1281.06620;1318.64664
7/6/2021;1273.60627;1309.14310
7/7/2021;1268.02777;1300.89319
7/8/2021;1244.91884;1277.53537
7/9/2021;1246.74215;1280.35629
7/12/2021;1254.92739;1288.18991
7/13/2021;1266.92488;1300.51103
7/14/2021;1265.61850;1298.40298
7/15/2021;1275.40880;1309.25229
7/16/2021;1267.46195;1300.25138
7/19/2021;1245.83930;1278.41420
7/20/2021;1240.02665;1272.77504
7/21/2021;1241.04388;1273.87531
7/22/2021;1254.49965;1288.12950
7/23/2021;1240.24242;1272.72165
7/26/2021;1210.62355;1240.86265
7/27/2021;1184.56288;1217.10423
7/28/2021;1199.48247;1233.40733
7/29/2021;1225.21325;1256.09358
7/30/2021;1208.56019;1240.57306
8/2/2021;1223.03695;1255.39196
8/3/2021;1224.04624;1253.64488
8/4/2021;1233.32706;1264.37364
8/5/2021;1229.64082;1260.20080
8/6/2021;1222.48739;1252.76420
8/9/2021;1224.07084;1255.40970
8/10/2021;1229.86641;1259.92580
8/11/2021;1227.26693;1257.76665
8/12/2021;1220.95652;1251.07639
8/13/2021;1211.45240;1241.15263
8/16/2021;1203.24714;1231.38279
8/17/2021;1187.72693;1215.21331
8/18/2021;1193.23351;1221.02588
8/19/2021;1165.62846;1190.69604
8/20/2021;1154.62402;1179.86069
8/23/2021;1170.46916;1198.78971
8/24/2021;1201.18857;1229.40335
8/25/2021;1206.19633;1233.97698
8/26/2021;1197.52206;1224.43564
8/27/2021;1203.70619;1230.52904
8/30/2021;1215.73387;1242.50951
8/31/2021;1237.75308;1263.98264
9/1/2021;1241.31967;1270.88896
9/2/2021;1240.81958;1268.02855
9/3/2021;1244.60443;1272.74300
9/6/2021;1252.60365;1280.44437
9/7/2021;1253.80964;1282.84202
9/8/2021;1242.41868;1268.92734
9/9/2021;1229.52359;1256.95005
9/10/2021;1238.01016;1264.06258
9/13/2021;1231.01280;1259.11944
9/14/2021;1225.90852;1252.56972
9/15/2021;1218.84414;1245.93425
9/16/2021;1207.59079;1235.05238
9/17/2021;1210.01739;1237.01414
9/20/2021;1190.04550;1216.43579
9/21/2021;1193.04861;1219.07113
9/22/2021;1194.35960;1219.56605
9/23/2021;1203.56298;1229.97686
9/24/2021;1196.54555;1223.75320
9/27/2021;1198.68015;1225.28673
9/28/2021;1192.55811;1219.38310
9/29/2021;1183.47419;1210.12961
9/30/2021;1185.19150;1209.98505
10/1/2021;1179.04766;1203.44638
10/4/2021;1169.41267;1195.21021
10/5/2021;1169.50523;1194.83263
10/6/2021;1160.63331;1185.17489
10/7/2021;1185.36379;1210.69150
10/8/2021;1188.92275;1216.31982
10/11/2021;1197.06778;1226.39413
10/12/2021;1185.69459;1213.53651
10/13/2021;1191.93656;1218.93628
10/14/2021;1198.02744;1225.39372
10/15/2021;1214.10892;1242.66894
10/18/2021;1213.49011;1240.79494
10/19/2021;1224.41258;1251.07294
10/20/2021;1230.62015;1258.14634
10/21/2021;1222.93326;1250.71162
10/22/2021;1223.06422;1250.90917
10/25/2021;1226.96036;1255.05993
10/26/2021;1225.82580;1254.66233
10/27/2021;1213.36507;1240.87363
10/28/2021;1206.91744;1233.98877
10/29/2021;1196.21659;1222.36479
11/1/2021;1196.00945;1221.44107
11/2/2021;1195.46174;1222.99389
11/3/2021;1194.04600;1221.14935
11/4/2021;1199.71300;1228.57059
11/5/2021;1195.56528;1224.25417
11/8/2021;1200.06493;1228.36216
11/9/2021;1203.97287;1232.35315
11/10/2021;1205.33065;1234.36705
11/11/2021;1211.95732;1239.12963
11/12/2021;1215.81844;1244.19413
11/15/2021;1217.08237;1246.45096
11/16/2021;1220.61252;1250.09664
11/17/2021;1217.13386;1246.30217
11/18/2021;1204.83850;1232.17676
11/19/2021;1200.44273;1226.05601
11/22/2021;1193.19298;1220.71981
11/23/2021;1187.36035;1213.73036
11/24/2021;1185.24359;1211.65915
11/25/2021;1186.69628;1214.01725
11/26/2021;1156.84954;1179.66322
11/29/2021;1152.92998;1178.42335
11/30/2021;1146.71637;1170.40358
12/1/2021;1160.32627;1185.38489
12/2/2021;1169.20226;1195.12351
12/3/2021;1158.27760;1184.54469
12/6/2021;1148.17139;1172.48886
12/7/2021;1168.60412;1195.15272
12/8/2021;1173.75898;1199.76226
12/9/2021;1180.09895;1207.22969
12/10/2021;1171.41830;1198.41679
12/13/2021;1163.92024;1190.84335
12/14/2021;1155.87355;1182.45066
12/15/2021;1148.68203;1176.59300
12/16/2021;1157.56463;1185.09471
12/17/2021;1150.38443;1176.03566
12/20/2021;1125.59314;1152.02726
12/21/2021;1138.43322;1165.22313
12/22/2021;1144.31454;1172.29448
12/23/2021;1153.50422;1181.11030
12/24/2021;1154.40655;1181.91024
12/27/2021;1155.54805;1183.97963
12/28/2021;1160.61790;1189.51179
12/29/2021;1151.93362;1180.35692
12/30/2021;1156.48562;1183.56716
12/31/2021;1165.24486;1193.14360
1/3/2022;1166.65760;1195.95843
1/4/2022;1168.02520;1198.32027
1/5/2022;1156.47560;1185.95371
1/6/2022;1151.11862;1181.06612
1/7/2022;1159.65917;1191.70375
1/10/2022;1165.49067;1197.85150
1/11/2022;1175.68112;1207.93295
1/12/2022;1198.66128;1231.77241
1/13/2022;1194.84148;1227.71446
1/14/2022;1189.32090;1222.26211
1/17/2022;1186.42261;1218.94684
1/18/2022;1174.29469;1205.77329
1/19/2022;1172.64326;1203.80988
1/20/2022;1187.69239;1219.66901
1/21/2022;1176.87751;1207.35583
1/24/2022;1155.93264;1185.59102
1/25/2022;1144.85659;1173.44900
1/26/2022;1145.79810;1175.34285
1/27/2022;1127.46268;1156.50139
1/28/2022;1126.58735;1156.23366
1/31/2022;1142.75701;1172.64989
2/1/2022;1148.21861;1178.09358
2/2/2022;1147.48461;1177.48449
2/3/2022;1144.68526;1174.56458
2/4/2022;1154.92822;1186.25579
2/7/2022;1153.25276;1184.27814
2/8/2022;1153.70324;1185.79560
2/9/2022;1172.60558;1205.71945
2/10/2022;1183.29515;1216.55751
2/11/2022;1173.28329;1205.65960
2/14/2022;1154.28119;1186.91857
2/15/2022;1162.44820;1194.20685
2/16/2022;1176.76482;1209.83978
2/17/2022;1175.56629;1208.23523
2/18/2022;1165.02336;1197.31728
2/21/2022;1153.37742;1184.88218
2/22/2022;1141.24203;1172.36094
2/23/2022;1141.45660;1172.83937
2/24/2022;1092.28029;1121.28358
2/25/2022;1108.47791;1138.92584
2/28/2022;1107.83616;1138.29562
3/1/2022;1112.67829;1142.06832
3/2/2022;1105.09020;1135.09798
3/3/2022;1109.01680;1140.06382
3/4/2022;1082.86374;1112.50634
3/7/2022;1047.29504;1075.39396
3/8/2022;1036.65205;1065.18547
3/9/2022;1031.56857;1073.93728
3/10/2022;1042.98156;1085.54129
3/11/2022;1026.83053;1068.01189
3/14/2022;997.83909;1041.01986
3/15/2022;971.12930;1015.35690
3/16/2022;1022.42039;1070.03139
3/17/2022;1060.18927;1109.24745
3/18/2022;1062.12671;1090.61776
3/21/2022;1054.82721;1081.15406
3/22/2022;1070.09788;1097.67276
3/23/2022;1078.90564;1106.46572
3/24/2022;1075.33737;1100.54741
3/25/2022;1064.04403;1089.07377
3/28/2022;1063.86129;1088.67899
3/29/2022;1074.86374;1100.81487
3/30/2022;1087.02141;1113.16417
3/31/2022;1079.91333;1107.11896
4/1/2022;1083.75389;1110.32175
4/4/2022;1098.69543;1128.45495
4/5/2022;1094.06685;1124.22742
4/6/2022;1080.58876;1109.22377
4/7/2022;1065.03932;1093.11382
4/8/2022;1066.80482;1095.28794
4/11/2022;1051.51714;1078.88472
4/12/2022;1050.22981;1077.65188
4/13/2022;1058.66001;1086.52649
4/14/2022;1056.81334;1084.47092
4/15/2022;1052.59055;1080.19626
4/18/2022;1046.70623;1072.89443
4/19/2022;1036.60934;1062.23648
4/20/2022;1036.25656;1063.10309
4/21/2022;1028.02535;1055.17040
4/22/2022;1017.31100;1043.81662
4/25/2022;989.35751;1016.31995
4/26/2022;992.52710;1020.87346
4/27/2022;987.18306;1015.33466
4/28/2022;996.71018;1025.62910
4/29/2022;1017.87081;1048.86762
5/2/2022;1014.44161;1045.57325
5/3/2022;1011.29535;1042.02287
5/4/2022;1006.18881;1035.77807
5/5/2022;1001.34945;1031.58569
5/6/2022;975.60446;1004.95477
5/9/2022;959.69722;989.57361
5/10/2022;952.63686;981.44434
5/11/2022;956.41924;985.42799
5/12/2022;934.28909;961.78552
5/13/2022;950.08344;979.49128
5/16/2022;952.90701;981.71486
5/17/2022;974.96473;1003.89381
5/18/2022;977.19628;1006.54297
5/19/2022;959.88928;986.97994
5/20/2022;979.20262;1007.23467
5/23/2022;978.44799;1005.88239
5/24/2022;961.87920;990.01425
5/25/2022;964.34138;992.37333
5/26/2022;967.52510;995.01104
5/27/2022;986.64060;1016.57157
5/30/2022;1007.37342;1037.38891
5/31/2022;1019.26674;1050.17210
6/1/2022;1009.98893;1039.83199
6/2/2022;1003.91918;1033.86307
6/3/2022;1003.25939;1033.19775
6/6/2022;1013.27691;1043.77449
6/7/2022;1003.52179;1034.08989
6/8/2022;1015.55285;1047.15025
6/9/2022;1009.31845;1040.91933
6/10/2022;997.48646;1027.81967
6/13/2022;961.37330;991.88440
6/14/2022;962.70780;993.64934
6/15/2022;964.81656;994.82580
6/16/2022;953.48240;982.67406
6/17/2022;950.19164;977.05696
6/20/2022;946.20842;974.81409
6/21/2022;961.86946;990.70535
6/22/2022;939.74537;968.45740
6/23/2022;941.39864;970.33662
6/24/2022;956.38201;986.13698
6/27/2022;971.86420;1001.00565
6/28/2022;974.25350;1003.73486
6/29/2022;958.29817;987.21570
6/30/2022;946.44152;974.75527
7/1/2022;939.03381;967.71553
7/4/2022;938.99910;966.25116
7/5/2022;937.74322;965.58135
7/6/2022;927.85265;954.48630
7/7/2022;940.45780;967.01817
7/8/2022;945.40726;972.17776
7/11/2022;927.97961;955.47871
7/12/2022;914.89187;941.46327
7/13/2022;917.86887;944.03911
7/14/2022;913.13418;938.65736
7/15/2022;909.73037;935.80144
7/18/2022;927.38741;954.65616
7/19/2022;926.83712;954.10631
7/20/2022;933.10227;960.26969
7/21/2022;937.00297;964.24530
7/22/2022;936.70297;964.05293
7/25/2022;933.58588;961.43006
7/26/2022;936.27919;964.43571
7/27/2022;936.24464;964.98122
7/28/2022;943.54821;972.03077
7/29/2022;939.92814;968.73767
8/1/2022;941.11721;969.81837
8/2/2022;930.98159;960.58515
8/3/2022;932.38899;962.75775
8/4/2022;940.69331;970.59868
8/5/2022;948.52604;978.54717
8/8/2022;947.50160;976.66961
8/9/2022;947.40802;977.05403
8/10/2022;943.16546;972.39345
8/11/2022;959.32685;989.17415
8/12/2022;961.72504;991.77993
8/15/2022;960.00070;990.25167
8/16/2022;959.25991;989.12379
8/17/2022;960.55470;990.63012
8/18/2022;954.87350;984.85192
8/19/2022;947.19221;978.16748
8/22/2022;938.14530;968.39178
8/23/2022;935.91698;966.03781
8/24/2022;931.74375;962.41511
8/25/2022;949.06176;980.19265
8/26/2022;951.95949;983.02214
8/29/2022;937.91386;968.09974
8/30/2022;938.96410;970.47892
8/31/2022;940.24293;972.18746
9/1/2022;923.24233;955.33399
9/2/2022;919.34439;951.02316
9/5/2022;915.35370;947.52134
9/6/2022;912.93231;945.20731
9/7/2022;904.67760;936.43374
9/8/2022;905.34469;937.72060
9/9/2022;917.71271;949.50261
9/12/2022;925.99661;957.08271
9/13/2022;926.81106;959.65836
9/14/2022;910.39132;942.57478
9/15/2022;906.63061;938.27670
9/16/2022;892.95320;923.49495
9/19/2022;887.67403;917.77826
9/20/2022;894.89248;926.39455
9/21/2022;881.57153;913.59922
9/22/2022;872.61404;903.57985
9/23/2022;856.74906;887.81765
9/26/2022;840.42840;870.95489
9/27/2022;843.55709;873.77783
9/28/2022;828.38261;856.78279
9/29/2022;825.96191;854.31506
9/30/2022;828.32647;857.98561
10/3/2022;828.66751;857.20913
10/4/2022;845.22305;873.40408
10/5/2022;860.23136;889.67754
10/6/2022;861.22603;891.41406
10/7/2022;849.09351;879.35284
10/10/2022;836.85868;867.17594
10/11/2022;817.79934;846.76685
10/12/2022;818.45013;847.04581
10/13/2022;808.22448;836.09234
10/14/2022;816.54385;844.60723
10/17/2022;818.85365;846.06673
10/18/2022;831.43650;859.62322
10/19/2022;818.98728;847.49204
10/20/2022;817.89970;845.18738
10/21/2022;818.16194;845.25497
10/24/2022;797.08826;825.61637
10/25/2022;798.74466;825.85098
10/26/2022;805.65251;831.94118
10/27/2022;812.88990;840.30316
10/28/2022;799.75836;827.02689
10/31/2022;802.20055;830.38077
11/1/2022;820.56744;848.93508
11/2/2022;825.71415;853.46116
11/3/2022;814.25157;842.05726
11/4/2022;837.01796;863.79551
11/7/2022;848.73255;875.82559
11/8/2022;851.24747;878.21503
11/9/2022;851.52980;880.07039
11/10/2022;841.39350;867.55463
11/11/2022;885.01856;913.27264
11/14/2022;888.85149;917.13196
11/15/2022;908.57980;937.48014
11/16/2022;902.59404;932.38546
11/17/2022;891.28982;920.67464
11/18/2022;891.90383;921.25124
11/21/2022;880.59767;909.37562
11/22/2022;877.15757;906.11944
11/23/2022;881.77644;910.81997
11/24/2022;894.32971;923.95602
11/25/2022;890.01207;919.75892
11/28/2022;880.32658;909.43594
11/29/2022;901.29620;930.41029
11/30/2022;919.59680;948.24279
12/1/2022;925.29013;955.53446
12/2/2022;921.07449;951.04187
12/5/2022;930.92106;961.26581
12/6/2022;920.20205;948.99622
12/7/2022;906.81389;935.72354
12/8/2022;916.69267;945.35506
12/9/2022;925.26799;954.83668
12/12/2022;911.36485;940.45423
12/13/2022;912.94491;941.85774
12/14/2022;920.94189;950.41207
12/15/2022;908.18914;937.48343
12/16/2022;905.42489;934.44108
12/19/2022;905.74101;935.24341
12/20/2022;899.54497;928.41777
12/21/2022;901.34083;929.55686
12/22/2022;911.81491;940.89332
12/23/2022;903.03818;931.02512
12/26/2022;904.64710;933.04397
12/27/2022;907.39785;936.05724
12/28/2022;908.15211;936.70932
12/29/2022;905.56307;933.17607
12/30/2022;904.55112;932.40754
1/2/2023;904.30755;932.17246
1/3/2023;910.41215;937.99357
1/4/2023;921.42581;948.90677
1/5/2023;930.68125;957.44956
1/6/2023;935.10012;961.87152
1/9/2023;958.58084;986.13618
1/10/2023;959.07107;986.22474
1/11/2023;961.74938;989.14599
1/12/2023;963.13072;990.38742
1/13/2023;974.03691;1001.02342
1/16/2023;975.03963;1002.14298
1/17/2023;971.71009;1000.07069
1/18/2023;974.23820;1002.48564
1/19/2023;972.20546;1000.41858
1/20/2023;980.08900;1008.44125
1/23/2023;982.39005;1010.48710
1/24/2023;982.88488;1010.96043
1/25/2023;984.82933;1012.78520
1/26/2023;995.42966;1023.19044
1/27/2023;994.22674;1022.02874
1/30/2023;987.42715;1015.19247
1/31/2023;975.59987;1003.32276
2/1/2023;986.28271;1013.20690
2/2/2023;988.90492;1015.88028
2/3/2023;982.42655;1010.47199
2/6/2023;959.51162;987.23738
2/7/2023;960.47959;988.30045
2/8/2023;965.27070;993.88443
2/9/2023;968.99280;997.28208
2/10/2023;958.73537;987.32034
2/13/2023;958.60285;986.54730
2/14/2023;959.51295;988.37115
2/15/2023;950.41879;979.16582
2/16/2023;956.34726;986.05879
2/17/2023;945.26515;974.70038
2/20/2023;950.73557;979.84146
2/21/2023;941.26125;970.29706
2/22/2023;928.84571;957.05246
2/23/2023;934.21269;963.46522
2/24/2023;919.20109;948.36840
2/27/2023;914.83070;943.52350
2/28/2023;911.76572;940.21891
3/1/2023;930.85601;959.44923
3/2/2023;926.94324;955.33269
3/3/2023;934.48472;963.75015
3/6/2023;939.88608;970.13376
3/7/2023;934.81746;966.03605
3/8/2023;925.06509;955.52085
3/9/2023;915.90821;946.37437
3/10/2023;903.51061;932.26787
3/13/2023;909.39646;938.80861
3/14/2023;893.90031;923.16830
3/15/2023;895.55983;925.22133
3/16/2023;890.33624;919.55962
3/17/2023;899.99703;930.56917
3/20/2023;891.87526;920.28200
3/21/2023;900.84081;928.81433
3/22/2023;909.37932;937.72275
3/23/2023;924.78995;952.91207
3/24/2023;919.49237;947.69070
3/27/2023;911.77414;939.59450
3/28/2023;918.09215;945.64185
3/29/2023;927.02658;955.29828
3/30/2023;932.34952;960.84766
3/31/2023;936.62049;965.88570
4/3/2023;935.58040;964.12320
4/4/2023;934.09621;962.87329
4/5/2023;934.32070;963.95168
4/6/2023;931.08669;960.31294
4/7/2023;933.57744;963.10279
4/10/2023;935.10134;965.39396
4/11/2023;942.25967;972.27541
4/12/2023;939.73339;969.24896
4/13/2023;943.00415;971.62843
4/14/2023;946.27552;975.26744
4/17/2023;949.38704;977.29948
4/18/2023;946.32460;974.01080
4/19/2023;936.70375;964.43554
4/20/2023;936.14956;964.00086
4/21/2023;927.59735;955.42097
4/24/2023;924.41932;952.51008
4/25/2023;913.27695;941.60146
4/26/2023;915.40593;943.80780
4/27/2023;919.50183;947.85977
4/28/2023;924.09973;952.45126
5/1/2023;923.81231;952.40076
5/2/2023;921.15910;950.10329
5/3/2023;917.07919;945.28158
5/4/2023;923.45471;952.37932
5/5/2023;928.46644;956.50769
5/8/2023;935.81913;963.88831
5/9/2023;929.01598;957.03747
5/10/2023;926.55537;954.95627
5/11/2023;924.83533;953.40337
5/12/2023;920.26862;949.33352
5/15/2023;924.51417;953.87858
5/16/2023;926.17662;955.71196
5/17/2023;922.95204;952.67968
5/18/2023;925.15589;955.67691
5/19/2023;924.28593;954.81419
5/22/2023;929.98393;960.94444
5/23/2023;925.57221;956.95131
5/24/2023;918.29107;949.54633
5/25/2023;911.77095;943.16552
5/26/2023;920.14025;952.05812
5/29/2023;919.08768;951.56157
5/30/2023;917.73780;950.71547
5/31/2023;906.58423;940.25669
6/1/2023;909.67917;943.28560
6/2/2023;931.01586;964.78675
6/5/2023;933.21622;966.73242
6/6/2023;934.92682;968.67657
6/7/2023;941.47140;975.56748
6/8/2023;940.20760;973.98674
6/9/2023;948.01208;982.16800
6/12/2023;948.77712;983.09308
6/13/2023;958.34286;992.92503
6/14/2023;959.91201;993.96140
6/15/2023;968.11969;1001.86804
6/16/2023;974.20910;1008.57415
6/19/2023;967.96118;1002.27365
6/20/2023;958.32966;992.63325
6/21/2023;949.84872;984.68680
6/22/2023;946.88449;982.38010
6/23/2023;938.16223;973.59763
6/26/2023;935.66445;970.52195
6/27/2023;941.09743;976.36205
6/28/2023;938.30002;973.96262
6/29/2023;933.58017;968.97006
6/30/2023;935.85503;971.03147
7/3/2023;950.64370;986.76833
7/4/2023;953.42375;989.11737
7/5/2023;946.87015;982.46013
7/6/2023;931.32681;966.77243
7/7/2023;927.51717;962.34722
7/10/2023;928.67048;963.63852
7/11/2023;940.98020;976.45915
7/12/2023;951.06249;985.79564
7/13/2023;965.22813;1000.64313
7/14/2023;972.75882;1009.17925
7/17/2023;972.06999;1008.89427
7/18/2023;966.73013;1003.04904
7/19/2023;964.34210;1000.95157
7/20/2023;962.88636;997.71461
7/21/2023;959.60291;994.20997
7/24/2023;958.52771;993.15524
7/25/2023;976.32202;1012.27047
7/26/2023;975.96232;1011.09370
7/27/2023;979.05535;1013.75749
7/28/2023;986.67106;1020.57774
7/31/2023;990.17909;1024.57416
8/1/2023;986.56666;1022.07466
8/2/2023;964.72067;999.45225
8/3/2023;960.75837;995.03645
8/4/2023;962.85192;997.39572
8/7/2023;961.23676;996.38937
8/8/2023;949.31950;984.93440
8/9/2023;953.77521;989.21785
8/10/2023;953.70143;988.66937
8/11/2023;943.65032;978.46493
8/14/2023;932.83641;967.14496
8/15/2023;928.59508;963.18802
8/16/2023;922.88958;957.17032
8/17/2023;921.09021;955.37208
8/18/2023;912.17579;946.31354
8/21/2023;907.77856;941.98223
8/22/2023;914.30185;949.35710
8/23/2023;917.62729;952.48504
8/24/2023;929.07810;964.54693
8/25/2023;918.42135;953.25136
8/28/2023;925.08934;960.00772
8/29/2023;934.06713;969.32363
8/30/2023;934.74647;969.68067
8/31/2023;927.20104;963.00386
9/1/2023;932.26665;968.61462
9/4/2023;941.55308;979.24170
9/5/2023;932.42060;970.12706
9/6/2023;928.24110;966.41763
9/7/2023;920.82878;959.03570
9/8/2023;921.08751;959.51212
9/11/2023;924.52748;962.74809
9/12/2023;922.84225;961.21825
9/13/2023;921.74703;960.25587
9/14/2023;928.88583;967.78173
9/15/2023;931.61552;970.91896
9/18/2023;923.26899;961.56150
9/19/2023;921.68928;960.54037
9/20/2023;918.25806;956.59126
9/21/2023;904.43109;942.51771
9/22/2023;911.98450;949.78370
9/25/2023;905.52653;943.19907
9/26/2023;895.85513;933.22850
9/27/2023;896.86624;934.27763
9/28/2023;892.91737;930.05062
9/29/2023;901.15230;938.20790
10/2/2023;899.92853;938.12822
10/3/2023;888.27060;926.25857
10/4/2023;877.57898;915.18185
10/5/2023;879.82023;917.79290
10/6/2023;886.54370;924.59882
10/9/2023;884.73144;922.35660
10/10/2023;893.36095;931.01573
10/11/2023;904.98867;943.12249
10/12/2023;910.51821;948.87339
10/13/2023;899.75965;937.30630
10/16/2023;894.93114;932.09907
10/17/2023;899.65916;936.89039
10/18/2023;892.01548;929.15522
10/19/2023;880.36241;917.29237
10/20/2023;875.42449;912.44866
10/23/2023;867.95878;904.42399
10/24/2023;870.68207;907.10499
10/25/2023;870.88642;907.06531
10/26/2023;861.55085;897.02396
10/27/2023;869.94076;905.87405
10/30/2023;871.94458;907.24394
10/31/2023;865.60146;900.49823
11/1/2023;866.33789;901.54833
11/2/2023;880.18561;915.88426
11/3/2023;896.87382;932.54280
11/6/2023;916.40402;953.39129
11/7/2023;908.60439;945.63976
11/8/2023;906.00359;942.46023
11/9/2023;904.42879;941.24966
11/10/2023;896.92940;933.76058
11/13/2023;900.66434;937.71376
11/14/2023;907.14883;943.78802
11/15/2023;930.21403;967.55223
11/16/2023;929.02467;967.29819
11/17/2023;923.59978;961.17228
11/20/2023;932.00905;970.09057
11/21/2023;934.90730;973.94872
11/22/2023;930.30256;969.55758
11/23/2023;934.53102;973.60184
11/24/2023;927.20399;966.42254
11/27/2023;924.56668;963.49876
11/28/2023;932.06770;971.46346
11/29/2023;929.76458;969.47937
11/30/2023;933.60798;973.56617
12/1/2023;928.91713;968.16557
12/4/2023;927.11739;967.72417
12/5/2023;919.35652;960.59769
12/6/2023;922.14073;963.59642
12/7/2023;917.55312;959.06722
12/8/2023;922.16923;964.50531
12/11/2023;920.49085;962.44099
12/12/2023;923.66015;965.96257
12/13/2023;920.71957;962.53119
12/14/2023;938.72084;980.38009
12/15/2023;946.64935;988.93818
12/18/2023;943.83561;986.08342
12/19/2023;944.48946;985.98325
12/20/2023;943.40396;984.86070
12/21/2023;944.21663;985.79319
12/22/2023;938.50771;980.25701
12/25/2023;939.42491;981.14271
12/26/2023;944.41996;986.25691
12/27/2023;955.11218;997.11762
12/28/2023;967.46354;1009.75436
12/29/2023;968.26393;1011.24566
1/2/2024;961.29778;1004.19304
1/3/2024;948.77118;991.88661
1/4/2024;949.84158;992.97203
1/5/2024;947.77393;990.98584
1/8/2024;942.74194;985.94109
1/9/2024;939.18671;982.73350
1/10/2024;935.37928;978.93298
1/11/2024;940.84315;984.31960
1/12/2024;942.31396;985.93697
1/15/2024;941.23314;984.95996
1/16/2024;926.62736;970.35600
1/17/2024;906.45445;948.90102
1/18/2024;909.24758;951.48695
1/19/2024;918.29741;961.00860
1/22/2024;911.90334;955.42394
1/23/2024;917.40555;959.75093
1/24/2024;929.10228;971.64537
1/25/2024;934.74694;977.91030
1/26/2024;931.71247;975.22118
1/29/2024;936.52119;981.12087
1/30/2024;927.44731;972.46656
1/31/2024;922.91973;968.26956
2/1/2024;928.89909;974.48231
2/2/2024;934.65519;981.75831
2/5/2024;930.03747;976.18461
2/6/2024;945.68088;991.78217
2/7/2024;948.22152;994.50968
2/8/2024;943.48417;989.78301
2/9/2024;941.57854;987.93607
2/12/2024;942.08097;988.10043
2/13/2024;942.76725;989.07974
2/14/2024;944.72899;990.96928
2/15/2024;953.09677;999.75413
2/16/2024;961.16062;1007.95462
2/19/2024;961.29829;1008.26099
2/20/2024;963.77037;1010.72740
2/21/2024;965.31015;1011.76657
2/22/2024;973.65730;1020.83685
2/23/2024;972.58325;1019.85087
2/26/2024;968.61026;1015.87935
2/27/2024;972.05207;1018.97818
2/28/2024;963.51809;1010.28179
2/29/2024;965.61456;1012.44521
3/1/2024;969.14825;1016.33155
3/4/2024;974.55279;1022.16630
3/5/2024;966.36869;1013.70779
3/6/2024;972.24500;1019.62252
3/7/2024;974.43720;1022.35150
3/8/2024;980.89395;1028.89967
3/11/2024;982.76302;1030.18187
3/12/2024;992.22324;1039.75528
3/13/2024;989.80327;1036.49519
3/14/2024;991.85138;1039.69125
3/15/2024;978.66694;1026.01209
3/18/2024;981.81392;1028.68210
3/19/2024;972.08040;1018.52249
3/20/2024;976.19089;1022.11538
3/21/2024;991.52938;1040.16437
3/22/2024;983.00261;1031.23774
3/25/2024;979.97806;1028.38890
3/26/2024;983.70634;1032.44413
3/27/2024;980.54832;1029.05414
3/28/2024;984.01370;1033.32731
3/29/2024;986.66928;1036.21592
4/1/2024;985.59804;1034.96072
4/2/2024;993.03639;1042.94569
4/3/2024;986.69857;1036.27331
4/4/2024;991.93051;1042.19933
4/5/2024;989.04470;1039.45140
4/8/2024;992.30626;1042.98195
4/9/2024;998.18254;1048.15285
4/10/2024;1000.56075;1051.43102
4/11/2024;997.90998;1048.49394
4/12/2024;985.25268;1035.76614
4/15/2024;974.88733;1025.44480
4/16/2024;955.11803;1004.83685
4/17/2024;957.59023;1007.90319
4/18/2024;963.39109;1014.50524
4/19/2024;949.75377;1000.12555
4/22/2024;957.01058;1006.45171
4/23/2024;964.09791;1013.47687
4/24/2024;978.62042;1029.34061
4/25/2024;972.86622;1022.88827
4/26/2024;985.08301;1035.03579
4/29/2024;994.36226;1044.34754
4/30/2024;989.26756;1040.04059
5/1/2024;988.86086;1039.58236
5/2/2024;995.80917;1044.97475
5/3/2024;1003.92930;1053.00461
5/6/2024;1008.91990;1058.61359
5/7/2024;1010.37406;1060.55237
5/8/2024;1008.81609;1058.70383
5/9/2024;1005.88701;1054.31127
5/10/2024;1013.56863;1062.42752
5/13/2024;1020.26024;1068.33946
5/14/2024;1022.38479;1071.03144
5/15/2024;1025.87328;1074.67054
5/16/2024;1039.03025;1088.63595
5/17/2024;1040.18794;1089.95976
5/20/2024;1042.19758;1091.87819
5/21/2024;1034.12526;1084.25068
5/22/2024;1035.93225;1086.58993
5/23/2024;1032.22445;1083.92759
5/24/2024;1024.29545;1075.11198
5/27/2024;1031.23524;1083.08244
5/28/2024;1029.05141;1081.24197
5/29/2024;1014.01488;1065.07714
5/30/2024;1000.74331;1049.94983
5/31/2024;992.11857;1041.89884
6/3/2024;1011.36677;1064.01013
6/4/2024;994.95711;1045.14982
6/5/2024;1005.19913;1056.81362
6/6/2024;1015.09785;1067.02481
6/7/2024;1014.98524;1067.96669
6/10/2024;1012.33156;1064.36926
6/11/2024;1007.94793;1060.49773
6/12/2024;1010.64042;1062.52551
6/13/2024;1017.25770;1070.21400
6/14/2024;1018.53025;1071.95982
6/17/2024;1015.98692;1069.40933
6/18/2024;1023.18276;1077.32905
6/19/2024;1035.92116;1091.48430
6/20/2024;1036.37928;1092.01700
6/21/2024;1028.02884;1083.31240
6/24/2024;1025.56326;1080.31884
6/25/2024;1026.50218;1081.95791
6/26/2024;1027.33995;1083.17964
6/27/2024;1023.23942;1080.44027
6/28/2024;1027.38567;1084.85120
7/1/2024;1028.45795;1085.84705
7/2/2024;1021.27001;1078.41942
7/3/2024;1033.17872;1090.24375
7/4/2024;1044.34629;1102.68323
7/5/2024;1045.00197;1103.37213
7/8/2024;1047.29720;1105.67668
7/9/2024;1051.45208;1109.67553
7/10/2024;1051.00710;1109.31668
7/11/2024;1063.90629;1122.28151
7/12/2024;1062.67683;1120.39509
7/15/2024;1059.56591;1117.88593
7/16/2024;1056.82641;1115.09793
7/17/2024;1051.23103;1109.39416
7/18/2024;1046.02219;1103.80567
7/19/2024;1030.56683;1086.98305
7/22/2024;1026.65558;1082.30939
7/23/2024;1028.06092;1084.49312
7/24/2024;1023.78339;1080.02925
7/25/2024;1015.77948;1072.26689
7/26/2024;1014.17065;1070.11232
7/29/2024;1018.88986;1075.82543
7/30/2024;1013.52513;1071.22863
7/31/2024;1025.98539;1083.30080
8/1/2024;1028.85214;1087.39973
8/2/2024;1003.72523;1059.98396
8/5/2024;961.39598;1013.70267
8/6/2024;974.99353;1027.56338
8/7/2024;993.38245;1047.62372
8/8/2024;989.60983;1042.33087
8/9/2024;1005.79823;1060.22174
8/12/2024;1011.17463;1065.04377
8/13/2024;1012.97524;1065.38253
8/14/2024;1018.22657;1071.84515
8/15/2024;1017.69432;1070.42821
8/16/2024;1034.38586;1088.87414
8/19/2024;1043.73243;1098.14116
8/20/2024;1044.60100;1100.12869
8/21/2024;1041.23530;1096.19093
8/22/2024;1041.31579;1095.97796
8/23/2024;1041.03178;1096.03845
8/26/2024;1044.44309;1103.03829
8/27/2024;1040.16896;1098.77945
8/28/2024;1037.75813;1097.36880
8/29/2024;1035.61977;1094.15004
8/30/2024;1040.31741;1098.73973
9/2/2024;1036.93053;1095.77518
9/3/2024;1031.09574;1089.38913
9/4/2024;1015.41025;1072.96193
9/5/2024;1017.77768;1074.87613
9/6/2024;1016.64104;1073.94459
9/9/2024;1005.81109;1062.17542
9/10/2024;1005.27803;1061.68435
9/11/2024;1001.31452;1056.86717
9/12/2024;1017.32915;1073.97555
9/13/2024;1023.64902;1080.43251
9/16/2024;1027.16790;1083.85180
9/17/2024;1031.41931;1087.90577
9/18/2024;1028.80548;1084.65978
9/19/2024;1040.53563;1096.95988
9/20/2024;1046.47957;1102.00758
9/23/2024;1050.47284;1105.49615
9/24/2024;1070.69523;1126.87539
9/25/2024;1075.19300;1131.89965
9/26/2024;1100.33876;1158.76233
9/27/2024;1110.87516;1170.01078
9/30/2024;1107.40414;1166.50308