Date;MSCIPriceUSD;SAMCOPriceUSD
6/15/2012;1000.00;1000.00
6/18/2012;1009.56;1010.05
6/19/2012;1019.69;1020.39
6/20/2012;1024.92;1025.26
6/21/2012;1007.72;1008.15
6/22/2012;991.31;992.04
6/25/2012;977.23;977.42
6/26/2012;980.15;980.32
6/27/2012;986.98;986.90
6/28/2012;980.00;979.66
6/29/2012;1013.12;1013.88
7/2/2012;1017.49;1018.61
7/3/2012;1034.10;1035.08
7/4/2012;1033.55;1034.43
7/5/2012;1032.38;1032.64
7/6/2012;1022.47;1021.97
7/9/2012;1011.29;1011.33
7/10/2012;1009.76;1008.23
7/11/2012;1007.74;1006.58
7/12/2012;987.95;986.73
7/13/2012;1000.99;1000.31
7/16/2012;1001.64;1000.77
7/17/2012;1008.56;1008.13
7/18/2012;1006.14;1006.04
7/19/2012;1017.20;1018.18
7/20/2012;1012.59;1013.12
7/23/2012;986.22;986.06
7/24/2012;982.94;982.62
7/25/2012;978.85;979.37
7/26/2012;990.52;991.14
7/27/2012;1017.88;1018.86
7/30/2012;1025.67;1026.86
7/31/2012;1029.47;1030.97
8/1/2012;1031.35;1033.26
8/2/2012;1021.32;1022.98
8/3/2012;1029.80;1032.08
8/6/2012;1045.64;1048.30
8/7/2012;1046.08;1049.22
8/8/2012;1049.05;1052.86
8/9/2012;1058.43;1061.82
8/10/2012;1058.40;1061.13
8/13/2012;1051.20;1054.85
8/14/2012;1056.24;1059.79
8/15/2012;1052.97;1056.52
8/16/2012;1054.69;1058.21
8/17/2012;1049.54;1053.05
8/20/2012;1047.55;1050.90
8/21/2012;1054.31;1057.66
8/22/2012;1047.78;1051.59
8/23/2012;1052.82;1055.80
8/24/2012;1043.50;1046.48
8/27/2012;1038.52;1041.40
8/28/2012;1034.09;1037.13
8/29/2012;1029.93;1032.24
8/30/2012;1020.72;1022.97
8/31/2012;1023.90;1026.47
9/3/2012;1029.84;1032.42
9/4/2012;1023.94;1026.72
9/5/2012;1015.45;1018.41
9/6/2012;1027.27;1030.36
9/7/2012;1047.13;1050.24
9/10/2012;1048.37;1051.63
9/11/2012;1051.74;1055.35
9/12/2012;1057.57;1061.79
9/13/2012;1061.37;1066.27
9/14/2012;1096.03;1101.72
9/17/2012;1094.48;1099.62
9/18/2012;1088.22;1093.29
9/19/2012;1091.02;1095.35
9/20/2012;1078.96;1083.87
9/21/2012;1087.96;1092.20
9/24/2012;1085.55;1089.85
9/25/2012;1082.83;1086.18
9/26/2012;1070.42;1073.64
9/27/2012;1079.05;1081.66
9/28/2012;1083.70;1085.72
10/1/2012;1086.32;1089.17
10/2/2012;1087.56;1090.59
10/3/2012;1083.53;1086.27
10/4/2012;1086.79;1089.46
10/5/2012;1090.73;1093.74
10/8/2012;1078.59;1082.74
10/9/2012;1077.14;1081.05
10/10/2012;1072.27;1075.99
10/11/2012;1076.45;1080.34
10/12/2012;1077.25;1080.88
10/15/2012;1075.66;1079.90
10/16/2012;1084.44;1088.78
10/17/2012;1092.55;1096.49
10/18/2012;1095.27;1099.13
10/19/2012;1087.38;1091.10
10/22/2012;1088.73;1093.00
10/23/2012;1077.39;1080.77
10/24/2012;1074.93;1078.31
10/25/2012;1079.88;1083.10
10/26/2012;1070.77;1073.89
10/29/2012;1070.27;1073.08
10/30/2012;1073.42;1075.99
10/31/2012;1075.77;1077.81
11/1/2012;1080.42;1082.74
11/2/2012;1085.89;1087.99
11/5/2012;1081.69;1083.76
11/6/2012;1087.61;1090.10
11/7/2012;1088.88;1090.16
11/8/2012;1075.75;1077.18
11/9/2012;1071.08;1072.49
11/12/2012;1069.22;1070.31
11/13/2012;1061.55;1061.81
11/14/2012;1059.88;1060.37
11/15/2012;1053.08;1054.66
11/16/2012;1048.21;1049.72
11/19/2012;1057.03;1059.23
11/20/2012;1058.65;1060.70
11/21/2012;1060.11;1061.77
11/22/2012;1065.40;1066.98
11/23/2012;1076.44;1078.74
11/26/2012;1075.53;1077.34
11/27/2012;1076.97;1078.12
11/28/2012;1071.39;1072.03
11/29/2012;1084.93;1085.00
11/30/2012;1088.42;1089.09
12/3/2012;1089.12;1090.88
12/4/2012;1088.69;1090.21
12/5/2012;1099.60;1100.74
12/6/2012;1103.81;1104.87
12/7/2012;1106.83;1108.05
12/10/2012;1112.23;1112.98
12/11/2012;1118.17;1118.87
12/12/2012;1125.54;1126.76
12/13/2012;1126.82;1128.61
12/14/2012;1127.10;1129.19
12/17/2012;1124.08;1125.48
12/18/2012;1130.81;1132.33
12/19/2012;1138.29;1140.22
12/20/2012;1137.77;1139.68
12/21/2012;1127.34;1129.56
12/24/2012;1128.09;1130.48
12/25/2012;1129.91;1132.51
12/26/2012;1131.24;1133.85
12/27/2012;1134.27;1136.41
12/28/2012;1140.46;1142.24
12/31/2012;1140.48;1142.02
1/2/2013;1165.31;1166.75
1/3/2013;1170.19;1171.90
1/4/2013;1165.02;1166.49
1/7/2013;1162.71;1164.52
1/8/2013;1156.33;1158.51
1/9/2013;1159.76;1162.28
1/10/2013;1164.04;1166.50
1/11/2013;1159.77;1162.71
1/14/2013;1168.06;1171.44
1/15/2013;1160.25;1163.34
1/16/2013;1157.79;1160.18
1/17/2013;1159.89;1162.75
1/18/2013;1168.09;1171.61
1/21/2013;1165.18;1168.79
1/22/2013;1166.29;1170.07
1/23/2013;1163.54;1168.10
1/24/2013;1158.93;1163.75
1/25/2013;1155.53;1160.46
1/28/2013;1147.90;1153.31
1/29/2013;1156.36;1161.54
1/30/2013;1154.54;1159.32
1/31/2013;1155.41;1160.55
2/1/2013;1159.53;1164.86
2/4/2013;1159.43;1164.35
2/5/2013;1153.90;1158.89
2/6/2013;1149.73;1154.93
2/7/2013;1145.20;1150.10
2/8/2013;1146.62;1151.00
2/11/2013;1144.32;1148.91
2/12/2013;1144.62;1149.61
2/13/2013;1150.95;1156.32
2/14/2013;1151.98;1157.06
2/15/2013;1152.72;1157.73
2/18/2013;1150.36;1155.25
2/19/2013;1149.98;1154.97
2/20/2013;1154.82;1159.79
2/21/2013;1138.26;1142.98
2/22/2013;1138.53;1143.41
2/25/2013;1139.64;1144.99
2/26/2013;1126.98;1131.73
2/27/2013;1131.15;1135.76
2/28/2013;1139.86;1144.15
3/1/2013;1138.25;1142.32
3/4/2013;1125.44;1129.00
3/5/2013;1134.80;1138.79
3/6/2013;1145.50;1150.18
3/7/2013;1143.43;1148.65
3/8/2013;1152.10;1156.95
3/11/2013;1149.53;1155.47
3/12/2013;1143.14;1150.36
3/13/2013;1133.88;1140.96
3/14/2013;1132.38;1140.02
3/15/2013;1126.48;1134.35
3/18/2013;1113.37;1120.58
3/19/2013;1107.81;1114.94
3/20/2013;1109.30;1115.83
3/21/2013;1105.07;1111.92
3/22/2013;1097.54;1104.35
3/25/2013;1104.90;1111.73
3/26/2013;1111.80;1118.40
3/27/2013;1115.47;1121.43
3/28/2013;1116.08;1121.81
3/29/2013;1118.55;1124.34
4/1/2013;1114.49;1120.54
4/2/2013;1112.28;1118.42
4/3/2013;1107.84;1113.38
4/4/2013;1099.27;1105.92
4/5/2013;1089.61;1096.83
4/8/2013;1088.54;1094.51
4/9/2013;1098.04;1103.72
4/10/2013;1107.30;1113.50
4/11/2013;1112.41;1118.22
4/12/2013;1102.02;1107.65
4/15/2013;1084.39;1091.84
4/16/2013;1090.47;1096.31
4/17/2013;1082.02;1086.92
4/18/2013;1077.94;1083.81
4/19/2013;1092.90;1099.32
4/22/2013;1093.75;1099.69
4/23/2013;1091.42;1098.66
4/24/2013;1099.97;1107.49
4/25/2013;1110.33;1117.47
4/26/2013;1105.00;1113.05
4/29/2013;1110.46;1118.50
4/30/2013;1123.47;1130.55
5/1/2013;1122.03;1129.29
5/2/2013;1121.17;1127.11
5/3/2013;1126.50;1132.42
5/6/2013;1130.57;1136.32
5/7/2013;1137.55;1143.99
5/8/2013;1146.86;1153.38
5/9/2013;1146.30;1152.32
5/10/2013;1135.67;1141.13
5/13/2013;1126.12;1132.84
5/14/2013;1130.74;1136.57
5/15/2013;1130.65;1136.00
5/16/2013;1130.90;1136.58
5/17/2013;1130.29;1135.86
5/20/2013;1132.87;1138.31
5/21/2013;1132.84;1138.04
5/22/2013;1132.81;1138.83
5/23/2013;1108.84;1114.85
5/24/2013;1109.66;1115.25
5/27/2013;1111.66;1118.06
5/28/2013;1114.14;1119.93
5/29/2013;1102.89;1108.86
5/30/2013;1098.15;1103.14
5/31/2013;1090.42;1095.46
6/3/2013;1079.26;1085.14
6/4/2013;1085.18;1090.63
6/5/2013;1071.51;1077.00
6/6/2013;1064.67;1070.36
6/7/2013;1059.90;1065.38
6/10/2013;1051.53;1057.13
6/11/2013;1031.51;1036.74
6/12/2013;1031.51;1036.31
6/13/2013;1019.86;1025.22
6/14/2013;1030.77;1035.48
6/17/2013;1034.48;1039.58
6/18/2013;1030.61;1034.73
6/19/2013;1023.29;1027.04
6/20/2013;981.92;985.19
6/21/2013;973.33;976.94
6/24/2013;954.74;958.67
6/25/2013;957.45;962.19
6/26/2013;974.88;979.22
6/27/2013;993.78;997.68
6/28/2013;1016.33;1018.16
7/1/2013;1018.06;1019.67
7/2/2013;1007.46;1009.37
7/3/2013;985.91;987.43
7/4/2013;996.63;998.13
7/5/2013;991.74;993.29
7/8/2013;979.19;981.65
7/9/2013;986.48;988.97
7/10/2013;989.64;992.42
7/11/2013;1019.09;1022.52
7/12/2013;1021.77;1024.66
7/15/2013;1029.20;1031.62
7/16/2013;1030.05;1032.66
7/17/2013;1036.91;1039.03
7/18/2013;1034.82;1036.54
7/19/2013;1027.29;1028.69
7/22/2013;1031.11;1033.11
7/23/2013;1047.36;1048.70
7/24/2013;1044.62;1046.13
7/25/2013;1040.14;1042.28
7/26/2013;1039.25;1040.69
7/29/2013;1030.96;1032.77
7/30/2013;1030.73;1031.52
7/31/2013;1024.14;1025.06
8/1/2013;1031.27;1032.56
8/2/2013;1032.57;1033.82
8/5/2013;1033.70;1034.11
8/6/2013;1022.79;1022.23
8/7/2013;1013.67;1013.74
8/8/2013;1022.89;1022.52
8/9/2013;1028.26;1028.05
8/12/2013;1035.24;1034.46
8/13/2013;1044.02;1042.82
8/14/2013;1046.15;1045.45
8/15/2013;1038.12;1037.77
8/16/2013;1035.55;1035.89
8/19/2013;1021.26;1021.42
8/20/2013;1007.49;1007.40
8/21/2013;998.89;999.60
8/22/2013;996.82;997.73
8/23/2013;1008.15;1009.38
8/26/2013;1008.17;1009.40
8/27/2013;989.44;990.21
8/28/2013;983.35;984.76
8/29/2013;995.27;996.60
8/30/2013;1004.67;1005.55
9/2/2013;1014.13;1014.93
9/3/2013;1009.42;1010.40
9/4/2013;1013.58;1015.33
9/5/2013;1024.27;1026.52
9/6/2013;1032.98;1035.48
9/9/2013;1052.50;1054.70
9/10/2013;1071.49;1072.81
9/11/2013;1072.11;1072.86
9/12/2013;1070.46;1071.81
9/13/2013;1066.61;1068.20
9/16/2013;1082.73;1084.63
9/17/2013;1083.47;1084.76
9/18/2013;1081.89;1083.64
9/19/2013;1105.19;1106.91
9/20/2013;1095.06;1096.99
9/23/2013;1098.44;1100.05
9/24/2013;1092.24;1094.46
9/25/2013;1088.98;1090.92
9/26/2013;1084.07;1086.30
9/27/2013;1080.70;1083.36
9/30/2013;1067.27;1070.08
10/1/2013;1076.87;1079.83
10/2/2013;1078.50;1081.80
10/3/2013;1086.50;1090.20
10/4/2013;1089.39;1093.60
10/7/2013;1085.86;1089.98
10/8/2013;1090.43;1094.58
10/9/2013;1086.98;1091.01
10/10/2013;1096.02;1099.67
10/11/2013;1105.91;1109.58
10/14/2013;1105.31;1109.11
10/15/2013;1113.09;1116.95
10/16/2013;1114.63;1118.47
10/17/2013;1117.54;1121.17
10/18/2013;1126.28;1130.00
10/21/2013;1126.93;1130.93
10/22/2013;1129.10;1132.97
10/23/2013;1117.00;1120.93
10/24/2013;1114.13;1117.64
10/25/2013;1110.30;1113.78
10/28/2013;1117.98;1122.11
10/29/2013;1120.56;1124.91
10/30/2013;1127.03;1131.76
10/31/2013;1118.03;1123.09
11/1/2013;1110.95;1115.87
11/4/2013;1110.08;1115.38
11/5/2013;1098.44;1103.38
11/6/2013;1098.32;1103.31
11/7/2013;1091.84;1096.66
11/8/2013;1075.75;1080.49
11/11/2013;1073.24;1078.52
11/12/2013;1071.59;1076.52
11/13/2013;1059.08;1064.21
11/14/2013;1071.93;1077.21
11/15/2013;1086.42;1091.53
11/18/2013;1108.17;1114.05
11/19/2013;1107.34;1113.81
11/20/2013;1101.98;1108.26
11/21/2013;1085.41;1091.18
11/22/2013;1090.74;1097.06
11/25/2013;1092.31;1098.74
11/26/2013;1086.67;1092.94
11/27/2013;1090.34;1096.46
11/28/2013;1093.82;1099.85
11/29/2013;1100.59;1106.71
12/2/2013;1095.36;1101.04
12/3/2013;1083.76;1089.84
12/4/2013;1076.23;1082.23
12/5/2013;1079.15;1085.13
12/6/2013;1083.20;1089.07
12/9/2013;1094.62;1100.57
12/10/2013;1094.14;1100.06
12/11/2013;1083.58;1089.18
12/12/2013;1071.66;1077.45
12/13/2013;1070.54;1076.46
12/16/2013;1070.45;1076.63
12/17/2013;1070.55;1076.47
12/18/2013;1072.94;1079.16
12/19/2013;1070.72;1077.39
12/20/2013;1068.13;1074.04
12/23/2013;1072.92;1079.12
12/24/2013;1075.80;1082.23
12/25/2013;1075.29;1081.69
12/26/2013;1073.46;1079.98
12/27/2013;1078.19;1084.27
12/30/2013;1082.88;1088.52
12/31/2013;1083.74;1089.33
1/2/2014;1070.87;1075.50
1/3/2014;1058.66;1063.31
1/6/2014;1051.02;1055.64
1/7/2014;1050.00;1054.43
1/8/2014;1051.83;1056.13
1/9/2014;1040.96;1045.71
1/10/2014;1048.56;1052.63
1/13/2014;1056.43;1061.14
1/14/2014;1054.11;1058.61
1/15/2014;1056.83;1062.15
1/16/2014;1053.35;1058.36
1/17/2014;1050.77;1055.67
1/20/2014;1049.21;1053.93
1/21/2014;1049.14;1053.71
1/22/2014;1055.32;1059.21
1/23/2014;1041.82;1045.46
1/24/2014;1026.60;1030.83
1/27/2014;1006.94;1011.52
1/28/2014;1009.59;1014.00
1/29/2014;1012.37;1017.21
1/30/2014;1012.06;1017.04
1/31/2014;1012.22;1016.62
2/3/2014;1001.65;1005.56
2/4/2014;991.91;995.85
2/5/2014;990.64;994.59
2/6/2014;1004.96;1008.18
2/7/2014;1013.06;1016.55
2/10/2014;1011.12;1014.83
2/11/2014;1021.11;1024.35
2/12/2014;1030.35;1034.01
2/13/2014;1022.28;1025.22
2/14/2014;1034.69;1037.42
2/17/2014;1042.23;1044.69
2/18/2014;1036.37;1038.94
2/19/2014;1036.61;1039.00
2/20/2014;1027.45;1029.59
2/21/2014;1036.79;1039.39
2/24/2014;1035.89;1038.38
2/25/2014;1032.78;1035.57
2/26/2014;1033.56;1036.48
2/27/2014;1041.08;1043.55
2/28/2014;1044.53;1046.42
3/3/2014;1027.52;1028.05
3/4/2014;1033.48;1034.14
3/5/2014;1036.71;1037.31
3/6/2014;1048.69;1049.27
3/7/2014;1044.86;1045.81
3/10/2014;1032.22;1033.45
3/11/2014;1033.15;1034.01
3/12/2014;1020.98;1021.06
3/13/2014;1019.42;1018.87
3/14/2014;1013.48;1011.74
3/17/2014;1019.46;1018.24
3/18/2014;1029.46;1028.53
3/19/2014;1027.43;1026.37
3/20/2014;1016.73;1015.75
3/21/2014;1021.34;1020.20
3/24/2014;1031.00;1030.11
3/25/2014;1035.96;1034.53
3/26/2014;1046.49;1045.69
3/27/2014;1054.11;1053.52
3/28/2014;1064.51;1063.07
3/31/2014;1075.05;1074.29
4/1/2014;1081.68;1081.04
4/2/2014;1086.20;1086.10
4/3/2014;1081.01;1080.79
4/4/2014;1083.04;1083.29
4/7/2014;1085.31;1085.79
4/8/2014;1093.24;1093.27
4/9/2014;1096.86;1096.75
4/10/2014;1104.32;1104.13
4/11/2014;1097.52;1097.21
4/14/2014;1093.50;1092.96
4/15/2014;1080.72;1080.19
4/16/2014;1083.52;1083.01
4/17/2014;1090.79;1090.23
4/18/2014;1093.66;1093.42
4/21/2014;1092.46;1092.23
4/22/2014;1090.25;1089.82
4/23/2014;1084.92;1084.86
4/24/2014;1085.64;1086.24
4/25/2014;1073.63;1073.65
4/28/2014;1073.40;1073.93
4/29/2014;1080.75;1082.02
4/30/2014;1075.73;1077.24
5/1/2014;1076.51;1078.13
5/2/2014;1084.49;1086.43
5/5/2014;1081.91;1084.01
5/6/2014;1085.08;1087.16
5/7/2014;1085.69;1088.08
5/8/2014;1090.39;1092.64
5/9/2014;1088.34;1087.76
5/12/2014;1097.91;1099.85
5/13/2014;1105.08;1107.49
5/14/2014;1115.67;1118.10
5/15/2014;1112.28;1115.40
5/16/2014;1115.36;1118.55
5/19/2014;1119.12;1122.58
5/20/2014;1113.15;1117.24
5/21/2014;1115.04;1118.55
5/22/2014;1125.35;1128.53
5/23/2014;1127.22;1130.35
5/26/2014;1126.05;1129.72
5/27/2014;1116.37;1120.12
5/28/2014;1122.15;1126.78
5/29/2014;1122.59;1126.68
5/30/2014;1110.76;1115.12
6/2/2014;1112.71;1117.82
6/3/2014;1119.68;1125.51
6/4/2014;1114.53;1120.44
6/5/2014;1118.64;1123.97
6/6/2014;1129.39;1135.17
6/9/2014;1133.75;1140.33
6/10/2014;1143.07;1150.17
6/11/2014;1141.39;1149.04
6/12/2014;1139.99;1147.19
6/13/2014;1133.94;1140.99
6/16/2014;1130.85;1138.23
6/17/2014;1127.88;1135.84
6/18/2014;1129.00;1136.66
6/19/2014;1134.80;1142.34
6/20/2014;1128.24;1135.01
6/23/2014;1126.58;1134.58
6/24/2014;1132.86;1141.81
6/25/2014;1125.98;1133.79
6/26/2014;1131.42;1139.69
6/27/2014;1130.74;1139.24
6/30/2014;1135.71;1144.61
7/1/2014;1136.37;1144.35
7/2/2014;1146.30;1154.21
7/3/2014;1148.03;1155.93
7/4/2014;1148.27;1155.39
7/7/2014;1150.36;1157.30
7/8/2014;1150.78;1157.42
7/9/2014;1146.69;1153.03
7/10/2014;1148.24;1155.04
7/11/2014;1144.24;1150.68
7/14/2014;1149.63;1155.70
7/15/2014;1152.53;1158.68
7/16/2014;1153.06;1158.75
7/17/2014;1148.48;1153.73
7/18/2014;1149.20;1154.16
7/21/2014;1149.20;1154.34
7/22/2014;1161.33;1166.72
7/23/2014;1164.81;1169.92
7/24/2014;1168.21;1173.59
7/25/2014;1165.88;1171.26
7/28/2014;1166.48;1171.72
7/29/2014;1167.87;1173.66
7/30/2014;1165.94;1172.93
7/31/2014;1151.92;1158.79
8/1/2014;1145.81;1151.76
8/4/2014;1155.73;1162.14
8/5/2014;1149.04;1154.65
8/6/2014;1142.18;1148.30
8/7/2014;1136.19;1142.06
8/8/2014;1130.02;1135.30
8/11/2014;1147.20;1152.87
8/12/2014;1150.45;1155.86
8/13/2014;1157.43;1162.22
8/14/2014;1159.05;1164.10
8/15/2014;1161.36;1166.66
8/18/2014;1164.12;1169.50
8/19/2014;1172.11;1178.01
8/20/2014;1172.79;1179.14
8/21/2014;1169.38;1175.61
8/22/2014;1170.61;1176.55
8/25/2014;1173.01;1179.23
8/26/2014;1175.69;1181.65
8/27/2014;1182.15;1188.66
8/28/2014;1174.83;1181.91
8/29/2014;1175.81;1182.04
9/1/2014;1178.72;1184.85
9/2/2014;1174.57;1180.08
9/3/2014;1189.97;1195.35
9/4/2014;1189.16;1194.45
9/5/2014;1185.48;1191.33
9/8/2014;1183.49;1188.75
9/9/2014;1175.44;1181.02
9/10/2014;1162.12;1167.90
9/11/2014;1155.87;1160.22
9/12/2014;1147.33;1152.36
9/15/2014;1141.12;1145.77
9/16/2014;1139.26;1144.53
9/17/2014;1148.25;1154.08
9/18/2014;1141.75;1146.86
9/19/2014;1139.10;1143.94
9/22/2014;1124.37;1128.62
9/23/2014;1116.27;1120.78
9/24/2014;1119.00;1123.56
9/25/2014;1108.53;1113.21
9/26/2014;1106.66;1112.02
9/29/2014;1091.02;1095.54
9/30/2014;1086.58;1090.90
10/1/2014;1077.43;1081.16
10/2/2014;1072.75;1076.15
10/3/2014;1077.88;1081.31
10/6/2014;1091.98;1095.05
10/7/2014;1092.56;1096.37
10/8/2014;1079.48;1082.80
10/9/2014;1089.83;1093.21
10/10/2014;1069.88;1073.29
10/13/2014;1071.63;1076.47
10/14/2014;1072.26;1076.99
10/15/2014;1062.02;1067.24
10/16/2014;1049.10;1053.45
10/17/2014;1055.71;1059.08
10/20/2014;1060.83;1064.28
10/21/2014;1061.14;1063.40
10/22/2014;1066.87;1069.46
10/23/2014;1061.10;1063.19
10/24/2014;1063.94;1065.90
10/27/2014;1056.83;1058.42
10/28/2014;1072.76;1074.53
10/29/2014;1086.10;1088.07
10/30/2014;1088.98;1092.00
10/31/2014;1098.20;1101.37
11/3/2014;1092.03;1094.22
11/4/2014;1088.51;1090.51
11/5/2014;1079.14;1081.35
11/6/2014;1071.45;1073.00
11/7/2014;1067.47;1069.16
11/10/2014;1078.29;1080.90
11/11/2014;1074.01;1076.49
11/12/2014;1076.57;1078.80
11/13/2014;1072.96;1074.52
11/14/2014;1070.89;1072.28
11/17/2014;1065.57;1067.06
11/18/2014;1068.57;1070.18
11/19/2014;1069.92;1071.07
11/20/2014;1070.12;1071.07
11/21/2014;1085.53;1086.24
11/24/2014;1092.96;1094.12
11/25/2014;1090.66;1092.23
11/26/2014;1093.76;1095.33
11/27/2014;1094.47;1096.71
11/28/2014;1085.92;1088.25
12/1/2014;1064.70;1067.33
12/2/2014;1064.06;1066.35
12/3/2014;1065.58;1068.61
12/4/2014;1066.68;1069.29
12/5/2014;1065.35;1067.95
12/8/2014;1055.79;1057.88
12/9/2014;1043.44;1046.38
12/10/2014;1036.16;1038.63
12/11/2014;1022.51;1025.87
12/12/2014;1014.26;1017.39
12/15/2014;998.74;1002.02
12/16/2014;983.53;987.63
12/17/2014;992.36;995.96
12/18/2014;1010.70;1013.35
12/19/2014;1020.95;1025.33
12/22/2014;1034.96;1038.77
12/23/2014;1028.89;1032.22
12/24/2014;1028.08;1031.93
12/25/2014;1027.44;1031.04
12/26/2014;1029.52;1033.21
12/29/2014;1036.18;1038.80
12/30/2014;1031.74;1034.51
12/31/2014;1033.60;1035.40
1/2/2015;1030.81;1032.67
1/5/2015;1016.72;1019.72
1/6/2015;1010.29;1012.96
1/7/2015;1017.25;1019.63
1/8/2015;1036.33;1039.03
1/9/2015;1039.08;1041.21
1/12/2015;1032.76;1035.55
1/13/2015;1037.48;1039.34
1/14/2015;1032.98;1035.56
1/15/2015;1037.56;1040.72
1/16/2015;1034.84;1037.87
1/19/2015;1029.50;1033.21
1/20/2015;1034.65;1038.43
1/21/2015;1054.96;1059.42
1/22/2015;1063.03;1068.54
1/23/2015;1070.99;1076.42
1/26/2015;1068.63;1073.82
1/27/2015;1069.84;1075.63
1/28/2015;1064.24;1069.68
1/29/2015;1051.85;1056.65
1/30/2015;1039.33;1043.97
2/2/2015;1041.70;1046.28
2/3/2015;1055.42;1060.02
2/4/2015;1060.09;1064.74
2/5/2015;1061.60;1066.11
2/6/2015;1057.67;1062.75
2/9/2015;1051.46;1057.10
2/10/2015;1044.97;1050.55
2/11/2015;1038.90;1044.56
2/12/2015;1049.69;1055.39
2/13/2015;1066.39;1072.92
2/16/2015;1063.63;1069.27
2/17/2015;1062.58;1068.49
2/18/2015;1064.62;1070.95
2/19/2015;1064.69;1070.97
2/20/2015;1063.99;1069.78
2/23/2015;1062.96;1068.47
2/24/2015;1067.74;1073.04
2/25/2015;1073.05;1078.14
2/26/2015;1074.14;1079.60
2/27/2015;1070.32;1075.28
3/2/2015;1068.14;1074.85
3/3/2015;1065.91;1073.41
3/4/2015;1055.18;1062.33
3/5/2015;1053.35;1060.36
3/6/2015;1049.73;1056.63
3/9/2015;1036.75;1043.08
3/10/2015;1020.01;1025.44
3/11/2015;1019.26;1025.88
3/12/2015;1025.18;1031.08
3/13/2015;1015.50;1022.03
3/16/2015;1016.59;1023.30
3/17/2015;1025.76;1032.88
3/18/2015;1034.06;1042.03
3/19/2015;1042.97;1050.62
3/20/2015;1047.89;1055.79
3/23/2015;1054.21;1062.64
3/24/2015;1057.32;1066.03
3/25/2015;1055.05;1064.75
3/26/2015;1040.25;1049.43
3/27/2015;1035.56;1044.60
3/30/2015;1047.23;1056.19
3/31/2015;1053.34;1062.24
4/1/2015;1062.38;1071.03
4/2/2015;1073.11;1081.58
4/3/2015;1074.68;1083.31
4/6/2015;1087.16;1095.84
4/7/2015;1087.59;1096.40
4/8/2015;1103.58;1111.64
4/9/2015;1111.77;1120.03
4/10/2015;1118.21;1126.72
4/13/2015;1125.64;1134.81
4/14/2015;1120.57;1130.10
4/15/2015;1120.68;1130.71
4/16/2015;1137.30;1146.97
4/17/2015;1126.95;1135.68
4/20/2015;1117.32;1126.91
4/21/2015;1126.45;1136.53
4/22/2015;1132.29;1142.60
4/23/2015;1139.09;1150.06
4/24/2015;1146.22;1157.37
4/27/2015;1151.75;1162.21
4/28/2015;1153.26;1163.86
4/29/2015;1145.15;1155.90
4/30/2015;1132.47;1143.69
5/1/2015;1130.54;1141.57
5/4/2015;1132.93;1144.45
5/5/2015;1132.63;1144.88
5/6/2015;1124.54;1136.17
5/7/2015;1107.75;1119.33
5/8/2015;1118.59;1130.02
5/11/2015;1119.76;1131.20
5/12/2015;1112.20;1123.81
5/13/2015;1117.45;1129.03
5/14/2015;1119.52;1131.00
5/15/2015;1127.74;1139.61
5/18/2015;1125.08;1137.30
5/19/2015;1125.02;1137.49
5/20/2015;1119.84;1132.07
5/21/2015;1116.16;1128.14
5/22/2015;1121.49;1134.04
5/25/2015;1119.02;1131.89
5/26/2015;1109.42;1121.80
5/27/2015;1101.46;1113.07
5/28/2015;1091.12;1102.34
5/29/2015;1085.38;1096.14
6/1/2015;1083.99;1095.18
6/2/2015;1080.68;1092.72
6/3/2015;1076.32;1088.79
6/4/2015;1067.91;1081.35
6/5/2015;1061.52;1074.44
6/8/2015;1056.06;1069.92
6/9/2015;1049.58;1064.12
6/10/2015;1056.89;1072.03
6/11/2015;1055.73;1070.72
6/12/2015;1058.62;1073.20
6/15/2015;1048.95;1063.81
6/16/2015;1043.36;1058.64
6/17/2015;1047.76;1062.75
6/18/2015;1056.63;1071.75
6/19/2015;1053.34;1068.67
6/22/2015;1067.10;1082.67
6/23/2015;1070.74;1086.14
6/24/2015;1073.60;1088.52
6/25/2015;1068.06;1082.11
6/26/2015;1059.89;1074.43
6/29/2015;1036.96;1051.10
6/30/2015;1050.84;1065.20
7/1/2015;1050.46;1065.38
7/2/2015;1050.00;1065.26
7/3/2015;1042.25;1057.15
7/6/2015;1019.69;1034.47
7/7/2015;1005.44;1020.23
7/8/2015;977.68;991.53
7/9/2015;994.13;1007.85
7/10/2015;1008.25;1022.22
7/13/2015;1019.23;1033.69
7/14/2015;1016.87;1030.87
7/15/2015;1013.79;1027.75
7/16/2015;1017.80;1031.90
7/17/2015;1017.80;1031.60
7/20/2015;1011.05;1024.42
7/21/2015;1015.78;1029.04
7/22/2015;1006.40;1019.82
7/23/2015;998.21;1010.87
7/24/2015;983.98;996.57
7/27/2015;964.74;977.39
7/28/2015;963.27;976.66
7/29/2015;972.87;986.82
7/30/2015;966.33;979.44
7/31/2015;974.56;986.79
8/3/2015;962.86;974.66
8/4/2015;965.29;977.65
8/5/2015;964.05;976.17
8/6/2015;956.46;968.13
8/7/2015;956.61;968.66
8/10/2015;959.45;971.98
8/11/2015;949.26;961.11
8/12/2015;931.36;943.18
8/13/2015;934.70;946.66
8/14/2015;933.65;946.28
8/17/2015;923.80;936.18
8/18/2015;916.67;928.87
8/19/2015;908.45;920.50
8/20/2015;897.39;909.92
8/21/2015;878.05;889.17
8/24/2015;834.15;845.96
8/25/2015;852.27;864.34
8/26/2015;850.93;863.76
8/27/2015;878.80;891.42
8/28/2015;886.55;899.02
8/31/2015;884.91;898.61
9/1/2015;865.87;879.46
9/2/2015;861.07;874.31
9/3/2015;866.27;879.84
9/4/2015;852.33;865.52
9/7/2015;841.07;853.87
9/8/2015;854.47;867.54
9/9/2015;874.94;889.12
9/10/2015;869.15;882.66
9/11/2015;867.36;880.79
9/14/2015;872.94;886.92
9/15/2015;871.99;885.72
9/16/2015;889.21;903.98
9/17/2015;894.38;909.02
9/18/2015;896.94;911.61
9/21/2015;881.55;895.74
9/22/2015;873.56;888.06
9/23/2015;855.79;868.61
9/24/2015;849.18;862.60
9/25/2015;852.93;865.87
9/28/2015;844.74;857.14
9/29/2015;839.10;853.16
9/30/2015;856.07;870.73
10/1/2015;862.08;877.13
10/2/2015;869.09;886.56
10/5/2015;887.64;904.50
10/6/2015;895.66;912.18
10/7/2015;919.55;934.56
10/8/2015;916.94;932.98
10/9/2015;928.78;944.61
10/12/2015;935.16;952.39
10/13/2015;923.34;940.09
10/14/2015;918.05;934.12
10/15/2015;934.63;952.84
10/16/2015;935.21;954.49
10/19/2015;937.34;957.05
10/20/2015;934.35;953.91
10/21/2015;928.54;947.52
10/22/2015;927.53;946.65
10/23/2015;938.76;960.82
10/26/2015;937.78;960.78
10/27/2015;932.44;957.90
10/28/2015;929.83;956.76
10/29/2015;914.52;941.75
10/30/2015;916.37;945.78
11/2/2015;918.95;949.65
11/3/2015;930.34;960.68
11/4/2015;938.33;969.63
11/5/2015;933.98;964.87
11/6/2015;921.37;953.45
11/9/2015;911.75;942.09
11/10/2015;900.75;931.66
11/11/2015;900.74;931.39
11/12/2015;901.12;931.71
11/13/2015;887.49;915.78
11/16/2015;879.12;908.46
11/17/2015;890.70;919.40
11/18/2015;889.34;918.93
11/19/2015;904.80;935.12
11/20/2015;911.65;942.63
11/23/2015;909.10;942.40
11/24/2015;907.14;940.32
11/25/2015;903.73;937.70
11/26/2015;905.83;940.22
11/27/2015;893.15;928.18
11/30/2015;880.11;917.28
12/1/2015;892.20;929.20
12/2/2015;888.20;925.20
12/3/2015;885.46;921.67
12/4/2015;877.92;915.45
12/7/2015;873.08;910.48
12/8/2015;859.75;896.66
12/9/2015;859.50;896.04
12/10/2015;852.80;890.28
12/11/2015;836.09;873.74
12/14/2015;833.56;870.70
12/15/2015;842.41;880.11
12/16/2015;854.22;893.37
12/17/2015;863.13;901.68
12/18/2015;853.54;892.21
12/21/2015;855.40;893.85
12/22/2015;858.84;897.61
12/23/2015;868.05;906.80
12/24/2015;869.05;907.22
12/25/2015;869.30;907.38
12/28/2015;865.01;901.80
12/29/2015;864.33;901.82
12/30/2015;855.44;892.24
12/31/2015;858.33;894.83
1/4/2016;829.83;864.12
1/5/2016;830.58;865.46
1/6/2016;821.23;855.18
1/7/2016;798.58;831.63
1/8/2016;799.89;832.96
1/11/2016;781.83;813.90
1/12/2016;781.67;814.82
1/13/2016;788.52;820.97
1/14/2016;781.59;815.87
1/15/2016;766.51;799.36
1/18/2016;760.26;794.31
1/19/2016;772.11;806.36
1/20/2016;748.75;782.28
1/21/2016;744.17;778.38
1/22/2016;768.10;802.69
1/25/2016;773.96;808.07
1/26/2016;765.58;798.83
1/27/2016;773.85;806.07
1/28/2016;780.61;811.14
1/29/2016;802.37;833.40
2/1/2016;802.77;833.08
2/2/2016;787.61;817.34
2/3/2016;779.98;808.24
2/4/2016;799.33;828.00
2/5/2016;799.39;826.75
2/8/2016;793.46;820.57
2/9/2016;788.88;816.16
2/10/2016;789.63;817.04
2/11/2016;770.67;796.78
2/12/2016;768.73;794.65
2/15/2016;785.61;811.06
2/16/2016;790.52;818.28
2/17/2016;795.25;823.21
2/18/2016;806.55;833.97
2/19/2016;800.87;829.15
2/22/2016;810.00;839.12
2/23/2016;804.96;833.36
2/24/2016;796.07;825.27
2/25/2016;794.79;822.66
2/26/2016;799.83;828.54
2/29/2016;800.16;829.09
3/1/2016;813.78;843.09
3/2/2016;831.26;860.82
3/3/2016;843.24;872.31
3/4/2016;854.90;884.99
3/7/2016;859.45;888.90
3/8/2016;851.79;880.35
3/9/2016;851.36;880.37
3/10/2016;854.66;884.15
3/11/2016;865.64;896.69
3/14/2016;868.39;899.35
3/15/2016;854.59;885.28
3/16/2016;855.12;886.28
3/17/2016;882.92;913.38
3/18/2016;893.58;925.14
3/21/2016;896.07;927.56
3/22/2016;897.64;929.71
3/23/2016;888.12;919.70
3/24/2016;879.37;911.19
3/25/2016;877.97;909.68
3/28/2016;878.76;910.74
3/29/2016;880.69;912.93
3/30/2016;901.39;933.39
3/31/2016;904.44;936.13
4/1/2016;892.97;924.37
4/4/2016;893.60;925.14
4/5/2016;878.68;909.91
4/6/2016;874.43;907.06
4/7/2016;874.70;906.89
4/8/2016;882.84;914.54
4/11/2016;890.62;922.24
4/12/2016;898.04;929.62
4/13/2016;912.38;944.72
4/14/2016;913.79;946.57
4/15/2016;915.13;948.14
4/18/2016;911.87;944.78
4/19/2016;921.65;954.41
4/20/2016;918.10;950.78
4/21/2016;922.69;955.18
4/22/2016;913.52;945.77
4/25/2016;907.03;938.81
4/26/2016;910.73;942.25
4/27/2016;911.32;942.79
4/28/2016;912.28;943.62
4/29/2016;908.10;939.49
5/2/2016;903.10;934.15
5/3/2016;887.46;918.67
5/4/2016;879.27;910.76
5/5/2016;874.88;906.74
5/6/2016;870.43;902.38
5/9/2016;865.65;896.69
5/10/2016;872.13;903.50
5/11/2016;873.27;903.84
5/12/2016;871.88;901.95
5/13/2016;860.41;890.43
5/16/2016;861.88;892.96
5/17/2016;866.44;897.51
5/18/2016;858.41;889.35
5/19/2016;845.03;875.76
5/20/2016;848.73;879.94
5/23/2016;852.66;883.66
5/24/2016;851.68;884.03
5/25/2016;864.32;895.10
5/26/2016;867.83;898.97
5/27/2016;873.62;906.02
5/30/2016;872.94;905.46
5/31/2016;872.72;905.85
6/1/2016;872.47;904.78
6/2/2016;874.76;907.15
6/3/2016;882.15;914.49
6/6/2016;889.80;922.09
6/7/2016;903.46;936.22
6/8/2016;910.47;943.12
6/9/2016;904.68;938.07
6/10/2016;890.40;922.71
6/13/2016;874.89;906.34
6/14/2016;867.97;899.66
6/15/2016;873.51;905.11
6/16/2016;864.42;895.87
6/17/2016;871.39;902.40
6/20/2016;887.54;919.74
6/21/2016;892.06;924.31
6/22/2016;896.36;928.36
6/23/2016;902.96;935.29
6/24/2016;871.00;901.60
6/27/2016;858.78;889.95
6/28/2016;870.33;902.09
6/29/2016;888.24;920.45
6/30/2016;901.52;934.23
7/1/2016;907.09;940.29
7/4/2016;911.59;944.90
7/5/2016;898.91;931.79
7/6/2016;885.40;917.30
7/7/2016;893.83;926.49
7/8/2016;895.83;928.15
7/11/2016;915.17;948.81
7/12/2016;923.11;956.86
7/13/2016;925.58;959.23
7/14/2016;935.91;969.90
7/15/2016;937.99;971.88
7/18/2016;940.46;974.34
7/19/2016;938.28;972.09
7/20/2016;941.15;974.99
7/21/2016;941.58;975.41
7/22/2016;939.56;973.24
7/25/2016;939.35;972.97
7/26/2016;941.10;975.20
7/27/2016;944.70;978.64
7/28/2016;946.29;980.01
7/29/2016;944.07;977.72
8/1/2016;953.88;987.97
8/2/2016;947.63;981.63
8/3/2016;938.35;971.89
8/4/2016;946.85;980.22
8/5/2016;957.09;991.62
8/8/2016;967.91;1002.95
8/9/2016;972.52;1008.15
8/10/2016;975.98;1012.27
8/11/2016;980.96;1017.67
8/12/2016;983.64;1020.74
8/15/2016;989.89;1027.07
8/16/2016;989.60;1027.38
8/17/2016;983.19;1020.62
8/18/2016;990.47;1028.07
8/19/2016;983.92;1021.40
8/22/2016;977.30;1014.29
8/23/2016;979.77;1017.41
8/24/2016;969.24;1006.90
8/25/2016;970.69;1008.60
8/26/2016;974.25;1012.67
8/29/2016;968.39;1006.53
8/30/2016;971.57;1009.98
8/31/2016;965.91;1005.33
9/1/2016;963.10;1002.19
9/2/2016;972.32;1011.58
9/5/2016;983.12;1023.19
9/6/2016;998.08;1038.26
9/7/2016;1000.89;1042.30
9/8/2016;1002.24;1043.39
9/9/2016;982.82;1023.06
9/12/2016;961.30;1000.64
9/13/2016;957.62;996.90
9/14/2016;956.68;995.76
9/15/2016;960.83;1000.41
9/16/2016;957.02;997.05
9/19/2016;970.24;1010.60
9/20/2016;971.46;1011.67
9/21/2016;978.85;1019.78
9/22/2016;995.35;1036.70
9/23/2016;991.66;1032.72
9/26/2016;978.67;1019.31
9/27/2016;984.77;1026.53
9/28/2016;985.92;1027.36
9/29/2016;987.21;1028.72
9/30/2016;976.48;1017.93
10/3/2016;985.29;1027.31
10/4/2016;989.62;1032.18
10/5/2016;989.23;1031.86
10/6/2016;991.16;1035.27
10/7/2016;988.75;1032.34
10/10/2016;992.93;1036.69
10/11/2016;978.77;1020.36
10/12/2016;975.71;1017.36
10/13/2016;962.64;1003.99
10/14/2016;969.54;1011.65
10/17/2016;967.03;1009.33
10/18/2016;981.98;1024.83
10/19/2016;987.17;1030.57
10/20/2016;987.20;1030.37
10/21/2016;984.89;1027.78
10/24/2016;992.63;1036.28
10/25/2016;992.47;1035.99
10/26/2016;984.17;1027.08
10/27/2016;978.48;1021.42
10/28/2016;976.53;1019.48
10/31/2016;978.24;1020.69
11/1/2016;975.53;1017.63
11/2/2016;962.16;1003.24
11/3/2016;956.45;997.71
11/4/2016;951.26;992.22
11/7/2016;967.09;1008.79
11/8/2016;975.39;1016.90
11/9/2016;951.29;991.87
11/10/2016;946.40;987.75
11/11/2016;917.73;958.72
11/14/2016;906.77;947.53
11/15/2016;909.51;950.62
11/16/2016;915.62;956.80
11/17/2016;915.66;956.39
11/18/2016;912.79;953.14
11/21/2016;915.89;956.68
11/22/2016;926.75;968.02
11/23/2016;925.10;966.40
11/24/2016;920.88;962.09
11/25/2016;924.95;966.27
11/28/2016;932.94;974.79
11/29/2016;927.86;970.03
11/30/2016;932.57;974.84
12/1/2016;927.79;969.71
12/2/2016;922.02;963.67
12/5/2016;923.00;964.04
12/6/2016;931.13;972.80
12/7/2016;937.73;979.62
12/8/2016;950.39;992.49
12/9/2016;948.80;990.84
12/12/2016;942.74;985.66
12/13/2016;948.10;989.33
12/14/2016;943.31;984.73
12/15/2016;928.05;969.07
12/16/2016;925.62;966.82
12/19/2016;919.92;960.97
12/20/2016;920.12;960.82
12/21/2016;919.97;960.87
12/22/2016;910.61;950.99
12/23/2016;909.62;950.28
12/26/2016;910.54;951.22
12/27/2016;912.93;953.42
12/28/2016;919.98;959.18
12/29/2016;927.83;966.12
12/30/2016;931.97;970.11
1/2/2017;931.54;969.38
1/3/2017;938.63;977.18
1/4/2017;941.89;980.41
1/5/2017;952.98;992.63
1/6/2017;952.33;991.67
1/9/2017;949.44;988.16
1/10/2017;957.29;997.28
1/11/2017;958.40;998.87
1/12/2017;969.11;1011.03
1/13/2017;968.39;1010.13
1/16/2017;960.97;1002.11
1/17/2017;967.20;1008.41
1/18/2017;970.46;1011.24
1/19/2017;966.82;1007.57
1/20/2017;965.48;1006.77
1/23/2017;975.06;1017.55
1/24/2017;982.07;1024.57
1/25/2017;985.89;1028.55
1/26/2017;990.82;1033.38
1/27/2017;989.95;1033.01
1/30/2017;986.89;1030.37
1/31/2017;982.72;1025.80
2/1/2017;986.79;1029.44
2/2/2017;989.18;1032.80
2/3/2017;993.14;1036.81
2/6/2017;997.59;1041.64
2/7/2017;994.15;1037.82
2/8/2017;996.17;1040.22
2/9/2017;1000.38;1044.62
2/10/2017;1005.34;1050.05
2/13/2017;1011.06;1055.76
2/14/2017;1009.58;1055.00
2/15/2017;1017.90;1063.39
2/16/2017;1022.05;1067.30
2/17/2017;1014.93;1059.56
2/20/2017;1019.85;1064.57
2/21/2017;1022.07;1067.67
2/22/2017;1027.82;1073.39
2/23/2017;1029.07;1074.77
2/24/2017;1019.78;1065.60
2/27/2017;1016.32;1062.12
2/28/2017;1012.05;1059.41
3/1/2017;1014.32;1061.59
3/2/2017;1012.06;1059.58
3/3/2017;1006.32;1052.88
3/6/2017;1009.95;1056.29
3/7/2017;1012.19;1059.58
3/8/2017;1010.47;1057.74
3/9/2017;997.54;1044.66
3/10/2017;1001.00;1047.21
3/13/2017;1014.36;1061.79
3/14/2017;1015.94;1064.52
3/15/2017;1019.78;1068.58
3/16/2017;1041.05;1090.11
3/17/2017;1043.61;1093.29
3/20/2017;1050.94;1100.59
3/21/2017;1051.73;1101.25
3/22/2017;1045.13;1094.57
3/23/2017;1046.16;1095.47
3/24/2017;1047.46;1096.71
3/27/2017;1043.76;1093.49
3/28/2017;1048.75;1098.78
3/29/2017;1050.42;1100.63
3/30/2017;1047.83;1098.30
3/31/2017;1035.83;1086.40
4/3/2017;1043.16;1094.23
4/4/2017;1043.18;1093.70
4/5/2017;1047.56;1097.60
4/6/2017;1041.15;1090.89
4/7/2017;1039.34;1088.84
4/10/2017;1035.43;1084.71
4/11/2017;1031.58;1079.96
4/12/2017;1035.65;1083.92
4/13/2017;1040.68;1089.89
4/14/2017;1038.05;1087.47
4/17/2017;1040.52;1089.51
4/18/2017;1035.10;1083.89
4/19/2017;1029.94;1078.02
4/20/2017;1035.92;1084.37
4/21/2017;1039.52;1089.11
4/24/2017;1049.87;1100.07
4/25/2017;1062.07;1113.75
4/26/2017;1061.95;1113.38
4/27/2017;1058.85;1110.78
4/28/2017;1057.00;1107.60
5/1/2017;1058.95;1109.62
5/2/2017;1068.06;1120.95
5/3/2017;1065.41;1118.43
5/4/2017;1059.28;1112.60
5/5/2017;1057.34;1110.47
5/8/2017;1064.73;1119.56
5/9/2017;1070.67;1126.00
5/10/2017;1075.52;1129.72
5/11/2017;1081.20;1136.03
5/12/2017;1083.39;1138.38
5/15/2017;1091.89;1147.82
5/16/2017;1097.09;1153.86
5/17/2017;1090.15;1146.25
5/18/2017;1068.26;1124.29
5/19/2017;1076.15;1131.41
5/22/2017;1084.78;1140.57
5/23/2017;1085.66;1140.71
5/24/2017;1086.26;1141.19
5/25/2017;1096.55;1153.17
5/26/2017;1099.20;1155.78
5/29/2017;1097.24;1153.52
5/30/2017;1093.55;1149.29
5/31/2017;1086.58;1143.05
6/1/2017;1089.98;1145.45
6/2/2017;1097.13;1153.30
6/5/2017;1099.84;1156.46
6/6/2017;1098.00;1155.26
6/7/2017;1097.85;1154.62
6/8/2017;1101.43;1159.18
6/9/2017;1100.48;1158.11
6/12/2017;1090.47;1147.62
6/13/2017;1091.40;1148.23
6/14/2017;1095.62;1152.06
6/15/2017;1084.76;1141.22
6/16/2017;1084.20;1140.05
6/19/2017;1094.82;1152.15
6/20/2017;1090.20;1148.38
6/21/2017;1087.82;1146.15
6/22/2017;1090.34;1148.77
6/23/2017;1093.44;1152.25
6/26/2017;1101.48;1161.43
6/27/2017;1098.85;1158.41
6/28/2017;1093.91;1153.06
6/29/2017;1095.98;1154.96
6/30/2017;1092.50;1150.43
7/3/2017;1096.22;1153.61
7/4/2017;1088.09;1145.09
7/5/2017;1091.47;1149.23
7/6/2017;1087.48;1145.27
7/7/2017;1083.51;1141.23
7/10/2017;1090.87;1149.93
7/11/2017;1100.50;1160.65
7/12/2017;1113.14;1173.77
7/13/2017;1124.84;1185.43
7/14/2017;1131.68;1192.78
7/17/2017;1136.54;1197.86
7/18/2017;1138.35;1201.19
7/19/2017;1145.80;1208.67
7/20/2017;1145.03;1207.52
7/21/2017;1145.87;1208.75
7/24/2017;1150.29;1213.67
7/25/2017;1147.50;1210.56
7/26/2017;1148.16;1210.87
7/27/2017;1155.35;1218.82
7/28/2017;1148.89;1210.94
7/31/2017;1152.41;1215.14
8/1/2017;1155.41;1218.89
8/2/2017;1156.45;1219.00
8/3/2017;1150.08;1211.58
8/4/2017;1153.52;1215.89
8/7/2017;1162.28;1225.15
8/8/2017;1165.70;1228.32
8/9/2017;1155.32;1216.84
8/10/2017;1141.58;1201.34
8/11/2017;1127.08;1186.10
8/14/2017;1138.82;1198.17
8/15/2017;1137.58;1197.17
8/16/2017;1145.97;1206.16
8/17/2017;1149.27;1210.20
8/18/2017;1145.18;1205.31
8/21/2017;1149.63;1210.24
8/22/2017;1159.21;1220.61
8/23/2017;1162.54;1224.45
8/24/2017;1169.94;1232.50
8/25/2017;1173.10;1235.10
8/28/2017;1172.78;1234.21
8/29/2017;1168.62;1229.45
8/30/2017;1175.94;1237.95
8/31/2017;1175.61;1237.48
9/1/2017;1179.57;1241.42
9/4/2017;1170.90;1231.30
9/5/2017;1172.62;1233.24
9/6/2017;1170.73;1231.72
9/7/2017;1178.21;1241.07
9/8/2017;1179.37;1242.48
9/11/2017;1188.02;1252.27
9/12/2017;1191.35;1255.56
9/13/2017;1188.32;1252.62
9/14/2017;1188.79;1252.94
9/15/2017;1191.25;1256.42
9/18/2017;1202.87;1269.47
9/19/2017;1199.32;1265.33
9/20/2017;1201.95;1267.64
9/21/2017;1197.76;1263.56
9/22/2017;1191.34;1256.80
9/25/2017;1176.22;1241.24
9/26/2017;1167.41;1231.38
9/27/2017;1165.75;1229.45
9/28/2017;1159.06;1222.22
9/29/2017;1169.15;1232.90
10/2/2017;1170.50;1234.56
10/3/2017;1185.69;1250.17
10/4/2017;1190.90;1255.42
10/5/2017;1191.89;1256.89
10/6/2017;1192.28;1257.33
10/9/2017;1189.36;1254.27
10/10/2017;1202.45;1269.30
10/11/2017;1207.64;1275.43
10/12/2017;1212.27;1279.88
10/13/2017;1216.92;1284.32
10/16/2017;1223.31;1290.76
10/17/2017;1216.65;1283.81
10/18/2017;1217.98;1285.92
10/19/2017;1207.19;1273.63
10/20/2017;1210.19;1276.96
10/23/2017;1206.09;1273.02
10/24/2017;1203.30;1270.29
10/25/2017;1204.14;1270.89
10/26/2017;1197.73;1263.80
10/27/2017;1199.95;1266.45
10/30/2017;1205.70;1272.81
10/31/2017;1209.53;1277.66
11/1/2017;1220.19;1289.65
11/2/2017;1218.43;1287.40
11/3/2017;1217.20;1286.20
11/6/2017;1222.44;1291.50
11/7/2017;1226.25;1295.52
11/8/2017;1226.39;1296.10
11/9/2017;1225.42;1294.86
11/10/2017;1219.70;1288.44
11/13/2017;1214.05;1282.56
11/14/2017;1208.71;1276.80
11/15/2017;1200.93;1269.25
11/16/2017;1216.31;1285.85
11/17/2017;1228.31;1298.19
11/20/2017;1227.93;1297.20
11/21/2017;1244.01;1313.72
11/22/2017;1250.16;1320.64
11/23/2017;1245.55;1316.46
11/24/2017;1247.55;1318.52
11/27/2017;1236.82;1305.93
11/28/2017;1239.16;1307.69
11/29/2017;1233.63;1301.80
11/30/2017;1211.38;1278.56
12/1/2017;1206.13;1273.15
12/4/2017;1212.63;1279.40
12/5/2017;1208.02;1275.74
12/6/2017;1190.20;1258.60
12/7/2017;1189.49;1258.38
12/8/2017;1200.56;1269.67
12/11/2017;1210.49;1279.57
12/12/2017;1202.28;1270.92
12/13/2017;1209.23;1278.84
12/14/2017;1211.85;1281.56
12/15/2017;1208.91;1279.08
12/18/2017;1221.76;1291.53
12/19/2017;1223.71;1292.69
12/20/2017;1224.41;1294.10
12/21/2017;1226.07;1295.91
12/22/2017;1233.32;1303.32
12/25/2017;1233.34;1303.28
12/26/2017;1230.66;1299.42
12/27/2017;1236.89;1306.27
12/28/2017;1246.82;1315.92
12/29/2017;1252.09;1320.93
1/2/2018;1273.19;1346.13
1/3/2018;1279.93;1352.32
1/4/2018;1288.95;1361.35
1/5/2018;1298.08;1372.82
1/8/2018;1304.41;1379.06
1/9/2018;1302.54;1377.18
1/10/2018;1294.32;1368.03
1/11/2018;1293.75;1366.53
1/12/2018;1305.82;1378.37
1/15/2018;1308.49;1381.92
1/16/2018;1316.30;1388.42
1/17/2018;1321.44;1393.58
1/18/2018;1326.73;1399.09
1/19/2018;1332.22;1404.92
1/22/2018;1338.61;1410.18
1/23/2018;1353.61;1427.69
1/24/2018;1360.49;1435.70
1/25/2018;1365.57;1442.40
1/26/2018;1375.97;1455.63
1/29/2018;1370.47;1449.80
1/30/2018;1348.47;1426.48
1/31/2018;1355.99;1435.61
2/1/2018;1349.57;1425.32
2/2/2018;1330.32;1403.02
2/5/2018;1307.08;1377.90
2/6/2018;1271.24;1343.31
2/7/2018;1268.22;1337.42
2/8/2018;1257.09;1324.51
2/9/2018;1235.22;1302.63
2/12/2018;1246.60;1315.07
2/13/2018;1258.61;1327.74
2/14/2018;1281.14;1353.84
2/15/2018;1299.83;1372.26
2/16/2018;1296.70;1368.13
2/19/2018;1298.11;1369.97
2/20/2018;1291.08;1363.73
2/21/2018;1307.44;1380.41
2/22/2018;1297.97;1370.61
2/23/2018;1314.74;1389.62
2/26/2018;1319.77;1394.92
2/27/2018;1310.32;1383.57
2/28/2018;1291.80;1364.33
3/1/2018;1288.62;1360.55
3/2/2018;1277.60;1348.27
3/5/2018;1271.18;1342.05
3/6/2018;1290.44;1363.61
3/7/2018;1285.32;1360.52
3/8/2018;1291.84;1366.81
3/9/2018;1304.80;1380.40
3/12/2018;1320.99;1397.03
3/13/2018;1322.75;1397.89
3/14/2018;1317.20;1393.87
3/15/2018;1314.54;1392.97
3/16/2018;1311.19;1390.02
3/19/2018;1300.87;1377.16
3/20/2018;1307.68;1384.34
3/21/2018;1307.38;1383.20
3/22/2018;1293.45;1366.50
3/23/2018;1266.83;1337.37
3/26/2018;1277.84;1350.98
3/27/2018;1280.97;1351.59
3/28/2018;1256.64;1326.54
3/29/2018;1263.77;1334.94
3/30/2018;1265.51;1336.73
4/2/2018;1263.96;1333.41
4/3/2018;1264.73;1333.27
4/4/2018;1249.05;1316.35
4/5/2018;1260.77;1328.91
4/6/2018;1255.89;1321.94
4/9/2018;1257.08;1324.49
4/10/2018;1270.32;1339.23
4/11/2018;1270.54;1338.82
4/12/2018;1272.00;1340.52
4/13/2018;1264.66;1332.85
4/16/2018;1257.27;1326.12
4/17/2018;1258.47;1328.83
4/18/2018;1271.21;1342.76
4/19/2018;1279.83;1350.99
4/20/2018;1262.67;1332.77
4/23/2018;1251.88;1321.59
4/24/2018;1247.50;1315.91
4/25/2018;1232.44;1299.74
4/26/2018;1236.84;1305.39
4/27/2018;1249.76;1319.46
4/30/2018;1258.54;1329.35
5/1/2018;1256.43;1328.00
5/2/2018;1244.50;1317.62
5/3/2018;1229.82;1303.81
5/4/2018;1228.00;1303.20
5/7/2018;1231.66;1308.43
5/8/2018;1235.02;1312.52
5/9/2018;1236.20;1313.04
5/10/2018;1250.02;1327.56
5/11/2018;1258.61;1335.44
5/14/2018;1263.37;1340.90
5/15/2018;1243.24;1320.01
5/16/2018;1248.46;1325.04
5/17/2018;1236.54;1312.41
5/18/2018;1229.70;1305.54
5/21/2018;1228.35;1304.57
5/22/2018;1234.36;1309.58
5/23/2018;1224.68;1301.37
5/24/2018;1226.81;1303.23
5/25/2018;1228.49;1305.61
5/28/2018;1228.90;1305.37
5/29/2018;1217.28;1293.34
5/30/2018;1202.69;1278.01
5/31/2018;1211.29;1286.84
6/1/2018;1221.57;1300.17
6/4/2018;1239.43;1319.09
6/5/2018;1236.94;1316.33
6/6/2018;1243.13;1322.26
6/7/2018;1242.61;1321.14
6/8/2018;1227.16;1306.12
6/11/2018;1231.55;1311.40
6/12/2018;1232.84;1313.69
6/13/2018;1227.47;1308.74
6/14/2018;1216.69;1299.04
6/15/2018;1203.78;1284.99
6/18/2018;1195.38;1276.86
6/19/2018;1172.73;1252.83
6/20/2018;1181.62;1263.22
6/21/2018;1167.50;1247.09
6/22/2018;1175.94;1255.05
6/25/2018;1157.63;1232.79
6/26/2018;1154.06;1229.62
6/27/2018;1137.16;1210.83
6/28/2018;1131.31;1206.00
6/29/2018;1155.96;1228.38
7/2/2018;1144.94;1217.46
7/3/2018;1143.19;1215.78
7/4/2018;1141.42;1214.78
7/5/2018;1139.57;1212.73
7/6/2018;1145.64;1220.78
7/9/2018;1162.69;1237.74
7/10/2018;1163.17;1238.21
7/11/2018;1150.77;1223.89
7/12/2018;1156.74;1231.12
7/13/2018;1162.58;1236.90
7/16/2018;1156.75;1230.59
7/17/2018;1157.46;1232.70
7/18/2018;1155.13;1229.76
7/19/2018;1146.38;1219.99
7/20/2018;1156.56;1230.66
7/23/2018;1155.96;1229.75
7/24/2018;1167.70;1241.13
7/25/2018;1176.83;1253.56
7/26/2018;1177.21;1252.77
7/27/2018;1180.65;1253.99
7/30/2018;1178.26;1249.48
7/31/2018;1175.35;1247.12
8/1/2018;1174.72;1245.80
8/2/2018;1153.70;1223.87
8/3/2018;1160.08;1230.18
8/6/2018;1157.56;1228.07
8/7/2018;1167.06;1237.40
8/8/2018;1167.00;1236.78
8/9/2018;1165.85;1235.51
8/10/2018;1148.24;1218.03
8/13/2018;1127.63;1197.01
8/14/2018;1126.82;1194.13
8/15/2018;1106.15;1173.71
8/16/2018;1104.14;1172.18
8/17/2018;1105.62;1174.86
8/20/2018;1117.20;1187.94
8/21/2018;1128.72;1199.16
8/22/2018;1135.53;1206.00
8/23/2018;1132.92;1201.16
8/24/2018;1135.07;1204.06
8/27/2018;1155.55;1226.81
8/28/2018;1157.15;1227.22
8/29/2018;1157.05;1226.67
8/30/2018;1143.35;1211.66
8/31/2018;1141.31;1209.84
9/3/2018;1131.76;1200.65
9/4/2018;1124.24;1191.46
9/5/2018;1104.30;1168.91
9/6/2018;1100.60;1163.81
9/7/2018;1105.67;1169.59
9/10/2018;1092.99;1154.89
9/11/2018;1084.43;1147.19
9/12/2018;1085.75;1150.16
9/13/2018;1099.90;1165.49
9/14/2018;1111.66;1177.93
9/17/2018;1098.58;1162.76
9/18/2018;1102.16;1164.75
9/19/2018;1114.41;1179.25
9/20/2018;1120.74;1187.01
9/21/2018;1136.42;1201.80
9/24/2018;1126.59;1191.55
9/25/2018;1125.98;1191.24
9/26/2018;1130.57;1196.29
9/27/2018;1136.28;1203.12
9/28/2018;1132.61;1198.26
10/1/2018;1130.97;1195.38
10/2/2018;1116.82;1179.76
10/3/2018;1118.69;1182.43
10/4/2018;1092.04;1152.75
10/5/2018;1081.64;1141.98
10/8/2018;1075.96;1136.24
10/9/2018;1074.33;1133.26
10/10/2018;1065.34;1120.95
10/11/2018;1031.82;1087.78
10/12/2018;1059.31;1117.89
10/15/2018;1050.21;1107.72
10/16/2018;1064.24;1123.65
10/17/2018;1063.22;1121.84
10/18/2018;1049.38;1105.27
10/19/2018;1049.99;1105.84
10/22/2018;1062.30;1119.50
10/23/2018;1038.17;1093.96
10/24/2018;1030.08;1082.89
10/25/2018;1025.66;1079.32
10/26/2018;1015.49;1069.04
10/29/2018;1010.35;1061.02
10/30/2018;1011.98;1063.65
10/31/2018;1033.19;1086.14
11/1/2018;1049.96;1106.26
11/2/2018;1077.28;1132.28
11/5/2018;1072.59;1125.94
11/6/2018;1072.47;1127.10
11/7/2018;1078.58;1135.51
11/8/2018;1073.83;1129.02
11/9/2018;1055.07;1106.98
11/12/2018;1044.52;1096.28
11/13/2018;1044.10;1097.36
11/14/2018;1046.39;1101.43
11/15/2018;1060.13;1117.52
11/16/2018;1066.02;1122.31
11/19/2018;1068.19;1121.57
11/20/2018;1051.19;1103.91
11/21/2018;1053.85;1107.33
11/22/2018;1054.88;1108.21
11/23/2018;1047.50;1101.40
11/26/2018;1055.51;1111.97
11/27/2018;1059.39;1116.27
11/28/2018;1071.82;1129.89
11/29/2018;1078.72;1135.62
11/30/2018;1075.12;1133.07
12/3/2018;1099.06;1158.49
12/4/2018;1096.23;1152.41
12/5/2018;1082.89;1139.02
12/6/2018;1058.05;1113.55
12/7/2018;1060.69;1115.23
12/10/2018;1040.61;1094.56
12/11/2018;1042.79;1096.70
12/12/2018;1058.02;1112.43
12/13/2018;1065.17;1119.17
12/14/2018;1050.45;1103.43
12/17/2018;1046.05;1096.99
12/18/2018;1040.82;1090.61
12/19/2018;1045.87;1094.60
12/20/2018;1037.36;1085.71
12/21/2018;1034.71;1082.35
12/24/2018;1029.86;1077.53
12/25/2018;1027.07;1074.67
12/26/2018;1026.95;1075.79
12/27/2018;1029.31;1078.21
12/28/2018;1040.44;1089.83
12/31/2018;1043.84;1092.26
1/2/2019;1033.03;1081.66
1/3/2019;1026.32;1072.92
1/4/2019;1042.96;1092.20
1/7/2019;1057.01;1107.95
1/8/2019;1054.35;1105.47
1/9/2019;1074.78;1128.05
1/10/2019;1079.39;1132.08
1/11/2019;1082.03;1134.62
1/14/2019;1072.94;1124.07
1/15/2019;1086.35;1138.63
1/16/2019;1090.98;1144.33
1/17/2019;1090.54;1144.60
1/18/2019;1100.28;1155.10
1/21/2019;1100.77;1155.39
1/22/2019;1092.32;1145.37
1/23/2019;1093.32;1146.48
1/24/2019;1101.84;1155.70
1/25/2019;1115.78;1171.44
1/28/2019;1111.16;1166.22
1/29/2019;1112.98;1167.68
1/30/2019;1120.42;1178.12
1/31/2019;1134.79;1192.84
2/1/2019;1135.08;1192.15
2/4/2019;1132.75;1189.95
2/5/2019;1136.92;1195.57
2/6/2019;1133.20;1191.37
2/7/2019;1126.19;1182.73
2/8/2019;1119.76;1176.58
2/11/2019;1119.09;1176.63
2/12/2019;1126.37;1184.95
2/13/2019;1126.05;1184.55
2/14/2019;1123.19;1181.75
2/15/2019;1113.94;1171.45
2/18/2019;1120.53;1178.09
2/19/2019;1120.79;1179.49
2/20/2019;1134.13;1193.23
2/21/2019;1135.94;1194.62
2/22/2019;1144.22;1204.17
2/25/2019;1153.93;1215.20
2/26/2019;1151.01;1211.52
2/27/2019;1147.04;1208.48
2/28/2019;1135.90;1196.99
3/1/2019;1136.53;1197.66
3/4/2019;1138.78;1200.40
3/5/2019;1140.40;1202.17
3/6/2019;1141.01;1202.59
3/7/2019;1127.91;1187.90
3/8/2019;1113.39;1172.89
3/11/2019;1125.30;1186.10
3/12/2019;1136.51;1197.77
3/13/2019;1135.37;1197.22
3/14/2019;1132.92;1194.46
3/15/2019;1142.75;1205.12
3/18/2019;1155.69;1218.46
3/19/2019;1157.51;1220.35
3/20/2019;1154.83;1217.46
3/21/2019;1156.14;1218.78
3/22/2019;1145.27;1206.20
3/25/2019;1132.39;1193.68
3/26/2019;1135.35;1196.96
3/27/2019;1128.49;1190.42
3/28/2019;1129.70;1192.23
3/29/2019;1143.65;1206.70
4/1/2019;1156.58;1220.64
4/2/2019;1157.72;1221.70
4/3/2019;1167.07;1231.36
4/4/2019;1168.08;1233.03
4/5/2019;1172.85;1238.31
4/8/2019;1176.48;1241.45
4/9/2019;1181.82;1246.71
4/10/2019;1184.64;1249.37
4/11/2019;1175.39;1240.20
4/12/2019;1177.11;1241.86
4/15/2019;1174.02;1238.60
4/16/2019;1181.94;1247.20
4/17/2019;1185.01;1250.75
4/18/2019;1180.82;1246.08
4/19/2019;1180.83;1246.34
4/22/2019;1177.05;1242.26
4/23/2019;1177.84;1244.38
4/24/2019;1172.17;1238.32
4/25/2019;1163.74;1229.29
4/26/2019;1165.20;1230.50
4/29/2019;1170.44;1236.67
4/30/2019;1166.47;1232.57
5/1/2019;1167.81;1234.33
5/2/2019;1166.16;1233.41
5/3/2019;1170.29;1237.12
5/6/2019;1148.53;1214.81
5/7/2019;1142.49;1207.57
5/8/2019;1135.88;1201.06
5/9/2019;1111.52;1176.08
5/10/2019;1116.97;1181.01
5/13/2019;1098.65;1160.83
5/14/2019;1096.48;1159.93
5/15/2019;1098.09;1162.50
5/16/2019;1092.87;1158.12
5/17/2019;1076.93;1140.70
5/20/2019;1074.42;1137.33
5/21/2019;1079.71;1143.79
5/22/2019;1078.66;1142.75
5/23/2019;1064.41;1127.87
5/24/2019;1066.40;1129.20
5/27/2019;1069.10;1131.82
5/28/2019;1068.02;1131.94
5/29/2019;1065.09;1128.28
5/30/2019;1075.34;1138.87
5/31/2019;1078.66;1141.68
6/3/2019;1089.84;1153.80
6/4/2019;1086.69;1150.87
6/5/2019;1085.88;1149.92
6/6/2019;1083.80;1148.09
6/7/2019;1088.81;1154.03
6/10/2019;1104.64;1170.24
6/11/2019;1115.25;1181.58
6/12/2019;1109.18;1174.94
6/13/2019;1104.69;1170.05
6/14/2019;1097.12;1161.51
6/17/2019;1092.68;1157.98
6/18/2019;1106.67;1172.49
6/19/2019;1122.19;1188.78
6/20/2019;1138.96;1205.88
6/21/2019;1138.35;1204.55
6/24/2019;1138.17;1204.67
6/25/2019;1129.79;1195.76
6/26/2019;1132.61;1199.13
6/27/2019;1140.12;1207.40
6/28/2019;1140.12;1207.09
7/1/2019;1150.09;1219.06
7/2/2019;1149.61;1217.08
7/3/2019;1145.28;1212.13
7/4/2019;1150.68;1218.19
7/5/2019;1145.60;1212.49
7/8/2019;1130.81;1196.73
7/9/2019;1126.73;1193.04
7/10/2019;1133.73;1200.29
7/11/2019;1140.44;1207.02
7/12/2019;1135.85;1203.08
7/15/2019;1143.24;1210.57
7/16/2019;1146.09;1213.25
7/17/2019;1140.16;1206.86
7/18/2019;1136.73;1203.15
7/19/2019;1142.97;1209.87
7/22/2019;1138.99;1205.85
7/23/2019;1140.80;1208.10
7/24/2019;1140.64;1207.97
7/25/2019;1139.50;1206.28
7/26/2019;1133.42;1200.26
7/29/2019;1130.25;1196.22
7/30/2019;1127.46;1193.33
7/31/2019;1120.83;1186.63
8/1/2019;1107.37;1172.33
8/2/2019;1084.89;1147.89
8/5/2019;1051.64;1113.88
8/6/2019;1051.29;1113.18
8/7/2019;1051.27;1113.16
8/8/2019;1063.85;1126.80
8/9/2019;1060.50;1123.33
8/12/2019;1053.24;1117.50
8/13/2019;1047.18;1112.25
8/14/2019;1042.38;1107.88
8/15/2019;1041.40;1106.93
8/16/2019;1048.69;1114.50
8/19/2019;1056.76;1123.72
8/20/2019;1059.33;1125.67
8/21/2019;1062.60;1129.25
8/22/2019;1054.52;1120.08
8/23/2019;1052.36;1116.46
8/26/2019;1038.47;1103.74
8/27/2019;1042.56;1107.59
8/28/2019;1043.37;1108.98
8/29/2019;1048.48;1114.26
8/30/2019;1063.89;1130.19
9/2/2019;1063.28;1130.23
9/3/2019;1051.94;1118.07
9/4/2019;1070.67;1138.51
9/5/2019;1084.08;1153.00
9/6/2019;1089.43;1158.66
9/9/2019;1092.27;1161.87
9/10/2019;1089.61;1158.45
9/11/2019;1099.25;1169.04
9/12/2019;1104.96;1175.16
9/13/2019;1109.59;1179.41
9/16/2019;1110.10;1180.40
9/17/2019;1101.28;1171.63
9/18/2019;1103.92;1174.57
9/19/2019;1098.73;1169.21
9/20/2019;1103.81;1174.86
9/23/2019;1097.29;1167.71
9/24/2019;1093.10;1162.89
9/25/2019;1086.84;1157.38
9/26/2019;1090.87;1161.09
9/27/2019;1082.45;1151.09
9/30/2019;1081.90;1150.83
10/1/2019;1079.19;1148.26
10/2/2019;1069.15;1137.88
10/3/2019;1072.48;1142.01
10/4/2019;1077.13;1147.05
10/7/2019;1074.52;1144.26
10/8/2019;1074.28;1143.78
10/9/2019;1073.27;1143.45
10/10/2019;1077.04;1147.04
10/11/2019;1093.30;1164.66
10/14/2019;1099.69;1171.59
10/15/2019;1101.63;1174.44
10/16/2019;1106.86;1180.16
10/17/2019;1111.51;1185.08
10/18/2019;1106.79;1180.05
10/21/2019;1111.64;1185.51
10/22/2019;1117.66;1190.92
10/23/2019;1114.27;1187.10
10/24/2019;1121.26;1195.02
10/25/2019;1119.56;1193.58
10/28/2019;1127.27;1202.02
10/29/2019;1128.09;1202.18
10/30/2019;1125.68;1199.71
10/31/2019;1126.20;1200.49
11/1/2019;1133.99;1208.75
11/4/2019;1150.59;1227.65
11/5/2019;1157.80;1234.15
11/6/2019;1155.26;1232.10
11/7/2019;1160.35;1237.97
11/8/2019;1150.91;1228.76
11/11/2019;1137.98;1214.91
11/12/2019;1141.17;1218.75
11/13/2019;1128.20;1204.61
11/14/2019;1126.50;1202.85
11/15/2019;1133.56;1211.15
11/18/2019;1137.15;1215.19
11/19/2019;1142.60;1220.21
11/20/2019;1137.03;1213.84
11/21/2019;1129.01;1205.83
11/22/2019;1133.30;1210.64
11/25/2019;1138.62;1217.15
11/26/2019;1132.53;1211.83
11/27/2019;1138.03;1218.37
11/28/2019;1135.29;1216.15
11/29/2019;1124.11;1204.25
12/2/2019;1124.29;1204.79
12/3/2019;1121.23;1201.12
12/4/2019;1120.35;1199.13
12/5/2019;1127.14;1207.06
12/6/2019;1133.74;1215.07
12/9/2019;1136.07;1216.79
12/10/2019;1134.33;1215.00
12/11/2019;1143.76;1224.78
12/12/2019;1157.25;1238.97
12/13/2019;1174.76;1258.18
12/16/2019;1175.89;1259.39
12/17/2019;1191.73;1276.58
12/18/2019;1198.83;1284.05
12/19/2019;1196.07;1281.07
12/20/2019;1197.17;1282.78
12/23/2019;1201.49;1286.97
12/24/2019;1198.71;1283.79
12/25/2019;1198.79;1283.88
12/26/2019;1201.97;1287.50
12/27/2019;1209.09;1295.11
12/30/2019;1208.82;1293.95
12/31/2019;1204.75;1289.43
1/2/2020;1219.18;1305.16
1/3/2020;1214.70;1300.12
1/6/2020;1202.45;1288.62
1/7/2020;1206.03;1292.49
1/8/2020;1201.23;1287.94
1/9/2020;1220.65;1308.88
1/10/2020;1225.26;1314.13
1/13/2020;1236.47;1327.16
1/14/2020;1236.32;1326.35
1/15/2020;1229.96;1318.65
1/16/2020;1232.81;1321.34
1/17/2020;1239.52;1328.23
1/20/2020;1238.28;1326.96
1/21/2020;1217.93;1304.97
1/22/2020;1225.01;1312.00
1/23/2020;1212.90;1298.97
1/24/2020;1209.86;1294.53
1/27/2020;1192.13;1276.22
1/28/2020;1190.77;1275.11
1/29/2020;1186.22;1270.58
1/30/2020;1159.50;1240.82
1/31/2020;1148.21;1228.79
2/3/2020;1146.02;1227.99
2/4/2020;1173.12;1257.17
2/5/2020;1177.46;1260.64
2/6/2020;1191.49;1276.76
2/7/2020;1179.88;1263.26
2/10/2020;1174.78;1257.72
2/11/2020;1188.27;1273.18
2/12/2020;1199.39;1285.38
2/13/2020;1195.47;1281.21
2/14/2020;1195.72;1281.55
2/17/2020;1197.55;1283.51
2/18/2020;1184.22;1268.40
2/19/2020;1192.90;1278.19
2/20/2020;1183.85;1268.05
2/21/2020;1171.85;1253.33
2/24/2020;1140.62;1220.45
2/25/2020;1141.94;1222.03
2/26/2020;1127.64;1207.84
2/27/2020;1113.98;1191.52
2/28/2020;1086.79;1161.45
3/2/2020;1099.23;1176.77
3/3/2020;1110.89;1189.05
3/4/2020;1121.69;1201.34
3/5/2020;1123.35;1203.70
3/6/2020;1093.89;1168.03
3/9/2020;1024.54;1098.28
3/10/2020;1042.51;1116.30
3/11/2020;1023.14;1094.72
3/12/2020;954.51;1021.84
3/13/2020;963.23;1030.95
3/16/2020;900.52;963.83
3/17/2020;893.50;955.21
3/18/2020;851.49;908.05
3/19/2020;828.36;883.87
3/20/2020;868.15;927.43
3/23/2020;819.49;877.45
3/24/2020;866.53;928.56
3/25/2020;904.15;967.66
3/26/2020;920.08;983.98
3/27/2020;910.64;974.44
3/30/2020;899.27;962.64
3/31/2020;917.16;981.72
4/1/2020;894.12;957.35
4/2/2020;906.30;970.43
4/3/2020;898.95;962.80
4/6/2020;922.84;988.81
4/7/2020;949.13;1014.72
4/8/2020;944.48;1009.24
4/9/2020;959.32;1024.62
4/10/2020;959.95;1025.01
4/13/2020;954.52;1020.16
4/14/2020;968.73;1035.28
4/15/2020;959.93;1026.08
4/16/2020;956.38;1023.71
4/17/2020;974.16;1043.02
4/20/2020;972.02;1040.40
4/21/2020;949.22;1015.96
4/22/2020;960.46;1027.77
4/23/2020;963.90;1031.12
4/24/2020;950.49;1018.40
4/27/2020;967.69;1035.81
4/28/2020;975.66;1043.78
4/29/2020;993.99;1063.85
4/30/2020;999.70;1069.50
5/1/2020;990.87;1057.80
5/4/2020;959.75;1027.10
5/5/2020;968.14;1037.12
5/6/2020;971.34;1040.80
5/7/2020;969.38;1039.21
5/8/2020;985.34;1056.73
5/11/2020;989.93;1061.58
5/12/2020;982.80;1053.44
5/13/2020;982.68;1054.54
5/14/2020;973.69;1045.61
5/15/2020;974.00;1046.55
5/18/2020;986.33;1060.89
5/19/2020;1000.00;1075.87
5/20/2020;1006.79;1083.03
5/21/2020;1005.18;1081.49
5/22/2020;978.42;1051.81
5/25/2020;985.07;1059.61
5/26/2020;1001.55;1078.43
5/27/2020;1002.32;1078.99
5/28/2020;1000.13;1076.56
5/29/2020;1005.55;1084.51
6/1/2020;1028.38;1108.70
6/2/2020;1045.68;1127.43
6/3/2020;1067.87;1152.63
6/4/2020;1068.72;1152.90
6/5/2020;1083.69;1170.56
6/8/2020;1088.89;1175.46
6/9/2020;1091.21;1177.92
6/10/2020;1094.35;1182.21
6/11/2020;1073.90;1159.53
6/12/2020;1066.79;1150.98
6/15/2020;1044.43;1127.25
6/16/2020;1069.87;1156.11
6/17/2020;1075.01;1161.21
6/18/2020;1075.61;1161.63
6/19/2020;1082.29;1168.31
6/22/2020;1081.03;1166.98
6/23/2020;1096.63;1184.23
6/24/2020;1092.49;1180.38
6/25/2020;1085.63;1172.29
6/26/2020;1079.63;1166.33
6/29/2020;1074.29;1159.62
6/30/2020;1075.53;1160.52
7/1/2020;1081.99;1167.51
7/2/2020;1106.20;1193.63
7/3/2020;1116.59;1205.03
7/6/2020;1146.21;1236.66
7/7/2020;1137.62;1226.80
7/8/2020;1156.63;1247.99
7/9/2020;1166.96;1258.85
7/10/2020;1155.70;1245.74
7/13/2020;1157.96;1246.24
7/14/2020;1145.16;1232.74
7/15/2020;1152.47;1240.94
7/16/2020;1130.47;1217.72
7/17/2020;1140.34;1228.53
7/20/2020;1150.54;1239.11
7/21/2020;1173.62;1264.14
7/22/2020;1164.89;1254.33
7/23/2020;1164.70;1253.61
7/24/2020;1146.19;1234.88
7/27/2020;1159.88;1250.05
7/28/2020;1169.47;1260.40
7/29/2020;1174.45;1265.53
7/30/2020;1169.52;1260.83
7/31/2020;1166.12;1256.79
8/3/2020;1164.99;1255.89
8/4/2020;1177.65;1270.61
8/5/2020;1192.18;1286.08
8/6/2020;1196.02;1290.61
8/7/2020;1177.36;1269.58
8/10/2020;1174.26;1266.13
8/11/2020;1179.43;1272.69
8/12/2020;1182.40;1276.93
8/13/2020;1184.78;1279.20
8/14/2020;1181.51;1275.46
8/17/2020;1188.87;1282.63
8/18/2020;1194.27;1287.83
8/19/2020;1188.27;1282.10
8/20/2020;1167.87;1259.17
8/21/2020;1180.10;1273.24
8/24/2020;1197.80;1292.95
8/25/2020;1204.82;1301.43
8/26/2020;1209.81;1306.73
8/27/2020;1207.52;1302.99
8/28/2020;1212.25;1307.19
8/31/2020;1190.53;1282.50
9/1/2020;1210.54;1305.06
9/2/2020;1209.34;1303.88
9/3/2020;1198.48;1292.13
9/4/2020;1188.37;1281.20
9/7/2020;1183.03;1275.89
9/8/2020;1175.41;1268.14
9/9/2020;1173.50;1265.92
9/10/2020;1173.04;1265.39
9/11/2020;1180.04;1272.65
9/14/2020;1193.52;1287.36
9/15/2020;1202.55;1297.94
9/16/2020;1207.28;1302.80
9/17/2020;1196.28;1291.23
9/18/2020;1198.13;1293.05
9/21/2020;1178.48;1273.71
9/22/2020;1170.39;1265.26
9/23/2020;1164.80;1258.70
9/24/2020;1143.24;1234.91
9/25/2020;1144.70;1237.70
9/28/2020;1156.35;1249.69
9/29/2020;1155.17;1247.76
9/30/2020;1169.45;1262.86
10/1/2020;1172.52;1266.35
10/2/2020;1169.14;1261.38
10/5/2020;1179.59;1273.37
10/6/2020;1191.58;1286.05
10/7/2020;1197.45;1292.77
10/8/2020;1207.75;1303.86
10/9/2020;1213.23;1310.86
10/12/2020;1229.08;1327.98
10/13/2020;1228.27;1327.00
10/14/2020;1227.34;1325.08
10/15/2020;1211.11;1307.29
10/16/2020;1214.94;1311.42
10/19/2020;1218.39;1315.73
10/20/2020;1225.59;1324.21
10/21/2020;1229.88;1328.02
10/22/2020;1228.40;1326.55
10/23/2020;1228.30;1325.18
10/26/2020;1222.03;1319.98
10/27/2020;1225.65;1324.34
10/28/2020;1211.34;1309.16
10/29/2020;1210.64;1309.20
10/30/2020;1192.65;1289.11
11/2/2020;1204.86;1302.25
11/3/2020;1211.48;1309.50
11/4/2020;1227.02;1326.99
11/5/2020;1260.49;1362.44
11/6/2020;1271.44;1374.01
11/9/2020;1288.75;1392.14
11/10/2020;1275.29;1375.99
11/11/2020;1274.14;1376.25
11/12/2020;1277.64;1379.60
11/13/2020;1284.40;1388.23
11/16/2020;1300.28;1403.66
11/17/2020;1298.54;1403.02
11/18/2020;1305.15;1410.65
11/19/2020;1297.47;1402.47
11/20/2020;1307.00;1412.89
11/23/2020;1319.17;1426.13
11/24/2020;1325.09;1433.10
11/25/2020;1316.76;1424.21
11/26/2020;1328.96;1437.85
11/27/2020;1330.20;1439.59
11/30/2020;1302.47;1408.15
12/1/2020;1322.93;1431.17
12/2/2020;1328.02;1437.96
12/3/2020;1339.64;1450.24
12/4/2020;1352.15;1464.65
12/7/2020;1354.70;1467.62
12/8/2020;1355.61;1467.16
12/9/2020;1357.36;1469.64
12/10/2020;1356.47;1468.61
12/11/2020;1359.31;1472.23
12/14/2020;1351.51;1462.53
12/15/2020;1351.26;1460.62
12/16/2020;1365.97;1477.02
12/17/2020;1375.85;1487.36
12/18/2020;1370.88;1481.26
12/21/2020;1358.61;1467.54
12/22/2020;1349.63;1457.56
12/23/2020;1359.78;1467.58
12/24/2020;1354.85;1462.03
12/25/2020;1356.66;1464.49
12/28/2020;1353.55;1460.95
12/29/2020;1369.15;1479.46
12/30/2020;1393.22;1506.78
12/31/2020;1395.63;1508.42
1/4/2021;1409.86;1523.43
1/5/2021;1426.66;1543.89
1/6/2021;1421.64;1538.58
1/7/2021;1429.17;1549.29
1/8/2021;1462.93;1587.79
1/11/2021;1458.68;1582.73
1/12/2021;1462.98;1587.39
1/13/2021;1474.32;1600.33
1/14/2021;1481.55;1609.68
1/15/2021;1467.79;1595.29
1/18/2021;1468.82;1595.71
1/19/2021;1492.95;1621.42
1/20/2021;1514.20;1644.13
1/21/2021;1519.71;1650.39
1/22/2021;1505.43;1633.75
1/25/2021;1524.18;1655.68
1/26/2021;1501.01;1629.55
1/27/2021;1482.26;1610.09
1/28/2021;1459.75;1586.39
1/29/2021;1437.03;1559.52
2/1/2021;1471.10;1598.08
2/2/2021;1492.82;1622.03
2/3/2021;1505.20;1636.98
2/4/2021;1499.77;1631.80
2/5/2021;1508.13;1640.70
2/8/2021;1512.96;1645.19
2/9/2021;1523.03;1655.13
2/10/2021;1537.96;1671.68
2/11/2021;1543.30;1677.23
2/12/2021;1544.36;1678.70
2/15/2021;1553.93;1689.38
2/16/2021;1558.73;1694.51
2/17/2021;1561.72;1699.12
2/18/2021;1540.31;1676.66
2/19/2021;1545.61;1682.43
2/22/2021;1510.63;1644.48
2/23/2021;1511.21;1646.54
2/24/2021;1488.04;1621.32
2/25/2021;1495.66;1630.19
2/26/2021;1447.51;1577.46
3/1/2021;1472.59;1604.89
3/2/2021;1469.54;1601.69
3/3/2021;1489.40;1624.09
3/4/2021;1455.16;1588.42
3/5/2021;1447.57;1583.04
3/8/2021;1413.87;1545.77
3/9/2021;1424.37;1557.31
3/10/2021;1431.98;1563.20
3/11/2021;1467.33;1601.78
3/12/2021;1457.17;1590.63
3/15/2021;1448.57;1580.48
3/16/2021;1458.11;1589.15
3/17/2021;1451.33;1580.24
3/18/2021;1456.23;1585.71
3/19/2021;1444.89;1572.18
3/22/2021;1444.28;1571.21
3/23/2021;1430.76;1557.61
3/24/2021;1403.39;1526.05
3/25/2021;1392.56;1515.32
3/26/2021;1413.15;1536.77
3/29/2021;1416.00;1539.13
3/30/2021;1426.15;1550.03
3/31/2021;1422.83;1546.16
4/1/2021;1443.16;1568.04
4/2/2021;1446.39;1572.23
4/5/2021;1447.00;1572.62
4/6/2021;1455.77;1583.00
4/7/2021;1446.97;1572.32
4/8/2021;1451.93;1577.08
4/9/2021;1437.89;1561.59
4/12/2021;1429.19;1553.52
4/13/2021;1430.95;1555.64
4/14/2021;1444.62;1569.67
4/15/2021;1449.48;1574.97
4/16/2021;1457.70;1584.03
4/19/2021;1457.55;1583.42
4/20/2021;1456.53;1581.30
4/21/2021;1444.92;1568.24
4/22/2021;1449.85;1575.12
4/23/2021;1462.38;1588.97
4/26/2021;1470.61;1598.07
4/27/2021;1472.04;1599.83
4/28/2021;1475.29;1601.84
4/29/2021;1474.83;1600.56
4/30/2021;1456.53;1580.49
5/3/2021;1447.11;1569.76
5/4/2021;1442.89;1565.37
5/5/2021;1440.79;1563.56
5/6/2021;1449.17;1572.33
5/7/2021;1457.57;1581.50
5/10/2021;1455.17;1577.66
5/11/2021;1436.51;1557.40
5/12/2021;1421.56;1540.82
5/13/2021;1397.27;1513.10
5/14/2021;1413.22;1530.57
5/17/2021;1417.45;1534.17
5/18/2021;1440.94;1559.51
5/19/2021;1434.84;1553.31
5/20/2021;1436.75;1555.32
5/21/2021;1437.54;1556.02
5/24/2021;1433.91;1553.27
5/25/2021;1454.24;1573.99
5/26/2021;1461.23;1581.45
5/27/2021;1463.78;1582.22
5/28/2021;1470.77;1591.96
5/31/2021;1487.44;1608.26
6/1/2021;1503.26;1626.14
6/2/2021;1500.69;1624.51
6/3/2021;1495.40;1618.96
6/4/2021;1493.22;1617.12
6/7/2021;1492.18;1615.35
6/8/2021;1488.76;1612.44
6/9/2021;1483.76;1607.02
6/10/2021;1490.30;1613.46
6/11/2021;1493.69;1618.17
6/14/2021;1494.99;1620.26
6/15/2021;1489.67;1613.12
6/16/2021;1480.73;1605.53
6/17/2021;1473.04;1597.54
6/18/2021;1471.27;1594.28
6/21/2021;1459.68;1581.70
6/22/2021;1455.70;1579.10
6/23/2021;1470.46;1594.06
6/24/2021;1477.92;1603.00
6/25/2021;1491.09;1620.51
6/28/2021;1492.51;1618.98
6/29/2021;1488.46;1614.81
6/30/2021;1485.74;1612.06
7/1/2021;1478.81;1602.86
7/2/2021;1464.93;1589.24
7/5/2021;1463.94;1590.21
7/6/2021;1455.42;1578.73
7/7/2021;1449.04;1568.76
7/8/2021;1422.63;1540.56
7/9/2021;1424.72;1544.00
7/12/2021;1434.07;1553.46
7/13/2021;1447.78;1568.33
7/14/2021;1446.29;1565.80
7/15/2021;1457.48;1578.92
7/16/2021;1448.40;1568.04
7/19/2021;1423.69;1541.67
7/20/2021;1417.04;1534.87
7/21/2021;1418.21;1536.20
7/22/2021;1433.58;1553.41
7/23/2021;1417.29;1534.80
7/26/2021;1383.44;1496.37
7/27/2021;1353.66;1467.71
7/28/2021;1370.71;1487.39
7/29/2021;1400.12;1514.77
7/30/2021;1381.08;1496.05
8/2/2021;1397.63;1513.94
8/3/2021;1398.78;1511.82
8/4/2021;1409.39;1524.78
8/5/2021;1405.17;1519.72
8/6/2021;1397.00;1510.73
8/9/2021;1398.81;1513.92
8/10/2021;1405.43;1519.37
8/11/2021;1402.46;1516.78
8/12/2021;1395.25;1508.70
8/13/2021;1384.39;1496.73
8/16/2021;1375.01;1484.93
8/17/2021;1357.28;1465.41
8/18/2021;1363.57;1472.42
8/19/2021;1332.02;1435.81
8/20/2021;1319.45;1422.69
8/23/2021;1337.56;1445.55
8/24/2021;1372.66;1482.51
8/25/2021;1378.38;1488.03
8/26/2021;1368.47;1476.53
8/27/2021;1375.54;1483.89
8/30/2021;1389.28;1498.35
8/31/2021;1414.45;1524.29
9/1/2021;1418.52;1532.61
9/2/2021;1417.95;1529.14
9/3/2021;1422.27;1534.84
9/6/2021;1431.42;1544.12
9/7/2021;1432.79;1547.03
9/8/2021;1419.78;1530.22
9/9/2021;1405.04;1515.75
9/10/2021;1414.74;1524.35
9/13/2021;1406.74;1518.38
9/14/2021;1400.91;1510.45
9/15/2021;1392.84;1502.44
9/16/2021;1379.98;1489.25
9/17/2021;1382.75;1491.59
9/20/2021;1359.93;1466.79
9/21/2021;1363.36;1469.99
9/22/2021;1364.86;1470.61
9/23/2021;1375.37;1483.19
9/24/2021;1367.36;1475.70
9/27/2021;1369.79;1477.55
9/28/2021;1362.80;1470.48
9/29/2021;1352.42;1459.34
9/30/2021;1354.38;1459.18
10/1/2021;1347.36;1451.30
10/4/2021;1336.35;1441.38
10/5/2021;1336.45;1440.92
10/6/2021;1326.32;1429.29
10/7/2021;1354.58;1460.03
10/8/2021;1358.64;1466.81
10/11/2021;1367.95;1478.95
10/12/2021;1354.96;1463.45
10/13/2021;1362.09;1469.98
10/14/2021;1369.05;1477.76
10/15/2021;1387.43;1498.59
10/18/2021;1386.72;1496.33
10/19/2021;1399.20;1508.71
10/20/2021;1406.29;1517.27
10/21/2021;1397.51;1508.32
10/22/2021;1397.66;1508.53
10/25/2021;1402.11;1513.56
10/26/2021;1400.82;1513.06
10/27/2021;1386.58;1496.44
10/28/2021;1379.21;1488.14
10/29/2021;1366.98;1474.20
11/1/2021;1366.74;1473.03
11/2/2021;1366.12;1474.89
11/3/2021;1364.50;1472.66
11/4/2021;1370.97;1481.63
11/5/2021;1366.23;1476.42
11/8/2021;1371.38;1481.36
11/9/2021;1375.84;1486.15
11/10/2021;1377.39;1488.60
11/11/2021;1384.97;1494.34
11/12/2021;1389.38;1500.45
11/15/2021;1390.82;1503.18
11/16/2021;1394.86;1507.58
11/17/2021;1390.88;1503.00
11/18/2021;1376.83;1485.95
11/19/2021;1371.81;1478.60
11/22/2021;1363.52;1472.13
11/23/2021;1356.86;1463.71
11/24/2021;1354.44;1461.20
11/25/2021;1356.10;1464.06
11/26/2021;1321.99;1422.61
11/29/2021;1317.51;1421.12
11/30/2021;1310.41;1411.43
12/1/2021;1325.97;1429.49
12/2/2021;1336.11;1441.25
12/3/2021;1323.62;1428.51
12/6/2021;1312.08;1413.97
12/7/2021;1335.43;1441.30
12/8/2021;1341.32;1446.85
12/9/2021;1348.56;1455.87
12/10/2021;1338.64;1445.25
12/13/2021;1330.07;1436.11
12/14/2021;1320.88;1425.99
12/15/2021;1312.66;1418.90
12/16/2021;1322.81;1429.17
12/17/2021;1314.60;1418.25
12/20/2021;1286.27;1389.26
12/21/2021;1300.95;1405.17
12/22/2021;1307.67;1413.70
12/23/2021;1318.17;1424.34
12/24/2021;1319.20;1425.31
12/27/2021;1320.51;1427.82
12/28/2021;1326.30;1434.48
12/29/2021;1316.37;1423.43
12/30/2021;1321.58;1427.31
12/31/2021;1331.59;1438.87
1/3/2022;1333.20;1442.27
1/4/2022;1334.76;1445.11
1/5/2022;1321.57;1430.13
1/6/2022;1315.44;1424.23
1/7/2022;1325.20;1437.09
1/10/2022;1331.87;1444.50
1/11/2022;1343.51;1456.67
1/12/2022;1369.77;1485.45
1/13/2022;1365.41;1480.54
1/14/2022;1359.10;1473.93
1/17/2022;1355.79;1469.91
1/18/2022;1341.93;1454.01
1/19/2022;1340.04;1451.62
1/20/2022;1357.24;1470.78
1/21/2022;1344.88;1455.91
1/24/2022;1320.94;1429.64
1/25/2022;1308.29;1414.98
1/26/2022;1309.36;1417.27
1/27/2022;1288.41;1394.52
1/28/2022;1287.41;1394.19
1/31/2022;1305.89;1414.01
2/1/2022;1312.13;1420.58
2/2/2022;1311.29;1419.84
2/3/2022;1308.09;1416.32
2/4/2022;1319.80;1430.42
2/7/2022;1317.88;1428.03
2/8/2022;1318.40;1429.87
2/9/2022;1340.00;1453.79
2/10/2022;1352.21;1466.88
2/11/2022;1340.77;1453.75
2/14/2022;1319.06;1431.12
2/15/2022;1328.39;1439.93
2/16/2022;1344.75;1458.80
2/17/2022;1343.38;1456.86
2/18/2022;1331.33;1443.69
2/21/2022;1318.02;1428.69
2/22/2022;1304.16;1413.57
2/23/2022;1304.40;1414.14
2/24/2022;1248.21;1351.92
2/25/2022;1266.72;1373.21
2/28/2022;1265.98;1372.41
3/1/2022;1271.52;1376.93
3/2/2022;1262.84;1368.50
3/3/2022;1267.33;1374.44
3/4/2022;1237.45;1341.18
3/7/2022;1196.80;1296.33
3/8/2022;1184.64;1283.99
3/9/2022;1178.83;1294.59
3/10/2022;1191.87;1308.60
3/11/2022;1173.41;1287.47
3/14/2022;1140.28;1254.92
3/15/2022;1109.76;1223.99
3/16/2022;1168.37;1289.97
3/17/2022;1211.53;1337.26
3/18/2022;1213.75;1314.76
3/21/2022;1205.41;1303.36
3/22/2022;1222.86;1323.26
3/23/2022;1232.92;1333.87
3/24/2022;1228.84;1326.75
3/25/2022;1215.94;1312.93
3/28/2022;1215.73;1312.45
3/29/2022;1228.30;1327.03
3/30/2022;1242.20;1341.87
3/31/2022;1234.07;1334.59
4/1/2022;1238.46;1338.44
4/4/2022;1255.54;1360.27
4/5/2022;1250.25;1355.21
4/6/2022;1234.85;1337.14
4/7/2022;1217.08;1317.78
4/8/2022;1219.09;1320.43
4/11/2022;1201.62;1300.66
4/12/2022;1200.15;1299.13
4/13/2022;1209.79;1309.84
4/14/2022;1207.68;1307.39
4/15/2022;1202.85;1302.26
4/18/2022;1196.13;1293.45
4/19/2022;1184.59;1280.64
4/20/2022;1184.18;1281.68
4/21/2022;1174.78;1272.15
4/22/2022;1162.53;1258.46
4/25/2022;1130.59;1225.33
4/26/2022;1134.21;1230.77
4/27/2022;1128.11;1224.06
4/28/2022;1138.99;1236.46
4/29/2022;1163.17;1264.44
5/2/2022;1159.26;1260.48
5/3/2022;1155.66;1256.20
5/4/2022;1149.82;1248.68
5/5/2022;1144.29;1243.63
5/6/2022;1114.87;1211.53
5/9/2022;1096.70;1192.97
5/10/2022;1088.63;1183.17
5/11/2022;1092.95;1187.98
5/12/2022;1067.66;1159.45
5/13/2022;1085.71;1180.77
5/16/2022;1088.94;1183.45
5/17/2022;1114.14;1210.16
5/18/2022;1116.69;1213.36
5/19/2022;1096.92;1189.80
5/20/2022;1118.99;1214.18
5/23/2022;1118.12;1212.57
5/24/2022;1099.19;1193.46
5/25/2022;1102.00;1196.30
5/26/2022;1105.64;1199.49
5/27/2022;1127.49;1225.46
5/30/2022;1151.18;1250.55
5/31/2022;1164.77;1265.97
6/1/2022;1154.17;1253.50
6/2/2022;1147.23;1246.29
6/3/2022;1146.48;1245.50
6/6/2022;1157.92;1258.26
6/7/2022;1146.78;1246.60
6/8/2022;1160.53;1262.32
6/9/2022;1153.40;1254.82
6/10/2022;1139.88;1239.02
6/13/2022;1098.61;1195.73
6/14/2022;1100.14;1197.83
6/15/2022;1102.55;1199.23
6/16/2022;1089.59;1184.56
6/17/2022;1085.83;1177.72
6/20/2022;1081.28;1175.02
6/21/2022;1099.18;1194.17
6/22/2022;1073.90;1167.34
6/23/2022;1075.79;1169.59
6/24/2022;1092.91;1188.65
6/27/2022;1110.60;1206.56
6/28/2022;1113.33;1209.85
6/29/2022;1095.10;1189.95
6/30/2022;1081.55;1174.94
7/1/2022;1073.08;1166.47
7/4/2022;1073.04;1164.70
7/5/2022;1071.61;1163.89
7/6/2022;1060.31;1150.51
7/7/2022;1074.71;1165.61
7/8/2022;1080.37;1171.83
7/11/2022;1060.45;1151.71
7/12/2022;1045.49;1134.82
7/13/2022;1048.90;1137.92
7/14/2022;1043.49;1131.43
7/15/2022;1039.60;1127.99
7/18/2022;1059.77;1150.71
7/19/2022;1059.15;1150.05
7/20/2022;1066.30;1157.52
7/21/2022;1070.76;1162.30
7/22/2022;1070.42;1162.09
7/25/2022;1066.86;1158.93
7/26/2022;1069.94;1162.54
7/27/2022;1069.90;1163.21
7/28/2022;1078.24;1171.72
7/29/2022;1074.11;1167.76
8/1/2022;1075.46;1169.08
8/2/2022;1063.88;1157.97
8/3/2022;1065.49;1160.60
8/4/2022;1074.98;1170.04
8/5/2022;1083.93;1179.62
8/8/2022;1082.76;1177.35
8/9/2022;1082.65;1177.81
8/10/2022;1077.80;1172.19
8/11/2022;1096.27;1192.41
8/12/2022;1099.01;1195.55
8/15/2022;1097.04;1193.71
8/16/2022;1096.20;1192.36
8/17/2022;1097.68;1194.18
8/18/2022;1091.18;1187.21
8/19/2022;1082.41;1179.16
8/22/2022;1072.07;1167.37
8/23/2022;1069.52;1164.54
8/24/2022;1064.75;1160.17
8/25/2022;1084.54;1181.59
8/26/2022;1087.85;1185.00
8/29/2022;1071.80;1167.02
8/30/2022;1073.00;1169.87
8/31/2022;1074.46;1171.95
9/1/2022;1055.04;1151.64
9/2/2022;1050.58;1146.45
9/5/2022;1046.02;1142.21
9/6/2022;1043.26;1139.41
9/7/2022;1033.82;1128.82
9/8/2022;1034.58;1130.39
9/9/2022;1048.72;1144.58
9/12/2022;1058.18;1153.73
9/13/2022;1059.12;1156.84
9/14/2022;1040.35;1136.25
9/15/2022;1036.05;1131.08
9/16/2022;1020.42;1113.27
9/19/2022;1014.39;1106.38
9/20/2022;1022.64;1116.77
9/21/2022;1007.42;1101.35
9/22/2022;997.18;1089.26
9/23/2022;979.05;1070.27
9/26/2022;960.40;1049.95
9/27/2022;963.98;1053.35
9/28/2022;946.64;1032.87
9/29/2022;943.87;1029.90
9/30/2022;946.57;1034.32
10/3/2022;946.96;1033.39
10/4/2022;965.88;1052.91
10/5/2022;983.03;1072.52
10/6/2022;984.17;1074.62
10/7/2022;970.30;1060.08
10/10/2022;956.32;1045.40
10/11/2022;934.54;1020.81
10/12/2022;935.29;1021.15
10/13/2022;923.60;1007.95
10/14/2022;933.11;1018.21
10/17/2022;935.75;1019.97
10/18/2022;950.13;1036.31
10/19/2022;935.90;1021.69
10/20/2022;934.66;1018.91
10/21/2022;934.96;1018.99
10/24/2022;910.87;995.32
10/25/2022;912.77;995.61
10/26/2022;920.66;1002.95
10/27/2022;928.93;1013.03
10/28/2022;913.93;997.03
10/31/2022;916.72;1001.09
11/1/2022;937.71;1023.45
11/2/2022;943.59;1028.90
11/3/2022;930.49;1015.16
11/4/2022;956.50;1041.35
11/7/2022;969.89;1055.86
11/8/2022;972.76;1058.75
11/9/2022;973.09;1060.99
11/10/2022;961.50;1045.91
11/11/2022;1011.36;1101.01
11/14/2022;1015.74;1105.65
11/15/2022;1038.28;1130.16
11/16/2022;1031.44;1124.02
11/17/2022;1018.52;1109.90
11/18/2022;1019.23;1110.60
11/21/2022;1006.30;1096.28
11/22/2022;1002.37;1092.35
11/23/2022;1007.65;1098.00
11/24/2022;1022.00;1113.83
11/25/2022;1017.06;1108.77
11/28/2022;1006.00;1096.31
11/29/2022;1029.96;1121.59
11/30/2022;1050.87;1143.09
12/1/2022;1057.38;1151.90
12/2/2022;1052.56;1146.48
12/5/2022;1063.81;1158.79
12/6/2022;1051.56;1144.00
12/7/2022;1036.26;1128.02
12/8/2022;1047.55;1139.63
12/9/2022;1057.35;1151.05
12/12/2022;1041.46;1133.71
12/13/2022;1043.27;1135.40
12/14/2022;1052.41;1145.72
12/15/2022;1037.84;1130.13
12/16/2022;1034.68;1126.46
12/19/2022;1035.04;1127.43
12/20/2022;1027.96;1119.20
12/21/2022;1030.01;1120.58
12/22/2022;1041.98;1134.24
12/23/2022;1031.95;1122.35
12/26/2022;1033.79;1124.78
12/27/2022;1036.93;1128.41
12/28/2022;1037.79;1129.20
12/29/2022;1034.83;1124.94
12/30/2022;1033.68;1124.01
1/2/2023;1033.40;1123.73
1/3/2023;1040.38;1130.75
1/4/2023;1052.96;1143.90
1/5/2023;1063.54;1154.20
1/6/2023;1068.59;1159.53
1/9/2023;1095.42;1188.78
1/10/2023;1095.98;1188.89
1/11/2023;1099.04;1192.41
1/12/2023;1100.62;1193.91
1/13/2023;1113.08;1206.73
1/16/2023;1114.23;1208.08
1/17/2023;1110.42;1205.58
1/18/2023;1113.31;1208.49
1/19/2023;1110.99;1206.00
1/20/2023;1120.00;1215.67
1/23/2023;1122.63;1218.14
1/24/2023;1123.19;1218.71
1/25/2023;1125.42;1220.91
1/26/2023;1137.53;1233.45
1/27/2023;1136.15;1232.05
1/30/2023;1128.38;1223.81
1/31/2023;1114.87;1209.50
2/1/2023;1127.08;1221.42
2/2/2023;1130.07;1224.64
2/3/2023;1122.67;1218.12
2/6/2023;1096.48;1190.11
2/7/2023;1097.59;1191.39
2/8/2023;1103.07;1198.12
2/9/2023;1107.32;1202.22
2/10/2023;1095.60;1190.21
2/13/2023;1095.45;1189.28
2/14/2023;1096.49;1191.48
2/15/2023;1086.09;1180.38
2/16/2023;1092.87;1188.69
2/17/2023;1080.20;1175.00
2/20/2023;1086.46;1181.19
2/21/2023;1075.63;1169.69
2/22/2023;1061.44;1153.72
2/23/2023;1067.57;1161.45
2/24/2023;1050.42;1143.25
2/27/2023;1045.42;1137.41
2/28/2023;1041.92;1133.43
3/1/2023;1063.74;1156.61
3/2/2023;1059.27;1151.65
3/3/2023;1067.88;1161.80
3/6/2023;1074.06;1169.49
3/7/2023;1068.26;1164.55
3/8/2023;1057.12;1151.88
3/9/2023;1046.66;1140.85
3/10/2023;1032.49;1123.84
3/13/2023;1039.21;1131.73
3/14/2023;1021.51;1112.87
3/15/2023;1023.40;1115.35
3/16/2023;1017.43;1108.52
3/17/2023;1028.47;1121.80
3/20/2023;1019.19;1109.40
3/21/2023;1029.44;1119.68
3/22/2023;1039.20;1130.42
3/23/2023;1056.81;1148.73
3/24/2023;1050.75;1142.44
3/27/2023;1041.93;1132.68
3/28/2023;1049.15;1139.97
3/29/2023;1059.36;1151.61
3/30/2023;1065.44;1158.30
3/31/2023;1070.33;1164.37
4/3/2023;1069.14;1162.25
4/4/2023;1067.44;1160.74
4/5/2023;1067.70;1162.04
4/6/2023;1064.00;1157.65
4/7/2023;1066.85;1161.02
4/10/2023;1068.59;1163.78
4/11/2023;1076.77;1172.07
4/12/2023;1073.88;1168.43
4/13/2023;1077.62;1171.29
4/14/2023;1081.36;1175.68
4/17/2023;1084.91;1178.13
4/18/2023;1081.41;1174.17
4/19/2023;1070.42;1162.62
4/20/2023;1069.79;1162.10
4/21/2023;1060.01;1151.76
4/24/2023;1056.38;1148.25
4/25/2023;1043.65;1135.10
4/26/2023;1046.08;1137.76
4/27/2023;1050.76;1142.64
4/28/2023;1056.02;1148.18
5/1/2023;1055.69;1148.11
5/2/2023;1052.66;1145.34
5/3/2023;1047.99;1139.53
5/4/2023;1055.28;1148.09
5/5/2023;1061.01;1153.07
5/8/2023;1069.41;1161.96
5/9/2023;1061.64;1153.70
5/10/2023;1058.82;1151.20
5/11/2023;1056.86;1149.32
5/12/2023;1051.64;1144.42
5/15/2023;1056.49;1149.90
5/16/2023;1058.39;1152.11
5/17/2023;1054.71;1148.45
5/18/2023;1057.22;1152.06
5/19/2023;1056.23;1151.02
5/22/2023;1062.74;1158.41
5/23/2023;1057.70;1153.60
5/24/2023;1049.38;1144.67
5/25/2023;1041.93;1136.98
5/26/2023;1051.49;1147.70
5/29/2023;1050.29;1147.10
5/30/2023;1048.75;1146.08
5/31/2023;1036.00;1133.47
6/1/2023;1039.54;1137.13
6/2/2023;1063.92;1163.05
6/5/2023;1066.43;1165.39
6/6/2023;1068.39;1167.73
6/7/2023;1075.87;1176.04
6/8/2023;1074.42;1174.14
6/9/2023;1083.34;1184.00
6/12/2023;1084.22;1185.11
6/13/2023;1095.15;1196.97
6/14/2023;1096.94;1198.22
6/15/2023;1106.32;1207.75
6/16/2023;1113.28;1215.83
6/19/2023;1106.14;1208.24
6/20/2023;1095.13;1196.61
6/21/2023;1085.44;1187.04
6/22/2023;1082.05;1184.25
6/23/2023;1072.09;1173.67
6/26/2023;1069.23;1169.96
6/27/2023;1075.44;1177.00
6/28/2023;1072.24;1174.11
6/29/2023;1066.85;1168.09
6/30/2023;1069.45;1170.57
7/3/2023;1086.35;1189.54
7/4/2023;1089.53;1192.38
7/5/2023;1082.04;1184.35
7/6/2023;1064.28;1165.44
7/7/2023;1059.92;1160.10
7/10/2023;1061.24;1161.66
7/11/2023;1075.31;1177.12
7/12/2023;1086.83;1188.37
7/13/2023;1103.02;1206.27
7/14/2023;1111.62;1216.56
7/17/2023;1110.84;1216.22
7/18/2023;1104.73;1209.17
7/19/2023;1102.00;1206.64
7/20/2023;1100.34;1202.74
7/21/2023;1096.59;1198.52
7/24/2023;1095.36;1197.24
7/25/2023;1115.69;1220.29
7/26/2023;1115.28;1218.87
7/27/2023;1118.82;1222.08
7/28/2023;1127.52;1230.30
7/31/2023;1131.53;1235.12
8/1/2023;1127.40;1232.11
8/2/2023;1102.44;1204.83
8/3/2023;1097.91;1199.51
8/4/2023;1100.30;1202.36
8/7/2023;1098.46;1201.14
8/8/2023;1084.84;1187.33
8/9/2023;1089.93;1192.50
8/10/2023;1089.84;1191.84
8/11/2023;1078.36;1179.53
8/14/2023;1066.00;1165.89
8/15/2023;1061.15;1161.12
8/16/2023;1054.63;1153.86
8/17/2023;1052.58;1151.70
8/18/2023;1042.39;1140.78
8/21/2023;1037.37;1135.56
8/22/2023;1044.82;1144.45
8/23/2023;1048.62;1148.22
8/24/2023;1061.71;1162.76
8/25/2023;1049.53;1149.14
8/28/2023;1057.15;1157.28
8/29/2023;1067.41;1168.52
8/30/2023;1068.18;1168.95
8/31/2023;1059.56;1160.90
9/1/2023;1065.35;1167.66
9/4/2023;1075.96;1180.47
9/5/2023;1065.53;1169.48
9/6/2023;1060.75;1165.01
9/7/2023;1052.28;1156.11
9/8/2023;1052.57;1156.69
9/11/2023;1056.51;1160.59
9/12/2023;1054.58;1158.74
9/13/2023;1053.33;1157.58
9/14/2023;1061.49;1166.66
9/15/2023;1064.61;1170.44
9/18/2023;1055.07;1159.16
9/19/2023;1053.26;1157.93
9/20/2023;1049.34;1153.17
9/21/2023;1033.54;1136.20
9/22/2023;1042.17;1144.96
9/25/2023;1034.79;1137.02
9/26/2023;1023.74;1125.00
9/27/2023;1024.90;1126.27
9/28/2023;1020.38;1121.17
9/29/2023;1029.79;1131.01
10/2/2023;1028.40;1130.91
10/3/2023;1015.07;1116.60
10/4/2023;1002.86;1103.25
10/5/2023;1005.42;1106.39
10/6/2023;1013.10;1114.60
10/9/2023;1011.03;1111.90
10/10/2023;1020.89;1122.34
10/11/2023;1034.18;1136.93
10/12/2023;1040.50;1143.86
10/13/2023;1028.20;1129.92
10/16/2023;1022.68;1123.64
10/17/2023;1028.09;1129.42
10/18/2023;1019.35;1120.09
10/19/2023;1006.04;1105.79
10/20/2023;1000.39;1099.95
10/23/2023;991.86;1090.28
10/24/2023;994.97;1093.51
10/25/2023;995.21;1093.46
10/26/2023;984.54;1081.36
10/27/2023;994.13;1092.03
10/30/2023;996.42;1093.68
10/31/2023;989.17;1085.55
11/1/2023;990.01;1086.81
11/2/2023;1005.83;1104.09
11/3/2023;1024.90;1124.18
11/6/2023;1047.22;1149.31
11/7/2023;1038.31;1139.96
11/8/2023;1035.34;1136.13
11/9/2023;1033.54;1134.67
11/10/2023;1024.97;1125.64
11/13/2023;1029.24;1130.41
11/14/2023;1036.65;1137.73
11/15/2023;1063.00;1166.38
11/16/2023;1061.65;1166.07
11/17/2023;1055.45;1158.69
11/20/2023;1065.06;1169.44
11/21/2023;1068.37;1174.09
11/22/2023;1063.11;1168.80
11/23/2023;1067.94;1173.67
11/24/2023;1059.56;1165.02
11/27/2023;1056.55;1161.49
11/28/2023;1065.12;1171.09
11/29/2023;1062.49;1168.70
11/30/2023;1066.88;1173.63
12/1/2023;1061.52;1167.12
12/4/2023;1059.47;1166.59
12/5/2023;1050.60;1158.00
12/6/2023;1053.78;1161.61
12/7/2023;1048.54;1156.15
12/8/2023;1053.81;1162.71
12/11/2023;1051.89;1160.22
12/12/2023;1055.51;1164.46
12/13/2023;1052.15;1160.33
12/14/2023;1072.73;1181.84
12/15/2023;1081.79;1192.16
12/18/2023;1078.57;1188.72
12/19/2023;1079.32;1188.60
12/20/2023;1078.08;1187.24
12/21/2023;1079.01;1188.37
12/22/2023;1072.48;1181.70
12/25/2023;1073.53;1182.76
12/26/2023;1079.24;1188.93
12/27/2023;1091.46;1202.02
12/28/2023;1105.57;1217.25
12/29/2023;1106.49;1219.05
1/2/2024;1098.53;1210.55
1/3/2024;1084.21;1195.71
1/4/2024;1085.43;1197.02
1/5/2024;1083.07;1194.63
1/8/2024;1077.32;1188.55
1/9/2024;1073.26;1184.68
1/10/2024;1068.91;1180.10
1/11/2024;1075.15;1186.59
1/12/2024;1076.83;1188.54
1/15/2024;1075.60;1187.36
1/16/2024;1058.91;1169.76
1/17/2024;1035.85;1143.90
1/18/2024;1039.04;1147.01
1/19/2024;1049.39;1158.49
1/22/2024;1042.08;1151.76
1/23/2024;1048.37;1156.98
1/24/2024;1061.73;1171.31
1/25/2024;1068.18;1178.87
1/26/2024;1064.72;1175.62
1/29/2024;1070.21;1182.74
1/30/2024;1059.84;1172.30
1/31/2024;1054.67;1167.24
2/1/2024;1061.50;1174.73
2/2/2024;1068.08;1183.50
2/5/2024;1062.80;1176.79
2/6/2024;1080.68;1195.59
2/7/2024;1083.58;1198.88
2/8/2024;1078.17;1193.18
2/9/2024;1075.99;1190.95
2/12/2024;1076.57;1191.15
2/13/2024;1077.35;1192.33
2/14/2024;1079.59;1194.61
2/15/2024;1089.15;1205.20
2/16/2024;1098.37;1215.08
2/19/2024;1098.53;1215.45
2/20/2024;1101.35;1218.43
2/21/2024;1103.11;1219.68
2/22/2024;1112.65;1230.61
2/23/2024;1111.42;1229.43
2/26/2024;1106.88;1224.64
2/27/2024;1110.81;1228.37
2/28/2024;1101.06;1217.89
2/29/2024;1103.46;1220.50
3/1/2024;1107.50;1225.18
3/4/2024;1113.67;1232.22
3/5/2024;1104.32;1222.02
3/6/2024;1111.04;1229.15
3/7/2024;1113.54;1232.44
3/8/2024;1120.92;1240.33
3/11/2024;1123.05;1241.88
3/12/2024;1133.87;1253.42
3/13/2024;1131.10;1249.49
3/14/2024;1133.44;1253.34
3/15/2024;1118.37;1236.85
3/18/2024;1121.97;1240.07
3/19/2024;1110.85;1227.82
3/20/2024;1115.54;1232.16
3/21/2024;1133.07;1253.91
3/22/2024;1123.33;1243.15
3/25/2024;1119.87;1239.72
3/26/2024;1124.13;1244.61
3/27/2024;1120.52;1240.52
3/28/2024;1124.48;1245.67
3/29/2024;1127.52;1249.15
4/1/2024;1126.29;1247.64
4/2/2024;1134.79;1257.27
4/3/2024;1127.55;1249.22
4/4/2024;1133.53;1256.37
4/5/2024;1130.23;1253.05
4/8/2024;1133.96;1257.31
4/9/2024;1140.68;1263.54
4/10/2024;1143.39;1267.50
4/11/2024;1140.36;1263.95
4/12/2024;1125.90;1248.61
4/15/2024;1114.05;1236.17
4/16/2024;1091.46;1211.33
4/17/2024;1094.29;1215.02
4/18/2024;1100.92;1222.98
4/19/2024;1085.33;1205.65
4/22/2024;1093.63;1213.27
4/23/2024;1101.73;1221.74
4/24/2024;1118.32;1240.87
4/25/2024;1111.75;1233.09
4/26/2024;1125.71;1247.73
4/29/2024;1136.31;1258.96
4/30/2024;1130.49;1253.76
5/1/2024;1130.02;1253.21
5/2/2024;1137.96;1259.71
5/3/2024;1147.24;1269.39
5/6/2024;1152.95;1276.15
5/7/2024;1154.61;1278.49
5/8/2024;1152.83;1276.26
5/9/2024;1149.48;1270.97
5/10/2024;1158.26;1280.75
5/13/2024;1165.90;1287.88
5/14/2024;1168.33;1291.12
5/15/2024;1172.32;1295.51
5/16/2024;1187.35;1312.35
5/17/2024;1188.68;1313.94
5/20/2024;1190.97;1316.25
5/21/2024;1181.75;1307.06
5/22/2024;1183.81;1309.88
5/23/2024;1179.58;1306.67
5/24/2024;1170.52;1296.04
5/27/2024;1178.45;1305.65
5/28/2024;1175.95;1303.43
5/29/2024;1158.77;1283.95
5/30/2024;1143.60;1265.71
5/31/2024;1133.75;1256.00
6/3/2024;1155.74;1282.66
6/4/2024;1136.99;1259.92
6/5/2024;1148.69;1273.98
6/6/2024;1160.01;1286.29
6/7/2024;1159.88;1287.43
6/10/2024;1156.84;1283.09
6/11/2024;1151.83;1278.42
6/12/2024;1154.91;1280.87
6/13/2024;1162.47;1290.14
6/14/2024;1163.93;1292.24
6/17/2024;1161.02;1289.17
6/18/2024;1169.24;1298.72
6/19/2024;1183.80;1315.78
6/20/2024;1184.32;1316.42
6/21/2024;1174.78;1305.93
6/24/2024;1171.96;1302.32
6/25/2024;1173.04;1304.30
6/26/2024;1174.00;1305.77
6/27/2024;1169.31;1302.47
6/28/2024;1174.05;1307.80
7/1/2024;1175.27;1308.99
7/2/2024;1167.06;1300.04
7/3/2024;1180.67;1314.30
7/4/2024;1193.43;1329.30
7/5/2024;1194.18;1330.13
7/8/2024;1196.80;1332.91
7/9/2024;1201.55;1337.72
7/10/2024;1201.04;1337.28
7/11/2024;1215.78;1352.92
7/12/2024;1214.38;1350.64
7/15/2024;1210.82;1347.62
7/16/2024;1207.69;1344.27
7/17/2024;1201.30;1337.40
7/18/2024;1195.34;1330.66
7/19/2024;1177.68;1310.39
7/22/2024;1173.21;1304.75
7/23/2024;1174.82;1307.38
7/24/2024;1169.93;1301.99
7/25/2024;1160.78;1292.63
7/26/2024;1158.95;1290.04
7/29/2024;1164.34;1296.94
7/30/2024;1158.21;1291.39
7/31/2024;1172.45;1305.95
8/1/2024;1175.72;1310.89
8/2/2024;1147.01;1277.84
8/5/2024;1098.64;1222.02
8/6/2024;1114.18;1238.74
8/7/2024;1135.19;1262.92
8/8/2024;1130.88;1256.55
8/9/2024;1149.38;1278.12
8/12/2024;1155.52;1283.93
8/13/2024;1157.58;1284.34
8/14/2024;1163.58;1292.13
8/15/2024;1162.97;1290.43
8/16/2024;1182.05;1312.66
8/19/2024;1192.73;1323.85
8/20/2024;1193.72;1326.25
8/21/2024;1189.87;1321.50
8/22/2024;1189.97;1321.24
8/23/2024;1189.64;1321.32
8/26/2024;1193.54;1329.76
8/27/2024;1188.66;1324.62
8/28/2024;1185.90;1322.92
8/29/2024;1183.46;1319.04
8/30/2024;1188.83;1324.56
9/2/2024;1184.95;1321.00
9/3/2024;1178.29;1313.30
9/4/2024;1160.36;1293.49
9/5/2024;1163.07;1295.80
9/6/2024;1161.77;1294.67
9/9/2024;1149.39;1280.48
9/10/2024;1148.78;1279.89
9/11/2024;1144.25;1274.08
9/12/2024;1162.56;1294.70
9/13/2024;1169.78;1302.50
9/16/2024;1173.80;1306.62
9/17/2024;1178.66;1311.51
9/18/2024;1175.67;1307.60
9/19/2024;1189.07;1322.44
9/20/2024;1195.87;1328.51
9/23/2024;1200.43;1332.71
9/24/2024;1223.54;1358.48
9/25/2024;1228.68;1364.53
9/26/2024;1257.41;1396.92
9/27/2024;1269.46;1410.48
9/30/2024;1265.49;1406.24
